case_name,expected_output,code_path,raw_path,reference_screenshot,generated_screenshot,render_failed,input_tokens,output_tokens,latency,cost,retries,expt_name,predicted_output_path,error
angular.1,"{'id': '1', 'framework': 'angular', 'reference_html_path': '/Users/goku/Work/Spring_26/IS/secretagent/benchmarks/designbench/data/generation/angular/1/1.html', 'reference_image_path': '/Users/goku/Work/Spring_26/IS/secretagent/benchmarks/designbench/data/generation/angular/1/1.png', 'case_name': 'angular.1'}",/Users/goku/Work/Spring_26/IS/secretagent/benchmarks/designbench/results/20260413.193147.db_angular_default/artifacts/1.html,/Users/goku/Work/Spring_26/IS/secretagent/benchmarks/designbench/results/20260413.193147.db_angular_default/artifacts/1_raw.txt,/Users/goku/Work/Spring_26/IS/secretagent/benchmarks/designbench/data/generation/angular/1/1.png,/Users/goku/Work/Spring_26/IS/secretagent/benchmarks/designbench/results/20260413.193147.db_angular_default/artifacts/1_generated.png,True,3130.0,9033.0,258.26389598846436,0.00166795,0.0,db_angular_default,/Users/goku/Work/Spring_26/IS/secretagent/benchmarks/designbench/results/20260413.193147.db_angular_default/artifacts/1.html,
angular.2,"{'id': '2', 'framework': 'angular', 'reference_html_path': '/Users/goku/Work/Spring_26/IS/secretagent/benchmarks/designbench/data/generation/angular/2/2.html', 'reference_image_path': '/Users/goku/Work/Spring_26/IS/secretagent/benchmarks/designbench/data/generation/angular/2/2.png', 'case_name': 'angular.2'}",/Users/goku/Work/Spring_26/IS/secretagent/benchmarks/designbench/results/20260413.193147.db_angular_default/artifacts/2.html,/Users/goku/Work/Spring_26/IS/secretagent/benchmarks/designbench/results/20260413.193147.db_angular_default/artifacts/2_raw.txt,/Users/goku/Work/Spring_26/IS/secretagent/benchmarks/designbench/data/generation/angular/2/2.png,/Users/goku/Work/Spring_26/IS/secretagent/benchmarks/designbench/results/20260413.193147.db_angular_default/artifacts/2_generated.png,True,1489.0,6653.0,74.94332790374756,0.0011468499999999998,0.0,db_angular_default,/Users/goku/Work/Spring_26/IS/secretagent/benchmarks/designbench/results/20260413.193147.db_angular_default/artifacts/2.html,
angular.3,"{'id': '3', 'framework': 'angular', 'reference_html_path': '/Users/goku/Work/Spring_26/IS/secretagent/benchmarks/designbench/data/generation/angular/3/3.html', 'reference_image_path': '/Users/goku/Work/Spring_26/IS/secretagent/benchmarks/designbench/data/generation/angular/3/3.png', 'case_name': 'angular.3'}",/Users/goku/Work/Spring_26/IS/secretagent/benchmarks/designbench/results/20260413.193147.db_angular_default/artifacts/3.html,/Users/goku/Work/Spring_26/IS/secretagent/benchmarks/designbench/results/20260413.193147.db_angular_default/artifacts/3_raw.txt,/Users/goku/Work/Spring_26/IS/secretagent/benchmarks/designbench/data/generation/angular/3/3.png,/Users/goku/Work/Spring_26/IS/secretagent/benchmarks/designbench/results/20260413.193147.db_angular_default/artifacts/3_generated.png,True,2434.0,5104.0,57.27068638801575,0.001009,0.0,db_angular_default,/Users/goku/Work/Spring_26/IS/secretagent/benchmarks/designbench/results/20260413.193147.db_angular_default/artifacts/3.html,
angular.4,"{'id': '4', 'framework': 'angular', 'reference_html_path': '/Users/goku/Work/Spring_26/IS/secretagent/benchmarks/designbench/data/generation/angular/4/4.html', 'reference_image_path': '/Users/goku/Work/Spring_26/IS/secretagent/benchmarks/designbench/data/generation/angular/4/4.png', 'case_name': 'angular.4'}",/Users/goku/Work/Spring_26/IS/secretagent/benchmarks/designbench/results/20260413.193147.db_angular_default/artifacts/4.html,/Users/goku/Work/Spring_26/IS/secretagent/benchmarks/designbench/results/20260413.193147.db_angular_default/artifacts/4_raw.txt,/Users/goku/Work/Spring_26/IS/secretagent/benchmarks/designbench/data/generation/angular/4/4.png,/Users/goku/Work/Spring_26/IS/secretagent/benchmarks/designbench/results/20260413.193147.db_angular_default/artifacts/4_generated.png,True,2098.0,2777.0,22.38522720336914,0.00062635,0.0,db_angular_default,/Users/goku/Work/Spring_26/IS/secretagent/benchmarks/designbench/results/20260413.193147.db_angular_default/artifacts/4.html,
angular.5,"{'id': '5', 'framework': 'angular', 'reference_html_path': '/Users/goku/Work/Spring_26/IS/secretagent/benchmarks/designbench/data/generation/angular/5/5.html', 'reference_image_path': '/Users/goku/Work/Spring_26/IS/secretagent/benchmarks/designbench/data/generation/angular/5/5.png', 'case_name': 'angular.5'}",/Users/goku/Work/Spring_26/IS/secretagent/benchmarks/designbench/results/20260413.193147.db_angular_default/artifacts/5.html,/Users/goku/Work/Spring_26/IS/secretagent/benchmarks/designbench/results/20260413.193147.db_angular_default/artifacts/5_raw.txt,/Users/goku/Work/Spring_26/IS/secretagent/benchmarks/designbench/data/generation/angular/5/5.png,/Users/goku/Work/Spring_26/IS/secretagent/benchmarks/designbench/results/20260413.193147.db_angular_default/artifacts/5_generated.png,True,2056.0,5194.0,50.587371826171875,0.0009847,0.0,db_angular_default,/Users/goku/Work/Spring_26/IS/secretagent/benchmarks/designbench/results/20260413.193147.db_angular_default/artifacts/5.html,
angular.6,"{'id': '6', 'framework': 'angular', 'reference_html_path': '/Users/goku/Work/Spring_26/IS/secretagent/benchmarks/designbench/data/generation/angular/6/6.html', 'reference_image_path': '/Users/goku/Work/Spring_26/IS/secretagent/benchmarks/designbench/data/generation/angular/6/6.png', 'case_name': 'angular.6'}",/Users/goku/Work/Spring_26/IS/secretagent/benchmarks/designbench/results/20260413.193147.db_angular_default/artifacts/6.html,/Users/goku/Work/Spring_26/IS/secretagent/benchmarks/designbench/results/20260413.193147.db_angular_default/artifacts/6_raw.txt,/Users/goku/Work/Spring_26/IS/secretagent/benchmarks/designbench/data/generation/angular/6/6.png,/Users/goku/Work/Spring_26/IS/secretagent/benchmarks/designbench/results/20260413.193147.db_angular_default/artifacts/6_generated.png,True,2686.0,7043.0,180.2942521572113,0.0013250500000000001,0.0,db_angular_default,/Users/goku/Work/Spring_26/IS/secretagent/benchmarks/designbench/results/20260413.193147.db_angular_default/artifacts/6.html,
angular.7,"{'id': '7', 'framework': 'angular', 'reference_html_path': '/Users/goku/Work/Spring_26/IS/secretagent/benchmarks/designbench/data/generation/angular/7/7.html', 'reference_image_path': '/Users/goku/Work/Spring_26/IS/secretagent/benchmarks/designbench/data/generation/angular/7/7.png', 'case_name': 'angular.7'}",/Users/goku/Work/Spring_26/IS/secretagent/benchmarks/designbench/results/20260413.193147.db_angular_default/artifacts/7.html,/Users/goku/Work/Spring_26/IS/secretagent/benchmarks/designbench/results/20260413.193147.db_angular_default/artifacts/7_raw.txt,/Users/goku/Work/Spring_26/IS/secretagent/benchmarks/designbench/data/generation/angular/7/7.png,/Users/goku/Work/Spring_26/IS/secretagent/benchmarks/designbench/results/20260413.193147.db_angular_default/artifacts/7_generated.png,True,5290.0,7956.0,615.415736913681,0.0017223999999999998,2.0,db_angular_default,/Users/goku/Work/Spring_26/IS/secretagent/benchmarks/designbench/results/20260413.193147.db_angular_default/artifacts/7.html,
angular.8,"{'id': '8', 'framework': 'angular', 'reference_html_path': '/Users/goku/Work/Spring_26/IS/secretagent/benchmarks/designbench/data/generation/angular/8/8.html', 'reference_image_path': '/Users/goku/Work/Spring_26/IS/secretagent/benchmarks/designbench/data/generation/angular/8/8.png', 'case_name': 'angular.8'}",/Users/goku/Work/Spring_26/IS/secretagent/benchmarks/designbench/results/20260413.193147.db_angular_default/artifacts/8.html,/Users/goku/Work/Spring_26/IS/secretagent/benchmarks/designbench/results/20260413.193147.db_angular_default/artifacts/8_raw.txt,/Users/goku/Work/Spring_26/IS/secretagent/benchmarks/designbench/data/generation/angular/8/8.png,/Users/goku/Work/Spring_26/IS/secretagent/benchmarks/designbench/results/20260413.193147.db_angular_default/artifacts/8_generated.png,True,3946.0,8655.0,264.8085482120514,0.0016928499999999999,0.0,db_angular_default,/Users/goku/Work/Spring_26/IS/secretagent/benchmarks/designbench/results/20260413.193147.db_angular_default/artifacts/8.html,
angular.9,"{'id': '9', 'framework': 'angular', 'reference_html_path': '/Users/goku/Work/Spring_26/IS/secretagent/benchmarks/designbench/data/generation/angular/9/9.html', 'reference_image_path': '/Users/goku/Work/Spring_26/IS/secretagent/benchmarks/designbench/data/generation/angular/9/9.png', 'case_name': 'angular.9'}",/Users/goku/Work/Spring_26/IS/secretagent/benchmarks/designbench/results/20260413.193147.db_angular_default/artifacts/9.html,/Users/goku/Work/Spring_26/IS/secretagent/benchmarks/designbench/results/20260413.193147.db_angular_default/artifacts/9_raw.txt,/Users/goku/Work/Spring_26/IS/secretagent/benchmarks/designbench/data/generation/angular/9/9.png,/Users/goku/Work/Spring_26/IS/secretagent/benchmarks/designbench/results/20260413.193147.db_angular_default/artifacts/9_generated.png,True,2896.0,5862.0,84.78071308135986,0.0011689,0.0,db_angular_default,/Users/goku/Work/Spring_26/IS/secretagent/benchmarks/designbench/results/20260413.193147.db_angular_default/artifacts/9.html,
angular.10,"{'id': '10', 'framework': 'angular', 'reference_html_path': '/Users/goku/Work/Spring_26/IS/secretagent/benchmarks/designbench/data/generation/angular/10/10.html', 'reference_image_path': '/Users/goku/Work/Spring_26/IS/secretagent/benchmarks/designbench/data/generation/angular/10/10.png', 'case_name': 'angular.10'}",/Users/goku/Work/Spring_26/IS/secretagent/benchmarks/designbench/results/20260413.193147.db_angular_default/artifacts/10.html,/Users/goku/Work/Spring_26/IS/secretagent/benchmarks/designbench/results/20260413.193147.db_angular_default/artifacts/10_raw.txt,/Users/goku/Work/Spring_26/IS/secretagent/benchmarks/designbench/data/generation/angular/10/10.png,/Users/goku/Work/Spring_26/IS/secretagent/benchmarks/designbench/results/20260413.193147.db_angular_default/artifacts/10_generated.png,True,9154.0,10945.0,2031.1410386562347,0.0025571500000000002,4.0,db_angular_default,/Users/goku/Work/Spring_26/IS/secretagent/benchmarks/designbench/results/20260413.193147.db_angular_default/artifacts/10.html,
angular.11,"{'id': '11', 'framework': 'angular', 'reference_html_path': '/Users/goku/Work/Spring_26/IS/secretagent/benchmarks/designbench/data/generation/angular/11/11.html', 'reference_image_path': '/Users/goku/Work/Spring_26/IS/secretagent/benchmarks/designbench/data/generation/angular/11/11.png', 'case_name': 'angular.11'}",/Users/goku/Work/Spring_26/IS/secretagent/benchmarks/designbench/results/20260413.193147.db_angular_default/artifacts/11.html,/Users/goku/Work/Spring_26/IS/secretagent/benchmarks/designbench/results/20260413.193147.db_angular_default/artifacts/11_raw.txt,,,,,,,,,db_angular_default,/Users/goku/Work/Spring_26/IS/secretagent/benchmarks/designbench/results/20260413.193147.db_angular_default/artifacts/11.html,**exception raised**: VLM request failed after 5 attempts: APITimeoutError: Request timed out.
angular.12,"{'id': '12', 'framework': 'angular', 'reference_html_path': '/Users/goku/Work/Spring_26/IS/secretagent/benchmarks/designbench/data/generation/angular/12/12.html', 'reference_image_path': '/Users/goku/Work/Spring_26/IS/secretagent/benchmarks/designbench/data/generation/angular/12/12.png', 'case_name': 'angular.12'}",/Users/goku/Work/Spring_26/IS/secretagent/benchmarks/designbench/results/20260413.193147.db_angular_default/artifacts/12.html,/Users/goku/Work/Spring_26/IS/secretagent/benchmarks/designbench/results/20260413.193147.db_angular_default/artifacts/12_raw.txt,,,,,,,,,db_angular_default,/Users/goku/Work/Spring_26/IS/secretagent/benchmarks/designbench/results/20260413.193147.db_angular_default/artifacts/12.html,**exception raised**: VLM request failed after 5 attempts: APITimeoutError: Request timed out.
angular.13,"{'id': '13', 'framework': 'angular', 'reference_html_path': '/Users/goku/Work/Spring_26/IS/secretagent/benchmarks/designbench/data/generation/angular/13/13.html', 'reference_image_path': '/Users/goku/Work/Spring_26/IS/secretagent/benchmarks/designbench/data/generation/angular/13/13.png', 'case_name': 'angular.13'}",/Users/goku/Work/Spring_26/IS/secretagent/benchmarks/designbench/results/20260413.193147.db_angular_default/artifacts/13.html,/Users/goku/Work/Spring_26/IS/secretagent/benchmarks/designbench/results/20260413.193147.db_angular_default/artifacts/13_raw.txt,/Users/goku/Work/Spring_26/IS/secretagent/benchmarks/designbench/data/generation/angular/13/13.png,/Users/goku/Work/Spring_26/IS/secretagent/benchmarks/designbench/results/20260413.193147.db_angular_default/artifacts/13_generated.png,True,1489.0,2311.0,43.339102268218994,0.00049555,0.0,db_angular_default,/Users/goku/Work/Spring_26/IS/secretagent/benchmarks/designbench/results/20260413.193147.db_angular_default/artifacts/13.html,
angular.14,"{'id': '14', 'framework': 'angular', 'reference_html_path': '/Users/goku/Work/Spring_26/IS/secretagent/benchmarks/designbench/data/generation/angular/14/14.html', 'reference_image_path': '/Users/goku/Work/Spring_26/IS/secretagent/benchmarks/designbench/data/generation/angular/14/14.png', 'case_name': 'angular.14'}",/Users/goku/Work/Spring_26/IS/secretagent/benchmarks/designbench/results/20260413.193147.db_angular_default/artifacts/14.html,/Users/goku/Work/Spring_26/IS/secretagent/benchmarks/designbench/results/20260413.193147.db_angular_default/artifacts/14_raw.txt,/Users/goku/Work/Spring_26/IS/secretagent/benchmarks/designbench/data/generation/angular/14/14.png,/Users/goku/Work/Spring_26/IS/secretagent/benchmarks/designbench/results/20260413.193147.db_angular_default/artifacts/14_generated.png,True,2182.0,3581.0,78.03026509284973,0.00075535,0.0,db_angular_default,/Users/goku/Work/Spring_26/IS/secretagent/benchmarks/designbench/results/20260413.193147.db_angular_default/artifacts/14.html,
angular.15,"{'id': '15', 'framework': 'angular', 'reference_html_path': '/Users/goku/Work/Spring_26/IS/secretagent/benchmarks/designbench/data/generation/angular/15/15.html', 'reference_image_path': '/Users/goku/Work/Spring_26/IS/secretagent/benchmarks/designbench/data/generation/angular/15/15.png', 'case_name': 'angular.15'}",/Users/goku/Work/Spring_26/IS/secretagent/benchmarks/designbench/results/20260413.193147.db_angular_default/artifacts/15.html,/Users/goku/Work/Spring_26/IS/secretagent/benchmarks/designbench/results/20260413.193147.db_angular_default/artifacts/15_raw.txt,/Users/goku/Work/Spring_26/IS/secretagent/benchmarks/designbench/data/generation/angular/15/15.png,/Users/goku/Work/Spring_26/IS/secretagent/benchmarks/designbench/results/20260413.193147.db_angular_default/artifacts/15_generated.png,True,1636.0,4872.0,452.09084916114807,0.0008944,1.0,db_angular_default,/Users/goku/Work/Spring_26/IS/secretagent/benchmarks/designbench/results/20260413.193147.db_angular_default/artifacts/15.html,
angular.16,"{'id': '16', 'framework': 'angular', 'reference_html_path': '/Users/goku/Work/Spring_26/IS/secretagent/benchmarks/designbench/data/generation/angular/16/16.html', 'reference_image_path': '/Users/goku/Work/Spring_26/IS/secretagent/benchmarks/designbench/data/generation/angular/16/16.png', 'case_name': 'angular.16'}",/Users/goku/Work/Spring_26/IS/secretagent/benchmarks/designbench/results/20260413.193147.db_angular_default/artifacts/16.html,/Users/goku/Work/Spring_26/IS/secretagent/benchmarks/designbench/results/20260413.193147.db_angular_default/artifacts/16_raw.txt,/Users/goku/Work/Spring_26/IS/secretagent/benchmarks/designbench/data/generation/angular/16/16.png,/Users/goku/Work/Spring_26/IS/secretagent/benchmarks/designbench/results/20260413.193147.db_angular_default/artifacts/16_generated.png,True,1489.0,1918.0,34.09310984611511,0.00043660000000000004,0.0,db_angular_default,/Users/goku/Work/Spring_26/IS/secretagent/benchmarks/designbench/results/20260413.193147.db_angular_default/artifacts/16.html,
angular.17,"{'id': '17', 'framework': 'angular', 'reference_html_path': '/Users/goku/Work/Spring_26/IS/secretagent/benchmarks/designbench/data/generation/angular/17/17.html', 'reference_image_path': '/Users/goku/Work/Spring_26/IS/secretagent/benchmarks/designbench/data/generation/angular/17/17.png', 'case_name': 'angular.17'}",/Users/goku/Work/Spring_26/IS/secretagent/benchmarks/designbench/results/20260413.193147.db_angular_default/artifacts/17.html,/Users/goku/Work/Spring_26/IS/secretagent/benchmarks/designbench/results/20260413.193147.db_angular_default/artifacts/17_raw.txt,/Users/goku/Work/Spring_26/IS/secretagent/benchmarks/designbench/data/generation/angular/17/17.png,/Users/goku/Work/Spring_26/IS/secretagent/benchmarks/designbench/results/20260413.193147.db_angular_default/artifacts/17_generated.png,True,6172.0,4401.0,542.4246680736542,0.00127735,1.0,db_angular_default,/Users/goku/Work/Spring_26/IS/secretagent/benchmarks/designbench/results/20260413.193147.db_angular_default/artifacts/17.html,
angular.18,"{'id': '18', 'framework': 'angular', 'reference_html_path': '/Users/goku/Work/Spring_26/IS/secretagent/benchmarks/designbench/data/generation/angular/18/18.html', 'reference_image_path': '/Users/goku/Work/Spring_26/IS/secretagent/benchmarks/designbench/data/generation/angular/18/18.png', 'case_name': 'angular.18'}",/Users/goku/Work/Spring_26/IS/secretagent/benchmarks/designbench/results/20260413.193147.db_angular_default/artifacts/18.html,/Users/goku/Work/Spring_26/IS/secretagent/benchmarks/designbench/results/20260413.193147.db_angular_default/artifacts/18_raw.txt,/Users/goku/Work/Spring_26/IS/secretagent/benchmarks/designbench/data/generation/angular/18/18.png,/Users/goku/Work/Spring_26/IS/secretagent/benchmarks/designbench/results/20260413.193147.db_angular_default/artifacts/18_generated.png,True,2686.0,5068.0,167.2495357990265,0.0010287999999999999,0.0,db_angular_default,/Users/goku/Work/Spring_26/IS/secretagent/benchmarks/designbench/results/20260413.193147.db_angular_default/artifacts/18.html,
angular.19,"{'id': '19', 'framework': 'angular', 'reference_html_path': '/Users/goku/Work/Spring_26/IS/secretagent/benchmarks/designbench/data/generation/angular/19/19.html', 'reference_image_path': '/Users/goku/Work/Spring_26/IS/secretagent/benchmarks/designbench/data/generation/angular/19/19.png', 'case_name': 'angular.19'}",/Users/goku/Work/Spring_26/IS/secretagent/benchmarks/designbench/results/20260413.193147.db_angular_default/artifacts/19.html,/Users/goku/Work/Spring_26/IS/secretagent/benchmarks/designbench/results/20260413.193147.db_angular_default/artifacts/19_raw.txt,/Users/goku/Work/Spring_26/IS/secretagent/benchmarks/designbench/data/generation/angular/19/19.png,/Users/goku/Work/Spring_26/IS/secretagent/benchmarks/designbench/results/20260413.193147.db_angular_default/artifacts/19_generated.png,True,2476.0,4993.0,55.843127727508545,0.00099655,0.0,db_angular_default,/Users/goku/Work/Spring_26/IS/secretagent/benchmarks/designbench/results/20260413.193147.db_angular_default/artifacts/19.html,
angular.20,"{'id': '20', 'framework': 'angular', 'reference_html_path': '/Users/goku/Work/Spring_26/IS/secretagent/benchmarks/designbench/data/generation/angular/20/20.html', 'reference_image_path': '/Users/goku/Work/Spring_26/IS/secretagent/benchmarks/designbench/data/generation/angular/20/20.png', 'case_name': 'angular.20'}",/Users/goku/Work/Spring_26/IS/secretagent/benchmarks/designbench/results/20260413.193147.db_angular_default/artifacts/20.html,/Users/goku/Work/Spring_26/IS/secretagent/benchmarks/designbench/results/20260413.193147.db_angular_default/artifacts/20_raw.txt,/Users/goku/Work/Spring_26/IS/secretagent/benchmarks/designbench/data/generation/angular/20/20.png,/Users/goku/Work/Spring_26/IS/secretagent/benchmarks/designbench/results/20260413.193147.db_angular_default/artifacts/20_generated.png,True,5584.0,7704.0,270.9255368709564,0.001714,0.0,db_angular_default,/Users/goku/Work/Spring_26/IS/secretagent/benchmarks/designbench/results/20260413.193147.db_angular_default/artifacts/20.html,
angular.21,"{'id': '21', 'framework': 'angular', 'reference_html_path': '/Users/goku/Work/Spring_26/IS/secretagent/benchmarks/designbench/data/generation/angular/21/21.html', 'reference_image_path': '/Users/goku/Work/Spring_26/IS/secretagent/benchmarks/designbench/data/generation/angular/21/21.png', 'case_name': 'angular.21'}",/Users/goku/Work/Spring_26/IS/secretagent/benchmarks/designbench/results/20260413.193147.db_angular_default/artifacts/21.html,/Users/goku/Work/Spring_26/IS/secretagent/benchmarks/designbench/results/20260413.193147.db_angular_default/artifacts/21_raw.txt,/Users/goku/Work/Spring_26/IS/secretagent/benchmarks/designbench/data/generation/angular/21/21.png,/Users/goku/Work/Spring_26/IS/secretagent/benchmarks/designbench/results/20260413.193147.db_angular_default/artifacts/21_generated.png,True,4786.0,374.0,471.2612271308899,0.0005347,1.0,db_angular_default,/Users/goku/Work/Spring_26/IS/secretagent/benchmarks/designbench/results/20260413.193147.db_angular_default/artifacts/21.html,
angular.22,"{'id': '22', 'framework': 'angular', 'reference_html_path': '/Users/goku/Work/Spring_26/IS/secretagent/benchmarks/designbench/data/generation/angular/22/22.html', 'reference_image_path': '/Users/goku/Work/Spring_26/IS/secretagent/benchmarks/designbench/data/generation/angular/22/22.png', 'case_name': 'angular.22'}",/Users/goku/Work/Spring_26/IS/secretagent/benchmarks/designbench/results/20260413.193147.db_angular_default/artifacts/22.html,/Users/goku/Work/Spring_26/IS/secretagent/benchmarks/designbench/results/20260413.193147.db_angular_default/artifacts/22_raw.txt,,,,,,,,,db_angular_default,/Users/goku/Work/Spring_26/IS/secretagent/benchmarks/designbench/results/20260413.193147.db_angular_default/artifacts/22.html,**exception raised**: VLM request failed after 5 attempts: APITimeoutError: Request timed out.
angular.23,"{'id': '23', 'framework': 'angular', 'reference_html_path': '/Users/goku/Work/Spring_26/IS/secretagent/benchmarks/designbench/data/generation/angular/23/23.html', 'reference_image_path': '/Users/goku/Work/Spring_26/IS/secretagent/benchmarks/designbench/data/generation/angular/23/23.png', 'case_name': 'angular.23'}",/Users/goku/Work/Spring_26/IS/secretagent/benchmarks/designbench/results/20260413.193147.db_angular_default/artifacts/23.html,/Users/goku/Work/Spring_26/IS/secretagent/benchmarks/designbench/results/20260413.193147.db_angular_default/artifacts/23_raw.txt,/Users/goku/Work/Spring_26/IS/secretagent/benchmarks/designbench/data/generation/angular/23/23.png,/Users/goku/Work/Spring_26/IS/secretagent/benchmarks/designbench/results/20260413.193147.db_angular_default/artifacts/23_generated.png,True,2476.0,5692.0,89.76160407066345,0.0011014,0.0,db_angular_default,/Users/goku/Work/Spring_26/IS/secretagent/benchmarks/designbench/results/20260413.193147.db_angular_default/artifacts/23.html,
angular.24,"{'id': '24', 'framework': 'angular', 'reference_html_path': '/Users/goku/Work/Spring_26/IS/secretagent/benchmarks/designbench/data/generation/angular/24/24.html', 'reference_image_path': '/Users/goku/Work/Spring_26/IS/secretagent/benchmarks/designbench/data/generation/angular/24/24.png', 'case_name': 'angular.24'}",/Users/goku/Work/Spring_26/IS/secretagent/benchmarks/designbench/results/20260413.193147.db_angular_default/artifacts/24.html,/Users/goku/Work/Spring_26/IS/secretagent/benchmarks/designbench/results/20260413.193147.db_angular_default/artifacts/24_raw.txt,/Users/goku/Work/Spring_26/IS/secretagent/benchmarks/designbench/data/generation/angular/24/24.png,/Users/goku/Work/Spring_26/IS/secretagent/benchmarks/designbench/results/20260413.193147.db_angular_default/artifacts/24_generated.png,True,1489.0,5007.0,84.3265769481659,0.00089995,0.0,db_angular_default,/Users/goku/Work/Spring_26/IS/secretagent/benchmarks/designbench/results/20260413.193147.db_angular_default/artifacts/24.html,
angular.25,"{'id': '25', 'framework': 'angular', 'reference_html_path': '/Users/goku/Work/Spring_26/IS/secretagent/benchmarks/designbench/data/generation/angular/25/25.html', 'reference_image_path': '/Users/goku/Work/Spring_26/IS/secretagent/benchmarks/designbench/data/generation/angular/25/25.png', 'case_name': 'angular.25'}",/Users/goku/Work/Spring_26/IS/secretagent/benchmarks/designbench/results/20260413.193147.db_angular_default/artifacts/25.html,/Users/goku/Work/Spring_26/IS/secretagent/benchmarks/designbench/results/20260413.193147.db_angular_default/artifacts/25_raw.txt,,,,,,,,,db_angular_default,/Users/goku/Work/Spring_26/IS/secretagent/benchmarks/designbench/results/20260413.193147.db_angular_default/artifacts/25.html,**exception raised**: VLM request failed after 5 attempts: APITimeoutError: Request timed out.
angular.26,"{'id': '26', 'framework': 'angular', 'reference_html_path': '/Users/goku/Work/Spring_26/IS/secretagent/benchmarks/designbench/data/generation/angular/26/26.html', 'reference_image_path': '/Users/goku/Work/Spring_26/IS/secretagent/benchmarks/designbench/data/generation/angular/26/26.png', 'case_name': 'angular.26'}",/Users/goku/Work/Spring_26/IS/secretagent/benchmarks/designbench/results/20260413.193147.db_angular_default/artifacts/26.html,/Users/goku/Work/Spring_26/IS/secretagent/benchmarks/designbench/results/20260413.193147.db_angular_default/artifacts/26_raw.txt,/Users/goku/Work/Spring_26/IS/secretagent/benchmarks/designbench/data/generation/angular/26/26.png,/Users/goku/Work/Spring_26/IS/secretagent/benchmarks/designbench/results/20260413.193147.db_angular_default/artifacts/26_generated.png,True,1552.0,3691.0,52.40149474143982,0.00070885,0.0,db_angular_default,/Users/goku/Work/Spring_26/IS/secretagent/benchmarks/designbench/results/20260413.193147.db_angular_default/artifacts/26.html,
angular.27,"{'id': '27', 'framework': 'angular', 'reference_html_path': '/Users/goku/Work/Spring_26/IS/secretagent/benchmarks/designbench/data/generation/angular/27/27.html', 'reference_image_path': '/Users/goku/Work/Spring_26/IS/secretagent/benchmarks/designbench/data/generation/angular/27/27.png', 'case_name': 'angular.27'}",/Users/goku/Work/Spring_26/IS/secretagent/benchmarks/designbench/results/20260413.193147.db_angular_default/artifacts/27.html,/Users/goku/Work/Spring_26/IS/secretagent/benchmarks/designbench/results/20260413.193147.db_angular_default/artifacts/27_raw.txt,/Users/goku/Work/Spring_26/IS/secretagent/benchmarks/designbench/data/generation/angular/27/27.png,/Users/goku/Work/Spring_26/IS/secretagent/benchmarks/designbench/results/20260413.193147.db_angular_default/artifacts/27_generated.png,True,3190.0,4563.0,82.06693601608276,0.00100345,0.0,db_angular_default,/Users/goku/Work/Spring_26/IS/secretagent/benchmarks/designbench/results/20260413.193147.db_angular_default/artifacts/27.html,
angular.28,"{'id': '28', 'framework': 'angular', 'reference_html_path': '/Users/goku/Work/Spring_26/IS/secretagent/benchmarks/designbench/data/generation/angular/28/28.html', 'reference_image_path': '/Users/goku/Work/Spring_26/IS/secretagent/benchmarks/designbench/data/generation/angular/28/28.png', 'case_name': 'angular.28'}",/Users/goku/Work/Spring_26/IS/secretagent/benchmarks/designbench/results/20260413.193147.db_angular_default/artifacts/28.html,/Users/goku/Work/Spring_26/IS/secretagent/benchmarks/designbench/results/20260413.193147.db_angular_default/artifacts/28_raw.txt,/Users/goku/Work/Spring_26/IS/secretagent/benchmarks/designbench/data/generation/angular/28/28.png,/Users/goku/Work/Spring_26/IS/secretagent/benchmarks/designbench/results/20260413.193147.db_angular_default/artifacts/28_generated.png,True,3568.0,3878.0,245.12775707244873,0.0009385,0.0,db_angular_default,/Users/goku/Work/Spring_26/IS/secretagent/benchmarks/designbench/results/20260413.193147.db_angular_default/artifacts/28.html,
angular.29,"{'id': '29', 'framework': 'angular', 'reference_html_path': '/Users/goku/Work/Spring_26/IS/secretagent/benchmarks/designbench/data/generation/angular/29/29.html', 'reference_image_path': '/Users/goku/Work/Spring_26/IS/secretagent/benchmarks/designbench/data/generation/angular/29/29.png', 'case_name': 'angular.29'}",/Users/goku/Work/Spring_26/IS/secretagent/benchmarks/designbench/results/20260413.193147.db_angular_default/artifacts/29.html,/Users/goku/Work/Spring_26/IS/secretagent/benchmarks/designbench/results/20260413.193147.db_angular_default/artifacts/29_raw.txt,/Users/goku/Work/Spring_26/IS/secretagent/benchmarks/designbench/data/generation/angular/29/29.png,/Users/goku/Work/Spring_26/IS/secretagent/benchmarks/designbench/results/20260413.193147.db_angular_default/artifacts/29_generated.png,True,1468.0,2785.0,48.58598208427429,0.0005645499999999999,0.0,db_angular_default,/Users/goku/Work/Spring_26/IS/secretagent/benchmarks/designbench/results/20260413.193147.db_angular_default/artifacts/29.html,
angular.30,"{'id': '30', 'framework': 'angular', 'reference_html_path': '/Users/goku/Work/Spring_26/IS/secretagent/benchmarks/designbench/data/generation/angular/30/30.html', 'reference_image_path': '/Users/goku/Work/Spring_26/IS/secretagent/benchmarks/designbench/data/generation/angular/30/30.png', 'case_name': 'angular.30'}",/Users/goku/Work/Spring_26/IS/secretagent/benchmarks/designbench/results/20260413.193147.db_angular_default/artifacts/30.html,/Users/goku/Work/Spring_26/IS/secretagent/benchmarks/designbench/results/20260413.193147.db_angular_default/artifacts/30_raw.txt,/Users/goku/Work/Spring_26/IS/secretagent/benchmarks/designbench/data/generation/angular/30/30.png,/Users/goku/Work/Spring_26/IS/secretagent/benchmarks/designbench/results/20260413.193147.db_angular_default/artifacts/30_generated.png,True,2350.0,4631.0,263.1122612953186,0.00092965,0.0,db_angular_default,/Users/goku/Work/Spring_26/IS/secretagent/benchmarks/designbench/results/20260413.193147.db_angular_default/artifacts/30.html,
angular.31,"{'id': '31', 'framework': 'angular', 'reference_html_path': '/Users/goku/Work/Spring_26/IS/secretagent/benchmarks/designbench/data/generation/angular/31/31.html', 'reference_image_path': '/Users/goku/Work/Spring_26/IS/secretagent/benchmarks/designbench/data/generation/angular/31/31.png', 'case_name': 'angular.31'}",/Users/goku/Work/Spring_26/IS/secretagent/benchmarks/designbench/results/20260413.193147.db_angular_default/artifacts/31.html,/Users/goku/Work/Spring_26/IS/secretagent/benchmarks/designbench/results/20260413.193147.db_angular_default/artifacts/31_raw.txt,/Users/goku/Work/Spring_26/IS/secretagent/benchmarks/designbench/data/generation/angular/31/31.png,/Users/goku/Work/Spring_26/IS/secretagent/benchmarks/designbench/results/20260413.193147.db_angular_default/artifacts/31_generated.png,True,1489.0,3720.0,64.54552125930786,0.0007069,0.0,db_angular_default,/Users/goku/Work/Spring_26/IS/secretagent/benchmarks/designbench/results/20260413.193147.db_angular_default/artifacts/31.html,
angular.32,"{'id': '32', 'framework': 'angular', 'reference_html_path': '/Users/goku/Work/Spring_26/IS/secretagent/benchmarks/designbench/data/generation/angular/32/32.html', 'reference_image_path': '/Users/goku/Work/Spring_26/IS/secretagent/benchmarks/designbench/data/generation/angular/32/32.png', 'case_name': 'angular.32'}",/Users/goku/Work/Spring_26/IS/secretagent/benchmarks/designbench/results/20260413.193147.db_angular_default/artifacts/32.html,/Users/goku/Work/Spring_26/IS/secretagent/benchmarks/designbench/results/20260413.193147.db_angular_default/artifacts/32_raw.txt,/Users/goku/Work/Spring_26/IS/secretagent/benchmarks/designbench/data/generation/angular/32/32.png,/Users/goku/Work/Spring_26/IS/secretagent/benchmarks/designbench/results/20260413.193147.db_angular_default/artifacts/32_generated.png,True,2686.0,2375.0,775.8796851634979,0.00062485,2.0,db_angular_default,/Users/goku/Work/Spring_26/IS/secretagent/benchmarks/designbench/results/20260413.193147.db_angular_default/artifacts/32.html,
angular.33,"{'id': '33', 'framework': 'angular', 'reference_html_path': '/Users/goku/Work/Spring_26/IS/secretagent/benchmarks/designbench/data/generation/angular/33/33.html', 'reference_image_path': '/Users/goku/Work/Spring_26/IS/secretagent/benchmarks/designbench/data/generation/angular/33/33.png', 'case_name': 'angular.33'}",/Users/goku/Work/Spring_26/IS/secretagent/benchmarks/designbench/results/20260413.193147.db_angular_default/artifacts/33.html,/Users/goku/Work/Spring_26/IS/secretagent/benchmarks/designbench/results/20260413.193147.db_angular_default/artifacts/33_raw.txt,/Users/goku/Work/Spring_26/IS/secretagent/benchmarks/designbench/data/generation/angular/33/33.png,/Users/goku/Work/Spring_26/IS/secretagent/benchmarks/designbench/results/20260413.193147.db_angular_default/artifacts/33_generated.png,True,1489.0,3738.0,82.26927185058594,0.0007095999999999999,0.0,db_angular_default,/Users/goku/Work/Spring_26/IS/secretagent/benchmarks/designbench/results/20260413.193147.db_angular_default/artifacts/33.html,
angular.34,"{'id': '34', 'framework': 'angular', 'reference_html_path': '/Users/goku/Work/Spring_26/IS/secretagent/benchmarks/designbench/data/generation/angular/34/34.html', 'reference_image_path': '/Users/goku/Work/Spring_26/IS/secretagent/benchmarks/designbench/data/generation/angular/34/34.png', 'case_name': 'angular.34'}",/Users/goku/Work/Spring_26/IS/secretagent/benchmarks/designbench/results/20260413.193147.db_angular_default/artifacts/34.html,/Users/goku/Work/Spring_26/IS/secretagent/benchmarks/designbench/results/20260413.193147.db_angular_default/artifacts/34_raw.txt,/Users/goku/Work/Spring_26/IS/secretagent/benchmarks/designbench/data/generation/angular/34/34.png,/Users/goku/Work/Spring_26/IS/secretagent/benchmarks/designbench/results/20260413.193147.db_angular_default/artifacts/34_generated.png,True,2036.0,3606.0,146.10849785804749,0.0007445,0.0,db_angular_default,/Users/goku/Work/Spring_26/IS/secretagent/benchmarks/designbench/results/20260413.193147.db_angular_default/artifacts/34.html,
angular.35,"{'id': '35', 'framework': 'angular', 'reference_html_path': '/Users/goku/Work/Spring_26/IS/secretagent/benchmarks/designbench/data/generation/angular/35/35.html', 'reference_image_path': '/Users/goku/Work/Spring_26/IS/secretagent/benchmarks/designbench/data/generation/angular/35/35.png', 'case_name': 'angular.35'}",/Users/goku/Work/Spring_26/IS/secretagent/benchmarks/designbench/results/20260413.193147.db_angular_default/artifacts/35.html,/Users/goku/Work/Spring_26/IS/secretagent/benchmarks/designbench/results/20260413.193147.db_angular_default/artifacts/35_raw.txt,/Users/goku/Work/Spring_26/IS/secretagent/benchmarks/designbench/data/generation/angular/35/35.png,/Users/goku/Work/Spring_26/IS/secretagent/benchmarks/designbench/results/20260413.193147.db_angular_default/artifacts/35_generated.png,True,2038.0,3829.0,59.36215281486511,0.0007781500000000001,0.0,db_angular_default,/Users/goku/Work/Spring_26/IS/secretagent/benchmarks/designbench/results/20260413.193147.db_angular_default/artifacts/35.html,
angular.36,"{'id': '36', 'framework': 'angular', 'reference_html_path': '/Users/goku/Work/Spring_26/IS/secretagent/benchmarks/designbench/data/generation/angular/36/36.html', 'reference_image_path': '/Users/goku/Work/Spring_26/IS/secretagent/benchmarks/designbench/data/generation/angular/36/36.png', 'case_name': 'angular.36'}",/Users/goku/Work/Spring_26/IS/secretagent/benchmarks/designbench/results/20260413.193147.db_angular_default/artifacts/36.html,/Users/goku/Work/Spring_26/IS/secretagent/benchmarks/designbench/results/20260413.193147.db_angular_default/artifacts/36_raw.txt,/Users/goku/Work/Spring_26/IS/secretagent/benchmarks/designbench/data/generation/angular/36/36.png,/Users/goku/Work/Spring_26/IS/secretagent/benchmarks/designbench/results/20260413.193147.db_angular_default/artifacts/36_generated.png,True,1489.0,2561.0,40.06805396080017,0.00053305,0.0,db_angular_default,/Users/goku/Work/Spring_26/IS/secretagent/benchmarks/designbench/results/20260413.193147.db_angular_default/artifacts/36.html,
angular.37,"{'id': '37', 'framework': 'angular', 'reference_html_path': '/Users/goku/Work/Spring_26/IS/secretagent/benchmarks/designbench/data/generation/angular/37/37.html', 'reference_image_path': '/Users/goku/Work/Spring_26/IS/secretagent/benchmarks/designbench/data/generation/angular/37/37.png', 'case_name': 'angular.37'}",/Users/goku/Work/Spring_26/IS/secretagent/benchmarks/designbench/results/20260413.193147.db_angular_default/artifacts/37.html,/Users/goku/Work/Spring_26/IS/secretagent/benchmarks/designbench/results/20260413.193147.db_angular_default/artifacts/37_raw.txt,/Users/goku/Work/Spring_26/IS/secretagent/benchmarks/designbench/data/generation/angular/37/37.png,/Users/goku/Work/Spring_26/IS/secretagent/benchmarks/designbench/results/20260413.193147.db_angular_default/artifacts/37_generated.png,True,1594.0,3296.0,53.145965814590454,0.0006538,0.0,db_angular_default,/Users/goku/Work/Spring_26/IS/secretagent/benchmarks/designbench/results/20260413.193147.db_angular_default/artifacts/37.html,
angular.38,"{'id': '38', 'framework': 'angular', 'reference_html_path': '/Users/goku/Work/Spring_26/IS/secretagent/benchmarks/designbench/data/generation/angular/38/38.html', 'reference_image_path': '/Users/goku/Work/Spring_26/IS/secretagent/benchmarks/designbench/data/generation/angular/38/38.png', 'case_name': 'angular.38'}",/Users/goku/Work/Spring_26/IS/secretagent/benchmarks/designbench/results/20260413.193147.db_angular_default/artifacts/38.html,/Users/goku/Work/Spring_26/IS/secretagent/benchmarks/designbench/results/20260413.193147.db_angular_default/artifacts/38_raw.txt,/Users/goku/Work/Spring_26/IS/secretagent/benchmarks/designbench/data/generation/angular/38/38.png,/Users/goku/Work/Spring_26/IS/secretagent/benchmarks/designbench/results/20260413.193147.db_angular_default/artifacts/38_generated.png,True,1804.0,3149.0,42.99251675605774,0.00065275,0.0,db_angular_default,/Users/goku/Work/Spring_26/IS/secretagent/benchmarks/designbench/results/20260413.193147.db_angular_default/artifacts/38.html,
angular.39,"{'id': '39', 'framework': 'angular', 'reference_html_path': '/Users/goku/Work/Spring_26/IS/secretagent/benchmarks/designbench/data/generation/angular/39/39.html', 'reference_image_path': '/Users/goku/Work/Spring_26/IS/secretagent/benchmarks/designbench/data/generation/angular/39/39.png', 'case_name': 'angular.39'}",/Users/goku/Work/Spring_26/IS/secretagent/benchmarks/designbench/results/20260413.193147.db_angular_default/artifacts/39.html,/Users/goku/Work/Spring_26/IS/secretagent/benchmarks/designbench/results/20260413.193147.db_angular_default/artifacts/39_raw.txt,/Users/goku/Work/Spring_26/IS/secretagent/benchmarks/designbench/data/generation/angular/39/39.png,/Users/goku/Work/Spring_26/IS/secretagent/benchmarks/designbench/results/20260413.193147.db_angular_default/artifacts/39_generated.png,True,1552.0,4745.0,74.60258674621582,0.00086695,0.0,db_angular_default,/Users/goku/Work/Spring_26/IS/secretagent/benchmarks/designbench/results/20260413.193147.db_angular_default/artifacts/39.html,
angular.40,"{'id': '40', 'framework': 'angular', 'reference_html_path': '/Users/goku/Work/Spring_26/IS/secretagent/benchmarks/designbench/data/generation/angular/40/40.html', 'reference_image_path': '/Users/goku/Work/Spring_26/IS/secretagent/benchmarks/designbench/data/generation/angular/40/40.png', 'case_name': 'angular.40'}",/Users/goku/Work/Spring_26/IS/secretagent/benchmarks/designbench/results/20260413.193147.db_angular_default/artifacts/40.html,/Users/goku/Work/Spring_26/IS/secretagent/benchmarks/designbench/results/20260413.193147.db_angular_default/artifacts/40_raw.txt,/Users/goku/Work/Spring_26/IS/secretagent/benchmarks/designbench/data/generation/angular/40/40.png,/Users/goku/Work/Spring_26/IS/secretagent/benchmarks/designbench/results/20260413.193147.db_angular_default/artifacts/40_generated.png,True,7222.0,2766.0,127.31797122955322,0.0011370999999999998,0.0,db_angular_default,/Users/goku/Work/Spring_26/IS/secretagent/benchmarks/designbench/results/20260413.193147.db_angular_default/artifacts/40.html,
angular.41,"{'id': '41', 'framework': 'angular', 'reference_html_path': '/Users/goku/Work/Spring_26/IS/secretagent/benchmarks/designbench/data/generation/angular/41/41.html', 'reference_image_path': '/Users/goku/Work/Spring_26/IS/secretagent/benchmarks/designbench/data/generation/angular/41/41.png', 'case_name': 'angular.41'}",/Users/goku/Work/Spring_26/IS/secretagent/benchmarks/designbench/results/20260413.193147.db_angular_default/artifacts/41.html,/Users/goku/Work/Spring_26/IS/secretagent/benchmarks/designbench/results/20260413.193147.db_angular_default/artifacts/41_raw.txt,/Users/goku/Work/Spring_26/IS/secretagent/benchmarks/designbench/data/generation/angular/41/41.png,/Users/goku/Work/Spring_26/IS/secretagent/benchmarks/designbench/results/20260413.193147.db_angular_default/artifacts/41_generated.png,True,2890.0,6830.0,176.06037592887878,0.0013135,0.0,db_angular_default,/Users/goku/Work/Spring_26/IS/secretagent/benchmarks/designbench/results/20260413.193147.db_angular_default/artifacts/41.html,
angular.42,"{'id': '42', 'framework': 'angular', 'reference_html_path': '/Users/goku/Work/Spring_26/IS/secretagent/benchmarks/designbench/data/generation/angular/42/42.html', 'reference_image_path': '/Users/goku/Work/Spring_26/IS/secretagent/benchmarks/designbench/data/generation/angular/42/42.png', 'case_name': 'angular.42'}",/Users/goku/Work/Spring_26/IS/secretagent/benchmarks/designbench/results/20260413.193147.db_angular_default/artifacts/42.html,/Users/goku/Work/Spring_26/IS/secretagent/benchmarks/designbench/results/20260413.193147.db_angular_default/artifacts/42_raw.txt,/Users/goku/Work/Spring_26/IS/secretagent/benchmarks/designbench/data/generation/angular/42/42.png,/Users/goku/Work/Spring_26/IS/secretagent/benchmarks/designbench/results/20260413.193147.db_angular_default/artifacts/42_generated.png,True,5584.0,5554.0,67.40581893920898,0.0013915,0.0,db_angular_default,/Users/goku/Work/Spring_26/IS/secretagent/benchmarks/designbench/results/20260413.193147.db_angular_default/artifacts/42.html,
angular.43,"{'id': '43', 'framework': 'angular', 'reference_html_path': '/Users/goku/Work/Spring_26/IS/secretagent/benchmarks/designbench/data/generation/angular/43/43.html', 'reference_image_path': '/Users/goku/Work/Spring_26/IS/secretagent/benchmarks/designbench/data/generation/angular/43/43.png', 'case_name': 'angular.43'}",/Users/goku/Work/Spring_26/IS/secretagent/benchmarks/designbench/results/20260413.193147.db_angular_default/artifacts/43.html,/Users/goku/Work/Spring_26/IS/secretagent/benchmarks/designbench/results/20260413.193147.db_angular_default/artifacts/43_raw.txt,/Users/goku/Work/Spring_26/IS/secretagent/benchmarks/designbench/data/generation/angular/43/43.png,/Users/goku/Work/Spring_26/IS/secretagent/benchmarks/designbench/results/20260413.193147.db_angular_default/artifacts/43_generated.png,True,3316.0,2142.0,90.08770298957825,0.0006529000000000001,0.0,db_angular_default,/Users/goku/Work/Spring_26/IS/secretagent/benchmarks/designbench/results/20260413.193147.db_angular_default/artifacts/43.html,
angular.44,"{'id': '44', 'framework': 'angular', 'reference_html_path': '/Users/goku/Work/Spring_26/IS/secretagent/benchmarks/designbench/data/generation/angular/44/44.html', 'reference_image_path': '/Users/goku/Work/Spring_26/IS/secretagent/benchmarks/designbench/data/generation/angular/44/44.png', 'case_name': 'angular.44'}",/Users/goku/Work/Spring_26/IS/secretagent/benchmarks/designbench/results/20260413.193147.db_angular_default/artifacts/44.html,/Users/goku/Work/Spring_26/IS/secretagent/benchmarks/designbench/results/20260413.193147.db_angular_default/artifacts/44_raw.txt,/Users/goku/Work/Spring_26/IS/secretagent/benchmarks/designbench/data/generation/angular/44/44.png,/Users/goku/Work/Spring_26/IS/secretagent/benchmarks/designbench/results/20260413.193147.db_angular_default/artifacts/44_generated.png,True,4660.0,4824.0,160.86752891540527,0.0011895999999999999,0.0,db_angular_default,/Users/goku/Work/Spring_26/IS/secretagent/benchmarks/designbench/results/20260413.193147.db_angular_default/artifacts/44.html,
angular.45,"{'id': '45', 'framework': 'angular', 'reference_html_path': '/Users/goku/Work/Spring_26/IS/secretagent/benchmarks/designbench/data/generation/angular/45/45.html', 'reference_image_path': '/Users/goku/Work/Spring_26/IS/secretagent/benchmarks/designbench/data/generation/angular/45/45.png', 'case_name': 'angular.45'}",/Users/goku/Work/Spring_26/IS/secretagent/benchmarks/designbench/results/20260413.193147.db_angular_default/artifacts/45.html,/Users/goku/Work/Spring_26/IS/secretagent/benchmarks/designbench/results/20260413.193147.db_angular_default/artifacts/45_raw.txt,/Users/goku/Work/Spring_26/IS/secretagent/benchmarks/designbench/data/generation/angular/45/45.png,/Users/goku/Work/Spring_26/IS/secretagent/benchmarks/designbench/results/20260413.193147.db_angular_default/artifacts/45_generated.png,True,2518.0,3219.0,52.53963303565979,0.00073465,0.0,db_angular_default,/Users/goku/Work/Spring_26/IS/secretagent/benchmarks/designbench/results/20260413.193147.db_angular_default/artifacts/45.html,
angular.46,"{'id': '46', 'framework': 'angular', 'reference_html_path': '/Users/goku/Work/Spring_26/IS/secretagent/benchmarks/designbench/data/generation/angular/46/46.html', 'reference_image_path': '/Users/goku/Work/Spring_26/IS/secretagent/benchmarks/designbench/data/generation/angular/46/46.png', 'case_name': 'angular.46'}",/Users/goku/Work/Spring_26/IS/secretagent/benchmarks/designbench/results/20260413.193147.db_angular_default/artifacts/46.html,/Users/goku/Work/Spring_26/IS/secretagent/benchmarks/designbench/results/20260413.193147.db_angular_default/artifacts/46_raw.txt,/Users/goku/Work/Spring_26/IS/secretagent/benchmarks/designbench/data/generation/angular/46/46.png,/Users/goku/Work/Spring_26/IS/secretagent/benchmarks/designbench/results/20260413.193147.db_angular_default/artifacts/46_generated.png,True,1489.0,2978.0,136.11438703536987,0.0005956000000000001,0.0,db_angular_default,/Users/goku/Work/Spring_26/IS/secretagent/benchmarks/designbench/results/20260413.193147.db_angular_default/artifacts/46.html,
angular.47,"{'id': '47', 'framework': 'angular', 'reference_html_path': '/Users/goku/Work/Spring_26/IS/secretagent/benchmarks/designbench/data/generation/angular/47/47.html', 'reference_image_path': '/Users/goku/Work/Spring_26/IS/secretagent/benchmarks/designbench/data/generation/angular/47/47.png', 'case_name': 'angular.47'}",/Users/goku/Work/Spring_26/IS/secretagent/benchmarks/designbench/results/20260413.193147.db_angular_default/artifacts/47.html,/Users/goku/Work/Spring_26/IS/secretagent/benchmarks/designbench/results/20260413.193147.db_angular_default/artifacts/47_raw.txt,/Users/goku/Work/Spring_26/IS/secretagent/benchmarks/designbench/data/generation/angular/47/47.png,/Users/goku/Work/Spring_26/IS/secretagent/benchmarks/designbench/results/20260413.193147.db_angular_default/artifacts/47_generated.png,True,2182.0,5338.0,88.76065921783447,0.0010188999999999999,0.0,db_angular_default,/Users/goku/Work/Spring_26/IS/secretagent/benchmarks/designbench/results/20260413.193147.db_angular_default/artifacts/47.html,
angular.48,"{'id': '48', 'framework': 'angular', 'reference_html_path': '/Users/goku/Work/Spring_26/IS/secretagent/benchmarks/designbench/data/generation/angular/48/48.html', 'reference_image_path': '/Users/goku/Work/Spring_26/IS/secretagent/benchmarks/designbench/data/generation/angular/48/48.png', 'case_name': 'angular.48'}",/Users/goku/Work/Spring_26/IS/secretagent/benchmarks/designbench/results/20260413.193147.db_angular_default/artifacts/48.html,/Users/goku/Work/Spring_26/IS/secretagent/benchmarks/designbench/results/20260413.193147.db_angular_default/artifacts/48_raw.txt,,,,,,,,,db_angular_default,/Users/goku/Work/Spring_26/IS/secretagent/benchmarks/designbench/results/20260413.193147.db_angular_default/artifacts/48.html,"**exception raised**: VLM request failed after 5 attempts: InternalServerError: Error code: 503 - {'id': 'of59UFv-3pDw3Z-9ec0ac064fc8862d', 'error': {'message': 'Service unavailable', 'type': 'service_unavailable_error', 'param': None, 'code': None}}"
angular.49,"{'id': '49', 'framework': 'angular', 'reference_html_path': '/Users/goku/Work/Spring_26/IS/secretagent/benchmarks/designbench/data/generation/angular/49/49.html', 'reference_image_path': '/Users/goku/Work/Spring_26/IS/secretagent/benchmarks/designbench/data/generation/angular/49/49.png', 'case_name': 'angular.49'}",/Users/goku/Work/Spring_26/IS/secretagent/benchmarks/designbench/results/20260413.193147.db_angular_default/artifacts/49.html,/Users/goku/Work/Spring_26/IS/secretagent/benchmarks/designbench/results/20260413.193147.db_angular_default/artifacts/49_raw.txt,,,,,,,,,db_angular_default,/Users/goku/Work/Spring_26/IS/secretagent/benchmarks/designbench/results/20260413.193147.db_angular_default/artifacts/49.html,**exception raised**: VLM request failed after 5 attempts: APITimeoutError: Request timed out.
angular.50,"{'id': '50', 'framework': 'angular', 'reference_html_path': '/Users/goku/Work/Spring_26/IS/secretagent/benchmarks/designbench/data/generation/angular/50/50.html', 'reference_image_path': '/Users/goku/Work/Spring_26/IS/secretagent/benchmarks/designbench/data/generation/angular/50/50.png', 'case_name': 'angular.50'}",/Users/goku/Work/Spring_26/IS/secretagent/benchmarks/designbench/results/20260413.193147.db_angular_default/artifacts/50.html,/Users/goku/Work/Spring_26/IS/secretagent/benchmarks/designbench/results/20260413.193147.db_angular_default/artifacts/50_raw.txt,,,,,,,,,db_angular_default,/Users/goku/Work/Spring_26/IS/secretagent/benchmarks/designbench/results/20260413.193147.db_angular_default/artifacts/50.html,**exception raised**: VLM request failed after 5 attempts: APITimeoutError: Request timed out.
angular.51,"{'id': '51', 'framework': 'angular', 'reference_html_path': '/Users/goku/Work/Spring_26/IS/secretagent/benchmarks/designbench/data/generation/angular/51/51.html', 'reference_image_path': '/Users/goku/Work/Spring_26/IS/secretagent/benchmarks/designbench/data/generation/angular/51/51.png', 'case_name': 'angular.51'}",/Users/goku/Work/Spring_26/IS/secretagent/benchmarks/designbench/results/20260413.193147.db_angular_default/artifacts/51.html,/Users/goku/Work/Spring_26/IS/secretagent/benchmarks/designbench/results/20260413.193147.db_angular_default/artifacts/51_raw.txt,,,,,,,,,db_angular_default,/Users/goku/Work/Spring_26/IS/secretagent/benchmarks/designbench/results/20260413.193147.db_angular_default/artifacts/51.html,**exception raised**: VLM request failed after 5 attempts: APITimeoutError: Request timed out.
angular.52,"{'id': '52', 'framework': 'angular', 'reference_html_path': '/Users/goku/Work/Spring_26/IS/secretagent/benchmarks/designbench/data/generation/angular/52/52.html', 'reference_image_path': '/Users/goku/Work/Spring_26/IS/secretagent/benchmarks/designbench/data/generation/angular/52/52.png', 'case_name': 'angular.52'}",/Users/goku/Work/Spring_26/IS/secretagent/benchmarks/designbench/results/20260413.193147.db_angular_default/artifacts/52.html,/Users/goku/Work/Spring_26/IS/secretagent/benchmarks/designbench/results/20260413.193147.db_angular_default/artifacts/52_raw.txt,,,,,,,,,db_angular_default,/Users/goku/Work/Spring_26/IS/secretagent/benchmarks/designbench/results/20260413.193147.db_angular_default/artifacts/52.html,**exception raised**: VLM request failed after 5 attempts: APITimeoutError: Request timed out.
angular.53,"{'id': '53', 'framework': 'angular', 'reference_html_path': '/Users/goku/Work/Spring_26/IS/secretagent/benchmarks/designbench/data/generation/angular/53/53.html', 'reference_image_path': '/Users/goku/Work/Spring_26/IS/secretagent/benchmarks/designbench/data/generation/angular/53/53.png', 'case_name': 'angular.53'}",/Users/goku/Work/Spring_26/IS/secretagent/benchmarks/designbench/results/20260413.193147.db_angular_default/artifacts/53.html,/Users/goku/Work/Spring_26/IS/secretagent/benchmarks/designbench/results/20260413.193147.db_angular_default/artifacts/53_raw.txt,/Users/goku/Work/Spring_26/IS/secretagent/benchmarks/designbench/data/generation/angular/53/53.png,/Users/goku/Work/Spring_26/IS/secretagent/benchmarks/designbench/results/20260413.193147.db_angular_default/artifacts/53_generated.png,True,3694.0,5991.0,249.34276509284973,0.00126805,0.0,db_angular_default,/Users/goku/Work/Spring_26/IS/secretagent/benchmarks/designbench/results/20260413.193147.db_angular_default/artifacts/53.html,
angular.54,"{'id': '54', 'framework': 'angular', 'reference_html_path': '/Users/goku/Work/Spring_26/IS/secretagent/benchmarks/designbench/data/generation/angular/54/54.html', 'reference_image_path': '/Users/goku/Work/Spring_26/IS/secretagent/benchmarks/designbench/data/generation/angular/54/54.png', 'case_name': 'angular.54'}",/Users/goku/Work/Spring_26/IS/secretagent/benchmarks/designbench/results/20260413.193147.db_angular_default/artifacts/54.html,/Users/goku/Work/Spring_26/IS/secretagent/benchmarks/designbench/results/20260413.193147.db_angular_default/artifacts/54_raw.txt,/Users/goku/Work/Spring_26/IS/secretagent/benchmarks/designbench/data/generation/angular/54/54.png,/Users/goku/Work/Spring_26/IS/secretagent/benchmarks/designbench/results/20260413.193147.db_angular_default/artifacts/54_generated.png,True,1846.0,1805.0,18.0721652507782,0.00045535000000000004,0.0,db_angular_default,/Users/goku/Work/Spring_26/IS/secretagent/benchmarks/designbench/results/20260413.193147.db_angular_default/artifacts/54.html,
angular.55,"{'id': '55', 'framework': 'angular', 'reference_html_path': '/Users/goku/Work/Spring_26/IS/secretagent/benchmarks/designbench/data/generation/angular/55/55.html', 'reference_image_path': '/Users/goku/Work/Spring_26/IS/secretagent/benchmarks/designbench/data/generation/angular/55/55.png', 'case_name': 'angular.55'}",/Users/goku/Work/Spring_26/IS/secretagent/benchmarks/designbench/results/20260413.193147.db_angular_default/artifacts/55.html,/Users/goku/Work/Spring_26/IS/secretagent/benchmarks/designbench/results/20260413.193147.db_angular_default/artifacts/55_raw.txt,/Users/goku/Work/Spring_26/IS/secretagent/benchmarks/designbench/data/generation/angular/55/55.png,/Users/goku/Work/Spring_26/IS/secretagent/benchmarks/designbench/results/20260413.193147.db_angular_default/artifacts/55_generated.png,True,1846.0,2229.0,24.450796127319336,0.00051895,0.0,db_angular_default,/Users/goku/Work/Spring_26/IS/secretagent/benchmarks/designbench/results/20260413.193147.db_angular_default/artifacts/55.html,
angular.56,"{'id': '56', 'framework': 'angular', 'reference_html_path': '/Users/goku/Work/Spring_26/IS/secretagent/benchmarks/designbench/data/generation/angular/56/56.html', 'reference_image_path': '/Users/goku/Work/Spring_26/IS/secretagent/benchmarks/designbench/data/generation/angular/56/56.png', 'case_name': 'angular.56'}",/Users/goku/Work/Spring_26/IS/secretagent/benchmarks/designbench/results/20260413.193147.db_angular_default/artifacts/56.html,/Users/goku/Work/Spring_26/IS/secretagent/benchmarks/designbench/results/20260413.193147.db_angular_default/artifacts/56_raw.txt,/Users/goku/Work/Spring_26/IS/secretagent/benchmarks/designbench/data/generation/angular/56/56.png,/Users/goku/Work/Spring_26/IS/secretagent/benchmarks/designbench/results/20260413.193147.db_angular_default/artifacts/56_generated.png,True,1489.0,3029.0,219.24331283569336,0.00060325,0.0,db_angular_default,/Users/goku/Work/Spring_26/IS/secretagent/benchmarks/designbench/results/20260413.193147.db_angular_default/artifacts/56.html,
angular.57,"{'id': '57', 'framework': 'angular', 'reference_html_path': '/Users/goku/Work/Spring_26/IS/secretagent/benchmarks/designbench/data/generation/angular/57/57.html', 'reference_image_path': '/Users/goku/Work/Spring_26/IS/secretagent/benchmarks/designbench/data/generation/angular/57/57.png', 'case_name': 'angular.57'}",/Users/goku/Work/Spring_26/IS/secretagent/benchmarks/designbench/results/20260413.193147.db_angular_default/artifacts/57.html,/Users/goku/Work/Spring_26/IS/secretagent/benchmarks/designbench/results/20260413.193147.db_angular_default/artifacts/57_raw.txt,/Users/goku/Work/Spring_26/IS/secretagent/benchmarks/designbench/data/generation/angular/57/57.png,/Users/goku/Work/Spring_26/IS/secretagent/benchmarks/designbench/results/20260413.193147.db_angular_default/artifacts/57_generated.png,True,3022.0,3213.0,36.76245403289795,0.00078415,0.0,db_angular_default,/Users/goku/Work/Spring_26/IS/secretagent/benchmarks/designbench/results/20260413.193147.db_angular_default/artifacts/57.html,
angular.58,"{'id': '58', 'framework': 'angular', 'reference_html_path': '/Users/goku/Work/Spring_26/IS/secretagent/benchmarks/designbench/data/generation/angular/58/58.html', 'reference_image_path': '/Users/goku/Work/Spring_26/IS/secretagent/benchmarks/designbench/data/generation/angular/58/58.png', 'case_name': 'angular.58'}",/Users/goku/Work/Spring_26/IS/secretagent/benchmarks/designbench/results/20260413.193147.db_angular_default/artifacts/58.html,/Users/goku/Work/Spring_26/IS/secretagent/benchmarks/designbench/results/20260413.193147.db_angular_default/artifacts/58_raw.txt,/Users/goku/Work/Spring_26/IS/secretagent/benchmarks/designbench/data/generation/angular/58/58.png,/Users/goku/Work/Spring_26/IS/secretagent/benchmarks/designbench/results/20260413.193147.db_angular_default/artifacts/58_generated.png,True,1636.0,2028.0,22.02532386779785,0.0004678,0.0,db_angular_default,/Users/goku/Work/Spring_26/IS/secretagent/benchmarks/designbench/results/20260413.193147.db_angular_default/artifacts/58.html,
angular.59,"{'id': '59', 'framework': 'angular', 'reference_html_path': '/Users/goku/Work/Spring_26/IS/secretagent/benchmarks/designbench/data/generation/angular/59/59.html', 'reference_image_path': '/Users/goku/Work/Spring_26/IS/secretagent/benchmarks/designbench/data/generation/angular/59/59.png', 'case_name': 'angular.59'}",/Users/goku/Work/Spring_26/IS/secretagent/benchmarks/designbench/results/20260413.193147.db_angular_default/artifacts/59.html,/Users/goku/Work/Spring_26/IS/secretagent/benchmarks/designbench/results/20260413.193147.db_angular_default/artifacts/59_raw.txt,/Users/goku/Work/Spring_26/IS/secretagent/benchmarks/designbench/data/generation/angular/59/59.png,/Users/goku/Work/Spring_26/IS/secretagent/benchmarks/designbench/results/20260413.193147.db_angular_default/artifacts/59_generated.png,True,3022.0,3631.0,39.58453702926636,0.0008468499999999999,0.0,db_angular_default,/Users/goku/Work/Spring_26/IS/secretagent/benchmarks/designbench/results/20260413.193147.db_angular_default/artifacts/59.html,
angular.60,"{'id': '60', 'framework': 'angular', 'reference_html_path': '/Users/goku/Work/Spring_26/IS/secretagent/benchmarks/designbench/data/generation/angular/60/60.html', 'reference_image_path': '/Users/goku/Work/Spring_26/IS/secretagent/benchmarks/designbench/data/generation/angular/60/60.png', 'case_name': 'angular.60'}",/Users/goku/Work/Spring_26/IS/secretagent/benchmarks/designbench/results/20260413.193147.db_angular_default/artifacts/60.html,/Users/goku/Work/Spring_26/IS/secretagent/benchmarks/designbench/results/20260413.193147.db_angular_default/artifacts/60_raw.txt,/Users/goku/Work/Spring_26/IS/secretagent/benchmarks/designbench/data/generation/angular/60/60.png,/Users/goku/Work/Spring_26/IS/secretagent/benchmarks/designbench/results/20260413.193147.db_angular_default/artifacts/60_generated.png,True,1489.0,4361.0,44.87673878669739,0.0008030499999999999,0.0,db_angular_default,/Users/goku/Work/Spring_26/IS/secretagent/benchmarks/designbench/results/20260413.193147.db_angular_default/artifacts/60.html,
angular.61,"{'id': '61', 'framework': 'angular', 'reference_html_path': '/Users/goku/Work/Spring_26/IS/secretagent/benchmarks/designbench/data/generation/angular/61/61.html', 'reference_image_path': '/Users/goku/Work/Spring_26/IS/secretagent/benchmarks/designbench/data/generation/angular/61/61.png', 'case_name': 'angular.61'}",/Users/goku/Work/Spring_26/IS/secretagent/benchmarks/designbench/results/20260413.193147.db_angular_default/artifacts/61.html,/Users/goku/Work/Spring_26/IS/secretagent/benchmarks/designbench/results/20260413.193147.db_angular_default/artifacts/61_raw.txt,,,,,,,,,db_angular_default,/Users/goku/Work/Spring_26/IS/secretagent/benchmarks/designbench/results/20260413.193147.db_angular_default/artifacts/61.html,**exception raised**: VLM request failed after 5 attempts: APITimeoutError: Request timed out.
angular.62,"{'id': '62', 'framework': 'angular', 'reference_html_path': '/Users/goku/Work/Spring_26/IS/secretagent/benchmarks/designbench/data/generation/angular/62/62.html', 'reference_image_path': '/Users/goku/Work/Spring_26/IS/secretagent/benchmarks/designbench/data/generation/angular/62/62.png', 'case_name': 'angular.62'}",/Users/goku/Work/Spring_26/IS/secretagent/benchmarks/designbench/results/20260413.193147.db_angular_default/artifacts/62.html,/Users/goku/Work/Spring_26/IS/secretagent/benchmarks/designbench/results/20260413.193147.db_angular_default/artifacts/62_raw.txt,/Users/goku/Work/Spring_26/IS/secretagent/benchmarks/designbench/data/generation/angular/62/62.png,/Users/goku/Work/Spring_26/IS/secretagent/benchmarks/designbench/results/20260413.193147.db_angular_default/artifacts/62_generated.png,True,2693.0,6532.0,336.50289511680603,0.0012491,1.0,db_angular_default,/Users/goku/Work/Spring_26/IS/secretagent/benchmarks/designbench/results/20260413.193147.db_angular_default/artifacts/62.html,
angular.63,"{'id': '63', 'framework': 'angular', 'reference_html_path': '/Users/goku/Work/Spring_26/IS/secretagent/benchmarks/designbench/data/generation/angular/63/63.html', 'reference_image_path': '/Users/goku/Work/Spring_26/IS/secretagent/benchmarks/designbench/data/generation/angular/63/63.png', 'case_name': 'angular.63'}",/Users/goku/Work/Spring_26/IS/secretagent/benchmarks/designbench/results/20260413.193147.db_angular_default/artifacts/63.html,/Users/goku/Work/Spring_26/IS/secretagent/benchmarks/designbench/results/20260413.193147.db_angular_default/artifacts/63_raw.txt,/Users/goku/Work/Spring_26/IS/secretagent/benchmarks/designbench/data/generation/angular/63/63.png,/Users/goku/Work/Spring_26/IS/secretagent/benchmarks/designbench/results/20260413.193147.db_angular_default/artifacts/63_generated.png,True,1552.0,5309.0,84.75620126724243,0.0009515500000000001,0.0,db_angular_default,/Users/goku/Work/Spring_26/IS/secretagent/benchmarks/designbench/results/20260413.193147.db_angular_default/artifacts/63.html,
angular.64,"{'id': '64', 'framework': 'angular', 'reference_html_path': '/Users/goku/Work/Spring_26/IS/secretagent/benchmarks/designbench/data/generation/angular/64/64.html', 'reference_image_path': '/Users/goku/Work/Spring_26/IS/secretagent/benchmarks/designbench/data/generation/angular/64/64.png', 'case_name': 'angular.64'}",/Users/goku/Work/Spring_26/IS/secretagent/benchmarks/designbench/results/20260413.193147.db_angular_default/artifacts/64.html,/Users/goku/Work/Spring_26/IS/secretagent/benchmarks/designbench/results/20260413.193147.db_angular_default/artifacts/64_raw.txt,/Users/goku/Work/Spring_26/IS/secretagent/benchmarks/designbench/data/generation/angular/64/64.png,/Users/goku/Work/Spring_26/IS/secretagent/benchmarks/designbench/results/20260413.193147.db_angular_default/artifacts/64_generated.png,True,2350.0,6060.0,169.76811170578003,0.001144,0.0,db_angular_default,/Users/goku/Work/Spring_26/IS/secretagent/benchmarks/designbench/results/20260413.193147.db_angular_default/artifacts/64.html,
angular.65,"{'id': '65', 'framework': 'angular', 'reference_html_path': '/Users/goku/Work/Spring_26/IS/secretagent/benchmarks/designbench/data/generation/angular/65/65.html', 'reference_image_path': '/Users/goku/Work/Spring_26/IS/secretagent/benchmarks/designbench/data/generation/angular/65/65.png', 'case_name': 'angular.65'}",/Users/goku/Work/Spring_26/IS/secretagent/benchmarks/designbench/results/20260413.193147.db_angular_default/artifacts/65.html,/Users/goku/Work/Spring_26/IS/secretagent/benchmarks/designbench/results/20260413.193147.db_angular_default/artifacts/65_raw.txt,/Users/goku/Work/Spring_26/IS/secretagent/benchmarks/designbench/data/generation/angular/65/65.png,/Users/goku/Work/Spring_26/IS/secretagent/benchmarks/designbench/results/20260413.193147.db_angular_default/artifacts/65_generated.png,True,1804.0,5903.0,86.07374787330627,0.00106585,0.0,db_angular_default,/Users/goku/Work/Spring_26/IS/secretagent/benchmarks/designbench/results/20260413.193147.db_angular_default/artifacts/65.html,
angular.66,"{'id': '66', 'framework': 'angular', 'reference_html_path': '/Users/goku/Work/Spring_26/IS/secretagent/benchmarks/designbench/data/generation/angular/66/66.html', 'reference_image_path': '/Users/goku/Work/Spring_26/IS/secretagent/benchmarks/designbench/data/generation/angular/66/66.png', 'case_name': 'angular.66'}",/Users/goku/Work/Spring_26/IS/secretagent/benchmarks/designbench/results/20260413.193147.db_angular_default/artifacts/66.html,/Users/goku/Work/Spring_26/IS/secretagent/benchmarks/designbench/results/20260413.193147.db_angular_default/artifacts/66_raw.txt,/Users/goku/Work/Spring_26/IS/secretagent/benchmarks/designbench/data/generation/angular/66/66.png,/Users/goku/Work/Spring_26/IS/secretagent/benchmarks/designbench/results/20260413.193147.db_angular_default/artifacts/66_generated.png,True,1489.0,1761.0,19.877578020095825,0.00041304999999999993,0.0,db_angular_default,/Users/goku/Work/Spring_26/IS/secretagent/benchmarks/designbench/results/20260413.193147.db_angular_default/artifacts/66.html,
angular.67,"{'id': '67', 'framework': 'angular', 'reference_html_path': '/Users/goku/Work/Spring_26/IS/secretagent/benchmarks/designbench/data/generation/angular/67/67.html', 'reference_image_path': '/Users/goku/Work/Spring_26/IS/secretagent/benchmarks/designbench/data/generation/angular/67/67.png', 'case_name': 'angular.67'}",/Users/goku/Work/Spring_26/IS/secretagent/benchmarks/designbench/results/20260413.193147.db_angular_default/artifacts/67.html,/Users/goku/Work/Spring_26/IS/secretagent/benchmarks/designbench/results/20260413.193147.db_angular_default/artifacts/67_raw.txt,/Users/goku/Work/Spring_26/IS/secretagent/benchmarks/designbench/data/generation/angular/67/67.png,/Users/goku/Work/Spring_26/IS/secretagent/benchmarks/designbench/results/20260413.193147.db_angular_default/artifacts/67_generated.png,True,2308.0,4356.0,68.15836882591248,0.0008842,0.0,db_angular_default,/Users/goku/Work/Spring_26/IS/secretagent/benchmarks/designbench/results/20260413.193147.db_angular_default/artifacts/67.html,
angular.68,"{'id': '68', 'framework': 'angular', 'reference_html_path': '/Users/goku/Work/Spring_26/IS/secretagent/benchmarks/designbench/data/generation/angular/68/68.html', 'reference_image_path': '/Users/goku/Work/Spring_26/IS/secretagent/benchmarks/designbench/data/generation/angular/68/68.png', 'case_name': 'angular.68'}",/Users/goku/Work/Spring_26/IS/secretagent/benchmarks/designbench/results/20260413.193147.db_angular_default/artifacts/68.html,/Users/goku/Work/Spring_26/IS/secretagent/benchmarks/designbench/results/20260413.193147.db_angular_default/artifacts/68_raw.txt,/Users/goku/Work/Spring_26/IS/secretagent/benchmarks/designbench/data/generation/angular/68/68.png,/Users/goku/Work/Spring_26/IS/secretagent/benchmarks/designbench/results/20260413.193147.db_angular_default/artifacts/68_generated.png,True,1489.0,3102.0,45.35944700241089,0.0006142,0.0,db_angular_default,/Users/goku/Work/Spring_26/IS/secretagent/benchmarks/designbench/results/20260413.193147.db_angular_default/artifacts/68.html,
angular.69,"{'id': '69', 'framework': 'angular', 'reference_html_path': '/Users/goku/Work/Spring_26/IS/secretagent/benchmarks/designbench/data/generation/angular/69/69.html', 'reference_image_path': '/Users/goku/Work/Spring_26/IS/secretagent/benchmarks/designbench/data/generation/angular/69/69.png', 'case_name': 'angular.69'}",/Users/goku/Work/Spring_26/IS/secretagent/benchmarks/designbench/results/20260413.193147.db_angular_default/artifacts/69.html,/Users/goku/Work/Spring_26/IS/secretagent/benchmarks/designbench/results/20260413.193147.db_angular_default/artifacts/69_raw.txt,/Users/goku/Work/Spring_26/IS/secretagent/benchmarks/designbench/data/generation/angular/69/69.png,/Users/goku/Work/Spring_26/IS/secretagent/benchmarks/designbench/results/20260413.193147.db_angular_default/artifacts/69_generated.png,True,1489.0,1620.0,34.85255289077759,0.0003919,0.0,db_angular_default,/Users/goku/Work/Spring_26/IS/secretagent/benchmarks/designbench/results/20260413.193147.db_angular_default/artifacts/69.html,
angular.70,"{'id': '70', 'framework': 'angular', 'reference_html_path': '/Users/goku/Work/Spring_26/IS/secretagent/benchmarks/designbench/data/generation/angular/70/70.html', 'reference_image_path': '/Users/goku/Work/Spring_26/IS/secretagent/benchmarks/designbench/data/generation/angular/70/70.png', 'case_name': 'angular.70'}",/Users/goku/Work/Spring_26/IS/secretagent/benchmarks/designbench/results/20260413.193147.db_angular_default/artifacts/70.html,/Users/goku/Work/Spring_26/IS/secretagent/benchmarks/designbench/results/20260413.193147.db_angular_default/artifacts/70_raw.txt,/Users/goku/Work/Spring_26/IS/secretagent/benchmarks/designbench/data/generation/angular/70/70.png,/Users/goku/Work/Spring_26/IS/secretagent/benchmarks/designbench/results/20260413.193147.db_angular_default/artifacts/70_generated.png,True,2098.0,4369.0,249.30846428871155,0.0008651500000000001,0.0,db_angular_default,/Users/goku/Work/Spring_26/IS/secretagent/benchmarks/designbench/results/20260413.193147.db_angular_default/artifacts/70.html,
angular.71,"{'id': '71', 'framework': 'angular', 'reference_html_path': '/Users/goku/Work/Spring_26/IS/secretagent/benchmarks/designbench/data/generation/angular/71/71.html', 'reference_image_path': '/Users/goku/Work/Spring_26/IS/secretagent/benchmarks/designbench/data/generation/angular/71/71.png', 'case_name': 'angular.71'}",/Users/goku/Work/Spring_26/IS/secretagent/benchmarks/designbench/results/20260413.193147.db_angular_default/artifacts/71.html,/Users/goku/Work/Spring_26/IS/secretagent/benchmarks/designbench/results/20260413.193147.db_angular_default/artifacts/71_raw.txt,/Users/goku/Work/Spring_26/IS/secretagent/benchmarks/designbench/data/generation/angular/71/71.png,/Users/goku/Work/Spring_26/IS/secretagent/benchmarks/designbench/results/20260413.193147.db_angular_default/artifacts/71_generated.png,True,1762.0,5361.0,729.6062390804291,0.00098035,2.0,db_angular_default,/Users/goku/Work/Spring_26/IS/secretagent/benchmarks/designbench/results/20260413.193147.db_angular_default/artifacts/71.html,
angular.72,"{'id': '72', 'framework': 'angular', 'reference_html_path': '/Users/goku/Work/Spring_26/IS/secretagent/benchmarks/designbench/data/generation/angular/72/72.html', 'reference_image_path': '/Users/goku/Work/Spring_26/IS/secretagent/benchmarks/designbench/data/generation/angular/72/72.png', 'case_name': 'angular.72'}",/Users/goku/Work/Spring_26/IS/secretagent/benchmarks/designbench/results/20260413.193147.db_angular_default/artifacts/72.html,/Users/goku/Work/Spring_26/IS/secretagent/benchmarks/designbench/results/20260413.193147.db_angular_default/artifacts/72_raw.txt,/Users/goku/Work/Spring_26/IS/secretagent/benchmarks/designbench/data/generation/angular/72/72.png,/Users/goku/Work/Spring_26/IS/secretagent/benchmarks/designbench/results/20260413.193147.db_angular_default/artifacts/72_generated.png,True,1552.0,2745.0,42.17160701751709,0.0005669500000000001,0.0,db_angular_default,/Users/goku/Work/Spring_26/IS/secretagent/benchmarks/designbench/results/20260413.193147.db_angular_default/artifacts/72.html,
angular.73,"{'id': '73', 'framework': 'angular', 'reference_html_path': '/Users/goku/Work/Spring_26/IS/secretagent/benchmarks/designbench/data/generation/angular/73/73.html', 'reference_image_path': '/Users/goku/Work/Spring_26/IS/secretagent/benchmarks/designbench/data/generation/angular/73/73.png', 'case_name': 'angular.73'}",/Users/goku/Work/Spring_26/IS/secretagent/benchmarks/designbench/results/20260413.193147.db_angular_default/artifacts/73.html,/Users/goku/Work/Spring_26/IS/secretagent/benchmarks/designbench/results/20260413.193147.db_angular_default/artifacts/73_raw.txt,,,,,,,,,db_angular_default,/Users/goku/Work/Spring_26/IS/secretagent/benchmarks/designbench/results/20260413.193147.db_angular_default/artifacts/73.html,**exception raised**: VLM request failed after 5 attempts: APITimeoutError: Request timed out.
angular.74,"{'id': '74', 'framework': 'angular', 'reference_html_path': '/Users/goku/Work/Spring_26/IS/secretagent/benchmarks/designbench/data/generation/angular/74/74.html', 'reference_image_path': '/Users/goku/Work/Spring_26/IS/secretagent/benchmarks/designbench/data/generation/angular/74/74.png', 'case_name': 'angular.74'}",/Users/goku/Work/Spring_26/IS/secretagent/benchmarks/designbench/results/20260413.193147.db_angular_default/artifacts/74.html,/Users/goku/Work/Spring_26/IS/secretagent/benchmarks/designbench/results/20260413.193147.db_angular_default/artifacts/74_raw.txt,/Users/goku/Work/Spring_26/IS/secretagent/benchmarks/designbench/data/generation/angular/74/74.png,/Users/goku/Work/Spring_26/IS/secretagent/benchmarks/designbench/results/20260413.193147.db_angular_default/artifacts/74_generated.png,True,1510.0,4182.0,83.65743279457092,0.0007783,0.0,db_angular_default,/Users/goku/Work/Spring_26/IS/secretagent/benchmarks/designbench/results/20260413.193147.db_angular_default/artifacts/74.html,
angular.75,"{'id': '75', 'framework': 'angular', 'reference_html_path': '/Users/goku/Work/Spring_26/IS/secretagent/benchmarks/designbench/data/generation/angular/75/75.html', 'reference_image_path': '/Users/goku/Work/Spring_26/IS/secretagent/benchmarks/designbench/data/generation/angular/75/75.png', 'case_name': 'angular.75'}",/Users/goku/Work/Spring_26/IS/secretagent/benchmarks/designbench/results/20260413.193147.db_angular_default/artifacts/75.html,/Users/goku/Work/Spring_26/IS/secretagent/benchmarks/designbench/results/20260413.193147.db_angular_default/artifacts/75_raw.txt,/Users/goku/Work/Spring_26/IS/secretagent/benchmarks/designbench/data/generation/angular/75/75.png,/Users/goku/Work/Spring_26/IS/secretagent/benchmarks/designbench/results/20260413.193147.db_angular_default/artifacts/75_generated.png,True,2476.0,6217.0,178.23395085334778,0.00118015,0.0,db_angular_default,/Users/goku/Work/Spring_26/IS/secretagent/benchmarks/designbench/results/20260413.193147.db_angular_default/artifacts/75.html,
angular.76,"{'id': '76', 'framework': 'angular', 'reference_html_path': '/Users/goku/Work/Spring_26/IS/secretagent/benchmarks/designbench/data/generation/angular/76/76.html', 'reference_image_path': '/Users/goku/Work/Spring_26/IS/secretagent/benchmarks/designbench/data/generation/angular/76/76.png', 'case_name': 'angular.76'}",/Users/goku/Work/Spring_26/IS/secretagent/benchmarks/designbench/results/20260413.193147.db_angular_default/artifacts/76.html,/Users/goku/Work/Spring_26/IS/secretagent/benchmarks/designbench/results/20260413.193147.db_angular_default/artifacts/76_raw.txt,/Users/goku/Work/Spring_26/IS/secretagent/benchmarks/designbench/data/generation/angular/76/76.png,/Users/goku/Work/Spring_26/IS/secretagent/benchmarks/designbench/results/20260413.193147.db_angular_default/artifacts/76_generated.png,True,6172.0,5393.0,817.4459419250488,0.0014261500000000002,2.0,db_angular_default,/Users/goku/Work/Spring_26/IS/secretagent/benchmarks/designbench/results/20260413.193147.db_angular_default/artifacts/76.html,
angular.77,"{'id': '77', 'framework': 'angular', 'reference_html_path': '/Users/goku/Work/Spring_26/IS/secretagent/benchmarks/designbench/data/generation/angular/77/77.html', 'reference_image_path': '/Users/goku/Work/Spring_26/IS/secretagent/benchmarks/designbench/data/generation/angular/77/77.png', 'case_name': 'angular.77'}",/Users/goku/Work/Spring_26/IS/secretagent/benchmarks/designbench/results/20260413.193147.db_angular_default/artifacts/77.html,/Users/goku/Work/Spring_26/IS/secretagent/benchmarks/designbench/results/20260413.193147.db_angular_default/artifacts/77_raw.txt,/Users/goku/Work/Spring_26/IS/secretagent/benchmarks/designbench/data/generation/angular/77/77.png,/Users/goku/Work/Spring_26/IS/secretagent/benchmarks/designbench/results/20260413.193147.db_angular_default/artifacts/77_generated.png,True,5038.0,5596.0,360.65527606010437,0.0013432000000000001,1.0,db_angular_default,/Users/goku/Work/Spring_26/IS/secretagent/benchmarks/designbench/results/20260413.193147.db_angular_default/artifacts/77.html,
angular.78,"{'id': '78', 'framework': 'angular', 'reference_html_path': '/Users/goku/Work/Spring_26/IS/secretagent/benchmarks/designbench/data/generation/angular/78/78.html', 'reference_image_path': '/Users/goku/Work/Spring_26/IS/secretagent/benchmarks/designbench/data/generation/angular/78/78.png', 'case_name': 'angular.78'}",/Users/goku/Work/Spring_26/IS/secretagent/benchmarks/designbench/results/20260413.193147.db_angular_default/artifacts/78.html,/Users/goku/Work/Spring_26/IS/secretagent/benchmarks/designbench/results/20260413.193147.db_angular_default/artifacts/78_raw.txt,/Users/goku/Work/Spring_26/IS/secretagent/benchmarks/designbench/data/generation/angular/78/78.png,/Users/goku/Work/Spring_26/IS/secretagent/benchmarks/designbench/results/20260413.193147.db_angular_default/artifacts/78_generated.png,True,5248.0,3749.0,341.89516973495483,0.00108715,1.0,db_angular_default,/Users/goku/Work/Spring_26/IS/secretagent/benchmarks/designbench/results/20260413.193147.db_angular_default/artifacts/78.html,
angular.79,"{'id': '79', 'framework': 'angular', 'reference_html_path': '/Users/goku/Work/Spring_26/IS/secretagent/benchmarks/designbench/data/generation/angular/79/79.html', 'reference_image_path': '/Users/goku/Work/Spring_26/IS/secretagent/benchmarks/designbench/data/generation/angular/79/79.png', 'case_name': 'angular.79'}",/Users/goku/Work/Spring_26/IS/secretagent/benchmarks/designbench/results/20260413.193147.db_angular_default/artifacts/79.html,/Users/goku/Work/Spring_26/IS/secretagent/benchmarks/designbench/results/20260413.193147.db_angular_default/artifacts/79_raw.txt,/Users/goku/Work/Spring_26/IS/secretagent/benchmarks/designbench/data/generation/angular/79/79.png,/Users/goku/Work/Spring_26/IS/secretagent/benchmarks/designbench/results/20260413.193147.db_angular_default/artifacts/79_generated.png,True,3190.0,5076.0,165.48065090179443,0.0010804,0.0,db_angular_default,/Users/goku/Work/Spring_26/IS/secretagent/benchmarks/designbench/results/20260413.193147.db_angular_default/artifacts/79.html,
angular.80,"{'id': '80', 'framework': 'angular', 'reference_html_path': '/Users/goku/Work/Spring_26/IS/secretagent/benchmarks/designbench/data/generation/angular/80/80.html', 'reference_image_path': '/Users/goku/Work/Spring_26/IS/secretagent/benchmarks/designbench/data/generation/angular/80/80.png', 'case_name': 'angular.80'}",/Users/goku/Work/Spring_26/IS/secretagent/benchmarks/designbench/results/20260413.193147.db_angular_default/artifacts/80.html,/Users/goku/Work/Spring_26/IS/secretagent/benchmarks/designbench/results/20260413.193147.db_angular_default/artifacts/80_raw.txt,/Users/goku/Work/Spring_26/IS/secretagent/benchmarks/designbench/data/generation/angular/80/80.png,/Users/goku/Work/Spring_26/IS/secretagent/benchmarks/designbench/results/20260413.193147.db_angular_default/artifacts/80_generated.png,True,2098.0,4809.0,78.41163325309753,0.0009311500000000001,0.0,db_angular_default,/Users/goku/Work/Spring_26/IS/secretagent/benchmarks/designbench/results/20260413.193147.db_angular_default/artifacts/80.html,
angular.81,"{'id': '81', 'framework': 'angular', 'reference_html_path': '/Users/goku/Work/Spring_26/IS/secretagent/benchmarks/designbench/data/generation/angular/81/81.html', 'reference_image_path': '/Users/goku/Work/Spring_26/IS/secretagent/benchmarks/designbench/data/generation/angular/81/81.png', 'case_name': 'angular.81'}",/Users/goku/Work/Spring_26/IS/secretagent/benchmarks/designbench/results/20260413.193147.db_angular_default/artifacts/81.html,/Users/goku/Work/Spring_26/IS/secretagent/benchmarks/designbench/results/20260413.193147.db_angular_default/artifacts/81_raw.txt,/Users/goku/Work/Spring_26/IS/secretagent/benchmarks/designbench/data/generation/angular/81/81.png,/Users/goku/Work/Spring_26/IS/secretagent/benchmarks/designbench/results/20260413.193147.db_angular_default/artifacts/81_generated.png,True,3946.0,6502.0,718.0760560035706,0.0013699,2.0,db_angular_default,/Users/goku/Work/Spring_26/IS/secretagent/benchmarks/designbench/results/20260413.193147.db_angular_default/artifacts/81.html,
angular.82,"{'id': '82', 'framework': 'angular', 'reference_html_path': '/Users/goku/Work/Spring_26/IS/secretagent/benchmarks/designbench/data/generation/angular/82/82.html', 'reference_image_path': '/Users/goku/Work/Spring_26/IS/secretagent/benchmarks/designbench/data/generation/angular/82/82.png', 'case_name': 'angular.82'}",/Users/goku/Work/Spring_26/IS/secretagent/benchmarks/designbench/results/20260413.193147.db_angular_default/artifacts/82.html,/Users/goku/Work/Spring_26/IS/secretagent/benchmarks/designbench/results/20260413.193147.db_angular_default/artifacts/82_raw.txt,/Users/goku/Work/Spring_26/IS/secretagent/benchmarks/designbench/data/generation/angular/82/82.png,/Users/goku/Work/Spring_26/IS/secretagent/benchmarks/designbench/results/20260413.193147.db_angular_default/artifacts/82_generated.png,True,3820.0,5670.0,85.31016492843628,0.0012325,0.0,db_angular_default,/Users/goku/Work/Spring_26/IS/secretagent/benchmarks/designbench/results/20260413.193147.db_angular_default/artifacts/82.html,
angular.83,"{'id': '83', 'framework': 'angular', 'reference_html_path': '/Users/goku/Work/Spring_26/IS/secretagent/benchmarks/designbench/data/generation/angular/83/83.html', 'reference_image_path': '/Users/goku/Work/Spring_26/IS/secretagent/benchmarks/designbench/data/generation/angular/83/83.png', 'case_name': 'angular.83'}",/Users/goku/Work/Spring_26/IS/secretagent/benchmarks/designbench/results/20260413.193147.db_angular_default/artifacts/83.html,/Users/goku/Work/Spring_26/IS/secretagent/benchmarks/designbench/results/20260413.193147.db_angular_default/artifacts/83_raw.txt,,,,,,,,,db_angular_default,/Users/goku/Work/Spring_26/IS/secretagent/benchmarks/designbench/results/20260413.193147.db_angular_default/artifacts/83.html,**exception raised**: VLM request failed after 5 attempts: APITimeoutError: Request timed out.
