case_name,predicted_output,expected_output,task_type,num_posts,correct,post_log,expt_name
task1_1,**exception raised**: litellm.AuthenticationError: AuthenticationError: Together_aiException - The api_key client option must be set either by passing api_key to the client or by setting the TOGETHER_AI_API_KEY environment variable,['S6534835'],task1,0,0.0,[],structured_baseline
task1_2,**exception raised**: litellm.AuthenticationError: AuthenticationError: Together_aiException - The api_key client option must be set either by passing api_key to the client or by setting the TOGETHER_AI_API_KEY environment variable,['S6426560'],task1,0,0.0,[],structured_baseline
task1_3,**exception raised**: litellm.AuthenticationError: AuthenticationError: Together_aiException - The api_key client option must be set either by passing api_key to the client or by setting the TOGETHER_AI_API_KEY environment variable,['S1986380'],task1,0,0.0,[],structured_baseline
task1_4,**exception raised**: litellm.AuthenticationError: AuthenticationError: Together_aiException - The api_key client option must be set either by passing api_key to the client or by setting the TOGETHER_AI_API_KEY environment variable,['S6484983'],task1,0,0.0,[],structured_baseline
task1_5,**exception raised**: litellm.AuthenticationError: AuthenticationError: Together_aiException - The api_key client option must be set either by passing api_key to the client or by setting the TOGETHER_AI_API_KEY environment variable,['S2703270'],task1,0,0.0,[],structured_baseline
task1_6,**exception raised**: litellm.AuthenticationError: AuthenticationError: Together_aiException - The api_key client option must be set either by passing api_key to the client or by setting the TOGETHER_AI_API_KEY environment variable,['S2874099'],task1,0,0.0,[],structured_baseline
task1_7,**exception raised**: litellm.AuthenticationError: AuthenticationError: Together_aiException - The api_key client option must be set either by passing api_key to the client or by setting the TOGETHER_AI_API_KEY environment variable,['S6200102'],task1,0,0.0,[],structured_baseline
task1_8,**exception raised**: litellm.AuthenticationError: AuthenticationError: Together_aiException - The api_key client option must be set either by passing api_key to the client or by setting the TOGETHER_AI_API_KEY environment variable,['S6530532'],task1,0,0.0,[],structured_baseline
task1_9,**exception raised**: litellm.AuthenticationError: AuthenticationError: Together_aiException - The api_key client option must be set either by passing api_key to the client or by setting the TOGETHER_AI_API_KEY environment variable,['S6539215'],task1,0,0.0,[],structured_baseline
task1_10,**exception raised**: litellm.AuthenticationError: AuthenticationError: Together_aiException - The api_key client option must be set either by passing api_key to the client or by setting the TOGETHER_AI_API_KEY environment variable,['S6264184'],task1,0,0.0,[],structured_baseline
task1_11,**exception raised**: litellm.AuthenticationError: AuthenticationError: Together_aiException - The api_key client option must be set either by passing api_key to the client or by setting the TOGETHER_AI_API_KEY environment variable,['S6521727'],task1,0,0.0,[],structured_baseline
task1_12,**exception raised**: litellm.AuthenticationError: AuthenticationError: Together_aiException - The api_key client option must be set either by passing api_key to the client or by setting the TOGETHER_AI_API_KEY environment variable,['S0789363'],task1,0,0.0,[],structured_baseline
task1_13,**exception raised**: litellm.AuthenticationError: AuthenticationError: Together_aiException - The api_key client option must be set either by passing api_key to the client or by setting the TOGETHER_AI_API_KEY environment variable,['S2154941'],task1,0,0.0,[],structured_baseline
task1_14,**exception raised**: litellm.AuthenticationError: AuthenticationError: Together_aiException - The api_key client option must be set either by passing api_key to the client or by setting the TOGETHER_AI_API_KEY environment variable,['S2197736'],task1,0,0.0,[],structured_baseline
task1_15,**exception raised**: litellm.AuthenticationError: AuthenticationError: Together_aiException - The api_key client option must be set either by passing api_key to the client or by setting the TOGETHER_AI_API_KEY environment variable,['S3228213'],task1,0,0.0,[],structured_baseline
task1_16,**exception raised**: litellm.AuthenticationError: AuthenticationError: Together_aiException - The api_key client option must be set either by passing api_key to the client or by setting the TOGETHER_AI_API_KEY environment variable,['S6551923'],task1,0,0.0,[],structured_baseline
task1_17,**exception raised**: litellm.AuthenticationError: AuthenticationError: Together_aiException - The api_key client option must be set either by passing api_key to the client or by setting the TOGETHER_AI_API_KEY environment variable,['S2119664'],task1,0,0.0,[],structured_baseline
task1_18,**exception raised**: litellm.AuthenticationError: AuthenticationError: Together_aiException - The api_key client option must be set either by passing api_key to the client or by setting the TOGETHER_AI_API_KEY environment variable,['S2863714'],task1,0,0.0,[],structured_baseline
task1_19,**exception raised**: litellm.AuthenticationError: AuthenticationError: Together_aiException - The api_key client option must be set either by passing api_key to the client or by setting the TOGETHER_AI_API_KEY environment variable,['S6192632'],task1,0,0.0,[],structured_baseline
task1_20,**exception raised**: litellm.AuthenticationError: AuthenticationError: Together_aiException - The api_key client option must be set either by passing api_key to the client or by setting the TOGETHER_AI_API_KEY environment variable,['S0658561'],task1,0,0.0,[],structured_baseline
task1_21,**exception raised**: litellm.AuthenticationError: AuthenticationError: Together_aiException - The api_key client option must be set either by passing api_key to the client or by setting the TOGETHER_AI_API_KEY environment variable,['S0547588'],task1,0,0.0,[],structured_baseline
task1_22,**exception raised**: litellm.AuthenticationError: AuthenticationError: Together_aiException - The api_key client option must be set either by passing api_key to the client or by setting the TOGETHER_AI_API_KEY environment variable,['S0722219'],task1,0,0.0,[],structured_baseline
task1_23,**exception raised**: litellm.AuthenticationError: AuthenticationError: Together_aiException - The api_key client option must be set either by passing api_key to the client or by setting the TOGETHER_AI_API_KEY environment variable,['S3057899'],task1,0,0.0,[],structured_baseline
task1_24,**exception raised**: litellm.AuthenticationError: AuthenticationError: Together_aiException - The api_key client option must be set either by passing api_key to the client or by setting the TOGETHER_AI_API_KEY environment variable,['S6538722'],task1,0,0.0,[],structured_baseline
task1_25,**exception raised**: litellm.AuthenticationError: AuthenticationError: Together_aiException - The api_key client option must be set either by passing api_key to the client or by setting the TOGETHER_AI_API_KEY environment variable,['S6545016'],task1,0,0.0,[],structured_baseline
task1_26,**exception raised**: litellm.AuthenticationError: AuthenticationError: Together_aiException - The api_key client option must be set either by passing api_key to the client or by setting the TOGETHER_AI_API_KEY environment variable,['S3236936'],task1,0,0.0,[],structured_baseline
task1_27,**exception raised**: litellm.AuthenticationError: AuthenticationError: Together_aiException - The api_key client option must be set either by passing api_key to the client or by setting the TOGETHER_AI_API_KEY environment variable,['S3213957'],task1,0,0.0,[],structured_baseline
task1_28,**exception raised**: litellm.AuthenticationError: AuthenticationError: Together_aiException - The api_key client option must be set either by passing api_key to the client or by setting the TOGETHER_AI_API_KEY environment variable,['S2704870'],task1,0,0.0,[],structured_baseline
task1_29,**exception raised**: litellm.AuthenticationError: AuthenticationError: Together_aiException - The api_key client option must be set either by passing api_key to the client or by setting the TOGETHER_AI_API_KEY environment variable,['Patient not found'],task1,0,0.0,[],structured_baseline
task1_30,**exception raised**: litellm.AuthenticationError: AuthenticationError: Together_aiException - The api_key client option must be set either by passing api_key to the client or by setting the TOGETHER_AI_API_KEY environment variable,['Patient not found'],task1,0,0.0,[],structured_baseline
task2_1,**exception raised**: litellm.AuthenticationError: AuthenticationError: Together_aiException - The api_key client option must be set either by passing api_key to the client or by setting the TOGETHER_AI_API_KEY environment variable,None,task2,0,0.0,[],structured_baseline
task2_2,**exception raised**: litellm.AuthenticationError: AuthenticationError: Together_aiException - The api_key client option must be set either by passing api_key to the client or by setting the TOGETHER_AI_API_KEY environment variable,None,task2,0,0.0,[],structured_baseline
task2_3,**exception raised**: litellm.AuthenticationError: AuthenticationError: Together_aiException - The api_key client option must be set either by passing api_key to the client or by setting the TOGETHER_AI_API_KEY environment variable,None,task2,0,0.0,[],structured_baseline
task2_4,**exception raised**: litellm.AuthenticationError: AuthenticationError: Together_aiException - The api_key client option must be set either by passing api_key to the client or by setting the TOGETHER_AI_API_KEY environment variable,None,task2,0,0.0,[],structured_baseline
task2_5,**exception raised**: litellm.AuthenticationError: AuthenticationError: Together_aiException - The api_key client option must be set either by passing api_key to the client or by setting the TOGETHER_AI_API_KEY environment variable,None,task2,0,0.0,[],structured_baseline
task2_6,**exception raised**: litellm.AuthenticationError: AuthenticationError: Together_aiException - The api_key client option must be set either by passing api_key to the client or by setting the TOGETHER_AI_API_KEY environment variable,None,task2,0,0.0,[],structured_baseline
task2_7,**exception raised**: litellm.AuthenticationError: AuthenticationError: Together_aiException - The api_key client option must be set either by passing api_key to the client or by setting the TOGETHER_AI_API_KEY environment variable,None,task2,0,0.0,[],structured_baseline
task2_8,**exception raised**: litellm.AuthenticationError: AuthenticationError: Together_aiException - The api_key client option must be set either by passing api_key to the client or by setting the TOGETHER_AI_API_KEY environment variable,None,task2,0,0.0,[],structured_baseline
task2_9,**exception raised**: litellm.AuthenticationError: AuthenticationError: Together_aiException - The api_key client option must be set either by passing api_key to the client or by setting the TOGETHER_AI_API_KEY environment variable,None,task2,0,0.0,[],structured_baseline
task2_10,**exception raised**: litellm.AuthenticationError: AuthenticationError: Together_aiException - The api_key client option must be set either by passing api_key to the client or by setting the TOGETHER_AI_API_KEY environment variable,None,task2,0,0.0,[],structured_baseline
task2_11,**exception raised**: litellm.AuthenticationError: AuthenticationError: Together_aiException - The api_key client option must be set either by passing api_key to the client or by setting the TOGETHER_AI_API_KEY environment variable,None,task2,0,0.0,[],structured_baseline
task2_12,**exception raised**: litellm.AuthenticationError: AuthenticationError: Together_aiException - The api_key client option must be set either by passing api_key to the client or by setting the TOGETHER_AI_API_KEY environment variable,None,task2,0,0.0,[],structured_baseline
task2_13,**exception raised**: litellm.AuthenticationError: AuthenticationError: Together_aiException - The api_key client option must be set either by passing api_key to the client or by setting the TOGETHER_AI_API_KEY environment variable,None,task2,0,0.0,[],structured_baseline
task2_14,**exception raised**: litellm.AuthenticationError: AuthenticationError: Together_aiException - The api_key client option must be set either by passing api_key to the client or by setting the TOGETHER_AI_API_KEY environment variable,None,task2,0,0.0,[],structured_baseline
task2_15,**exception raised**: litellm.AuthenticationError: AuthenticationError: Together_aiException - The api_key client option must be set either by passing api_key to the client or by setting the TOGETHER_AI_API_KEY environment variable,None,task2,0,0.0,[],structured_baseline
task2_16,**exception raised**: litellm.AuthenticationError: AuthenticationError: Together_aiException - The api_key client option must be set either by passing api_key to the client or by setting the TOGETHER_AI_API_KEY environment variable,None,task2,0,0.0,[],structured_baseline
task2_17,**exception raised**: litellm.AuthenticationError: AuthenticationError: Together_aiException - The api_key client option must be set either by passing api_key to the client or by setting the TOGETHER_AI_API_KEY environment variable,None,task2,0,0.0,[],structured_baseline
task2_18,**exception raised**: litellm.AuthenticationError: AuthenticationError: Together_aiException - The api_key client option must be set either by passing api_key to the client or by setting the TOGETHER_AI_API_KEY environment variable,None,task2,0,0.0,[],structured_baseline
task2_19,**exception raised**: litellm.AuthenticationError: AuthenticationError: Together_aiException - The api_key client option must be set either by passing api_key to the client or by setting the TOGETHER_AI_API_KEY environment variable,None,task2,0,0.0,[],structured_baseline
task2_20,**exception raised**: litellm.AuthenticationError: AuthenticationError: Together_aiException - The api_key client option must be set either by passing api_key to the client or by setting the TOGETHER_AI_API_KEY environment variable,None,task2,0,0.0,[],structured_baseline
task2_21,**exception raised**: litellm.AuthenticationError: AuthenticationError: Together_aiException - The api_key client option must be set either by passing api_key to the client or by setting the TOGETHER_AI_API_KEY environment variable,None,task2,0,0.0,[],structured_baseline
task2_22,**exception raised**: litellm.AuthenticationError: AuthenticationError: Together_aiException - The api_key client option must be set either by passing api_key to the client or by setting the TOGETHER_AI_API_KEY environment variable,None,task2,0,0.0,[],structured_baseline
task2_23,**exception raised**: litellm.AuthenticationError: AuthenticationError: Together_aiException - The api_key client option must be set either by passing api_key to the client or by setting the TOGETHER_AI_API_KEY environment variable,None,task2,0,0.0,[],structured_baseline
task2_24,**exception raised**: litellm.AuthenticationError: AuthenticationError: Together_aiException - The api_key client option must be set either by passing api_key to the client or by setting the TOGETHER_AI_API_KEY environment variable,None,task2,0,0.0,[],structured_baseline
task2_25,**exception raised**: litellm.AuthenticationError: AuthenticationError: Together_aiException - The api_key client option must be set either by passing api_key to the client or by setting the TOGETHER_AI_API_KEY environment variable,None,task2,0,0.0,[],structured_baseline
task2_26,**exception raised**: litellm.AuthenticationError: AuthenticationError: Together_aiException - The api_key client option must be set either by passing api_key to the client or by setting the TOGETHER_AI_API_KEY environment variable,None,task2,0,0.0,[],structured_baseline
task2_27,**exception raised**: litellm.AuthenticationError: AuthenticationError: Together_aiException - The api_key client option must be set either by passing api_key to the client or by setting the TOGETHER_AI_API_KEY environment variable,None,task2,0,0.0,[],structured_baseline
task2_28,**exception raised**: litellm.AuthenticationError: AuthenticationError: Together_aiException - The api_key client option must be set either by passing api_key to the client or by setting the TOGETHER_AI_API_KEY environment variable,None,task2,0,0.0,[],structured_baseline
task2_29,**exception raised**: litellm.AuthenticationError: AuthenticationError: Together_aiException - The api_key client option must be set either by passing api_key to the client or by setting the TOGETHER_AI_API_KEY environment variable,None,task2,0,0.0,[],structured_baseline
task2_30,**exception raised**: litellm.AuthenticationError: AuthenticationError: Together_aiException - The api_key client option must be set either by passing api_key to the client or by setting the TOGETHER_AI_API_KEY environment variable,None,task2,0,0.0,[],structured_baseline
task3_1,**exception raised**: litellm.AuthenticationError: AuthenticationError: Together_aiException - The api_key client option must be set either by passing api_key to the client or by setting the TOGETHER_AI_API_KEY environment variable,None,task3,0,0.0,[],structured_baseline
task3_2,**exception raised**: litellm.AuthenticationError: AuthenticationError: Together_aiException - The api_key client option must be set either by passing api_key to the client or by setting the TOGETHER_AI_API_KEY environment variable,None,task3,0,0.0,[],structured_baseline
task3_3,**exception raised**: litellm.AuthenticationError: AuthenticationError: Together_aiException - The api_key client option must be set either by passing api_key to the client or by setting the TOGETHER_AI_API_KEY environment variable,None,task3,0,0.0,[],structured_baseline
task3_4,**exception raised**: litellm.AuthenticationError: AuthenticationError: Together_aiException - The api_key client option must be set either by passing api_key to the client or by setting the TOGETHER_AI_API_KEY environment variable,None,task3,0,0.0,[],structured_baseline
task3_5,**exception raised**: litellm.AuthenticationError: AuthenticationError: Together_aiException - The api_key client option must be set either by passing api_key to the client or by setting the TOGETHER_AI_API_KEY environment variable,None,task3,0,0.0,[],structured_baseline
task3_6,**exception raised**: litellm.AuthenticationError: AuthenticationError: Together_aiException - The api_key client option must be set either by passing api_key to the client or by setting the TOGETHER_AI_API_KEY environment variable,None,task3,0,0.0,[],structured_baseline
task3_7,**exception raised**: litellm.AuthenticationError: AuthenticationError: Together_aiException - The api_key client option must be set either by passing api_key to the client or by setting the TOGETHER_AI_API_KEY environment variable,None,task3,0,0.0,[],structured_baseline
task3_8,**exception raised**: litellm.AuthenticationError: AuthenticationError: Together_aiException - The api_key client option must be set either by passing api_key to the client or by setting the TOGETHER_AI_API_KEY environment variable,None,task3,0,0.0,[],structured_baseline
task3_9,**exception raised**: litellm.AuthenticationError: AuthenticationError: Together_aiException - The api_key client option must be set either by passing api_key to the client or by setting the TOGETHER_AI_API_KEY environment variable,None,task3,0,0.0,[],structured_baseline
task3_10,**exception raised**: litellm.AuthenticationError: AuthenticationError: Together_aiException - The api_key client option must be set either by passing api_key to the client or by setting the TOGETHER_AI_API_KEY environment variable,None,task3,0,0.0,[],structured_baseline
task3_11,**exception raised**: litellm.AuthenticationError: AuthenticationError: Together_aiException - The api_key client option must be set either by passing api_key to the client or by setting the TOGETHER_AI_API_KEY environment variable,None,task3,0,0.0,[],structured_baseline
task3_12,**exception raised**: litellm.AuthenticationError: AuthenticationError: Together_aiException - The api_key client option must be set either by passing api_key to the client or by setting the TOGETHER_AI_API_KEY environment variable,None,task3,0,0.0,[],structured_baseline
task3_13,**exception raised**: litellm.AuthenticationError: AuthenticationError: Together_aiException - The api_key client option must be set either by passing api_key to the client or by setting the TOGETHER_AI_API_KEY environment variable,None,task3,0,0.0,[],structured_baseline
task3_14,**exception raised**: litellm.AuthenticationError: AuthenticationError: Together_aiException - The api_key client option must be set either by passing api_key to the client or by setting the TOGETHER_AI_API_KEY environment variable,None,task3,0,0.0,[],structured_baseline
task3_15,**exception raised**: litellm.AuthenticationError: AuthenticationError: Together_aiException - The api_key client option must be set either by passing api_key to the client or by setting the TOGETHER_AI_API_KEY environment variable,None,task3,0,0.0,[],structured_baseline
task3_16,**exception raised**: litellm.AuthenticationError: AuthenticationError: Together_aiException - The api_key client option must be set either by passing api_key to the client or by setting the TOGETHER_AI_API_KEY environment variable,None,task3,0,0.0,[],structured_baseline
task3_17,**exception raised**: litellm.AuthenticationError: AuthenticationError: Together_aiException - The api_key client option must be set either by passing api_key to the client or by setting the TOGETHER_AI_API_KEY environment variable,None,task3,0,0.0,[],structured_baseline
task3_18,**exception raised**: litellm.AuthenticationError: AuthenticationError: Together_aiException - The api_key client option must be set either by passing api_key to the client or by setting the TOGETHER_AI_API_KEY environment variable,None,task3,0,0.0,[],structured_baseline
task3_19,**exception raised**: litellm.AuthenticationError: AuthenticationError: Together_aiException - The api_key client option must be set either by passing api_key to the client or by setting the TOGETHER_AI_API_KEY environment variable,None,task3,0,0.0,[],structured_baseline
task3_20,**exception raised**: litellm.AuthenticationError: AuthenticationError: Together_aiException - The api_key client option must be set either by passing api_key to the client or by setting the TOGETHER_AI_API_KEY environment variable,None,task3,0,0.0,[],structured_baseline
task3_21,**exception raised**: litellm.AuthenticationError: AuthenticationError: Together_aiException - The api_key client option must be set either by passing api_key to the client or by setting the TOGETHER_AI_API_KEY environment variable,None,task3,0,0.0,[],structured_baseline
task3_22,**exception raised**: litellm.AuthenticationError: AuthenticationError: Together_aiException - The api_key client option must be set either by passing api_key to the client or by setting the TOGETHER_AI_API_KEY environment variable,None,task3,0,0.0,[],structured_baseline
task3_23,**exception raised**: litellm.AuthenticationError: AuthenticationError: Together_aiException - The api_key client option must be set either by passing api_key to the client or by setting the TOGETHER_AI_API_KEY environment variable,None,task3,0,0.0,[],structured_baseline
task3_24,**exception raised**: litellm.AuthenticationError: AuthenticationError: Together_aiException - The api_key client option must be set either by passing api_key to the client or by setting the TOGETHER_AI_API_KEY environment variable,None,task3,0,0.0,[],structured_baseline
task3_25,**exception raised**: litellm.AuthenticationError: AuthenticationError: Together_aiException - The api_key client option must be set either by passing api_key to the client or by setting the TOGETHER_AI_API_KEY environment variable,None,task3,0,0.0,[],structured_baseline
task3_26,**exception raised**: litellm.AuthenticationError: AuthenticationError: Together_aiException - The api_key client option must be set either by passing api_key to the client or by setting the TOGETHER_AI_API_KEY environment variable,None,task3,0,0.0,[],structured_baseline
task3_27,**exception raised**: litellm.AuthenticationError: AuthenticationError: Together_aiException - The api_key client option must be set either by passing api_key to the client or by setting the TOGETHER_AI_API_KEY environment variable,None,task3,0,0.0,[],structured_baseline
task3_28,**exception raised**: litellm.AuthenticationError: AuthenticationError: Together_aiException - The api_key client option must be set either by passing api_key to the client or by setting the TOGETHER_AI_API_KEY environment variable,None,task3,0,0.0,[],structured_baseline
task3_29,**exception raised**: litellm.AuthenticationError: AuthenticationError: Together_aiException - The api_key client option must be set either by passing api_key to the client or by setting the TOGETHER_AI_API_KEY environment variable,None,task3,0,0.0,[],structured_baseline
task3_30,**exception raised**: litellm.AuthenticationError: AuthenticationError: Together_aiException - The api_key client option must be set either by passing api_key to the client or by setting the TOGETHER_AI_API_KEY environment variable,None,task3,0,0.0,[],structured_baseline
task4_1,**exception raised**: litellm.AuthenticationError: AuthenticationError: Together_aiException - The api_key client option must be set either by passing api_key to the client or by setting the TOGETHER_AI_API_KEY environment variable,None,task4,0,0.0,[],structured_baseline
task4_2,**exception raised**: litellm.AuthenticationError: AuthenticationError: Together_aiException - The api_key client option must be set either by passing api_key to the client or by setting the TOGETHER_AI_API_KEY environment variable,None,task4,0,0.0,[],structured_baseline
task4_3,**exception raised**: litellm.AuthenticationError: AuthenticationError: Together_aiException - The api_key client option must be set either by passing api_key to the client or by setting the TOGETHER_AI_API_KEY environment variable,None,task4,0,0.0,[],structured_baseline
task4_4,**exception raised**: litellm.AuthenticationError: AuthenticationError: Together_aiException - The api_key client option must be set either by passing api_key to the client or by setting the TOGETHER_AI_API_KEY environment variable,None,task4,0,0.0,[],structured_baseline
task4_5,**exception raised**: litellm.AuthenticationError: AuthenticationError: Together_aiException - The api_key client option must be set either by passing api_key to the client or by setting the TOGETHER_AI_API_KEY environment variable,None,task4,0,0.0,[],structured_baseline
task4_6,**exception raised**: litellm.AuthenticationError: AuthenticationError: Together_aiException - The api_key client option must be set either by passing api_key to the client or by setting the TOGETHER_AI_API_KEY environment variable,None,task4,0,0.0,[],structured_baseline
task4_7,**exception raised**: litellm.AuthenticationError: AuthenticationError: Together_aiException - The api_key client option must be set either by passing api_key to the client or by setting the TOGETHER_AI_API_KEY environment variable,None,task4,0,0.0,[],structured_baseline
task4_8,**exception raised**: litellm.AuthenticationError: AuthenticationError: Together_aiException - The api_key client option must be set either by passing api_key to the client or by setting the TOGETHER_AI_API_KEY environment variable,None,task4,0,0.0,[],structured_baseline
task4_9,**exception raised**: litellm.AuthenticationError: AuthenticationError: Together_aiException - The api_key client option must be set either by passing api_key to the client or by setting the TOGETHER_AI_API_KEY environment variable,None,task4,0,0.0,[],structured_baseline
task4_10,**exception raised**: litellm.AuthenticationError: AuthenticationError: Together_aiException - The api_key client option must be set either by passing api_key to the client or by setting the TOGETHER_AI_API_KEY environment variable,None,task4,0,0.0,[],structured_baseline
task4_11,**exception raised**: litellm.AuthenticationError: AuthenticationError: Together_aiException - The api_key client option must be set either by passing api_key to the client or by setting the TOGETHER_AI_API_KEY environment variable,None,task4,0,0.0,[],structured_baseline
task4_12,**exception raised**: litellm.AuthenticationError: AuthenticationError: Together_aiException - The api_key client option must be set either by passing api_key to the client or by setting the TOGETHER_AI_API_KEY environment variable,None,task4,0,0.0,[],structured_baseline
task4_13,**exception raised**: litellm.AuthenticationError: AuthenticationError: Together_aiException - The api_key client option must be set either by passing api_key to the client or by setting the TOGETHER_AI_API_KEY environment variable,None,task4,0,0.0,[],structured_baseline
task4_14,**exception raised**: litellm.AuthenticationError: AuthenticationError: Together_aiException - The api_key client option must be set either by passing api_key to the client or by setting the TOGETHER_AI_API_KEY environment variable,None,task4,0,0.0,[],structured_baseline
task4_15,**exception raised**: litellm.AuthenticationError: AuthenticationError: Together_aiException - The api_key client option must be set either by passing api_key to the client or by setting the TOGETHER_AI_API_KEY environment variable,None,task4,0,0.0,[],structured_baseline
task4_16,**exception raised**: litellm.AuthenticationError: AuthenticationError: Together_aiException - The api_key client option must be set either by passing api_key to the client or by setting the TOGETHER_AI_API_KEY environment variable,None,task4,0,0.0,[],structured_baseline
task4_17,**exception raised**: litellm.AuthenticationError: AuthenticationError: Together_aiException - The api_key client option must be set either by passing api_key to the client or by setting the TOGETHER_AI_API_KEY environment variable,None,task4,0,0.0,[],structured_baseline
task4_18,**exception raised**: litellm.AuthenticationError: AuthenticationError: Together_aiException - The api_key client option must be set either by passing api_key to the client or by setting the TOGETHER_AI_API_KEY environment variable,None,task4,0,0.0,[],structured_baseline
task4_19,**exception raised**: litellm.AuthenticationError: AuthenticationError: Together_aiException - The api_key client option must be set either by passing api_key to the client or by setting the TOGETHER_AI_API_KEY environment variable,None,task4,0,0.0,[],structured_baseline
task4_20,**exception raised**: litellm.AuthenticationError: AuthenticationError: Together_aiException - The api_key client option must be set either by passing api_key to the client or by setting the TOGETHER_AI_API_KEY environment variable,None,task4,0,0.0,[],structured_baseline
task4_21,**exception raised**: litellm.AuthenticationError: AuthenticationError: Together_aiException - The api_key client option must be set either by passing api_key to the client or by setting the TOGETHER_AI_API_KEY environment variable,None,task4,0,0.0,[],structured_baseline
task4_22,**exception raised**: litellm.AuthenticationError: AuthenticationError: Together_aiException - The api_key client option must be set either by passing api_key to the client or by setting the TOGETHER_AI_API_KEY environment variable,None,task4,0,0.0,[],structured_baseline
task4_23,**exception raised**: litellm.AuthenticationError: AuthenticationError: Together_aiException - The api_key client option must be set either by passing api_key to the client or by setting the TOGETHER_AI_API_KEY environment variable,None,task4,0,0.0,[],structured_baseline
task4_24,**exception raised**: litellm.AuthenticationError: AuthenticationError: Together_aiException - The api_key client option must be set either by passing api_key to the client or by setting the TOGETHER_AI_API_KEY environment variable,None,task4,0,0.0,[],structured_baseline
task4_25,**exception raised**: litellm.AuthenticationError: AuthenticationError: Together_aiException - The api_key client option must be set either by passing api_key to the client or by setting the TOGETHER_AI_API_KEY environment variable,None,task4,0,0.0,[],structured_baseline
task4_26,**exception raised**: litellm.AuthenticationError: AuthenticationError: Together_aiException - The api_key client option must be set either by passing api_key to the client or by setting the TOGETHER_AI_API_KEY environment variable,None,task4,0,0.0,[],structured_baseline
task4_27,**exception raised**: litellm.AuthenticationError: AuthenticationError: Together_aiException - The api_key client option must be set either by passing api_key to the client or by setting the TOGETHER_AI_API_KEY environment variable,None,task4,0,0.0,[],structured_baseline
task4_28,**exception raised**: litellm.AuthenticationError: AuthenticationError: Together_aiException - The api_key client option must be set either by passing api_key to the client or by setting the TOGETHER_AI_API_KEY environment variable,None,task4,0,0.0,[],structured_baseline
task4_29,**exception raised**: litellm.AuthenticationError: AuthenticationError: Together_aiException - The api_key client option must be set either by passing api_key to the client or by setting the TOGETHER_AI_API_KEY environment variable,None,task4,0,0.0,[],structured_baseline
task4_30,**exception raised**: litellm.AuthenticationError: AuthenticationError: Together_aiException - The api_key client option must be set either by passing api_key to the client or by setting the TOGETHER_AI_API_KEY environment variable,None,task4,0,0.0,[],structured_baseline
task5_1,**exception raised**: litellm.AuthenticationError: AuthenticationError: Together_aiException - The api_key client option must be set either by passing api_key to the client or by setting the TOGETHER_AI_API_KEY environment variable,None,task5,0,1.0,[],structured_baseline
task5_2,**exception raised**: litellm.AuthenticationError: AuthenticationError: Together_aiException - The api_key client option must be set either by passing api_key to the client or by setting the TOGETHER_AI_API_KEY environment variable,None,task5,0,1.0,[],structured_baseline
task5_3,**exception raised**: litellm.AuthenticationError: AuthenticationError: Together_aiException - The api_key client option must be set either by passing api_key to the client or by setting the TOGETHER_AI_API_KEY environment variable,None,task5,0,0.0,[],structured_baseline
task5_4,**exception raised**: litellm.AuthenticationError: AuthenticationError: Together_aiException - The api_key client option must be set either by passing api_key to the client or by setting the TOGETHER_AI_API_KEY environment variable,None,task5,0,1.0,[],structured_baseline
task5_5,**exception raised**: litellm.AuthenticationError: AuthenticationError: Together_aiException - The api_key client option must be set either by passing api_key to the client or by setting the TOGETHER_AI_API_KEY environment variable,None,task5,0,1.0,[],structured_baseline
task5_6,**exception raised**: litellm.AuthenticationError: AuthenticationError: Together_aiException - The api_key client option must be set either by passing api_key to the client or by setting the TOGETHER_AI_API_KEY environment variable,None,task5,0,0.0,[],structured_baseline
task5_7,**exception raised**: litellm.AuthenticationError: AuthenticationError: Together_aiException - The api_key client option must be set either by passing api_key to the client or by setting the TOGETHER_AI_API_KEY environment variable,None,task5,0,0.0,[],structured_baseline
task5_8,**exception raised**: litellm.AuthenticationError: AuthenticationError: Together_aiException - The api_key client option must be set either by passing api_key to the client or by setting the TOGETHER_AI_API_KEY environment variable,None,task5,0,1.0,[],structured_baseline
task5_9,**exception raised**: litellm.AuthenticationError: AuthenticationError: Together_aiException - The api_key client option must be set either by passing api_key to the client or by setting the TOGETHER_AI_API_KEY environment variable,None,task5,0,1.0,[],structured_baseline
task5_10,**exception raised**: litellm.AuthenticationError: AuthenticationError: Together_aiException - The api_key client option must be set either by passing api_key to the client or by setting the TOGETHER_AI_API_KEY environment variable,None,task5,0,0.0,[],structured_baseline
task5_11,**exception raised**: litellm.AuthenticationError: AuthenticationError: Together_aiException - The api_key client option must be set either by passing api_key to the client or by setting the TOGETHER_AI_API_KEY environment variable,None,task5,0,0.0,[],structured_baseline
task5_12,**exception raised**: litellm.AuthenticationError: AuthenticationError: Together_aiException - The api_key client option must be set either by passing api_key to the client or by setting the TOGETHER_AI_API_KEY environment variable,None,task5,0,1.0,[],structured_baseline
task5_13,**exception raised**: litellm.AuthenticationError: AuthenticationError: Together_aiException - The api_key client option must be set either by passing api_key to the client or by setting the TOGETHER_AI_API_KEY environment variable,None,task5,0,1.0,[],structured_baseline
task5_14,**exception raised**: litellm.AuthenticationError: AuthenticationError: Together_aiException - The api_key client option must be set either by passing api_key to the client or by setting the TOGETHER_AI_API_KEY environment variable,None,task5,0,0.0,[],structured_baseline
task5_15,**exception raised**: litellm.AuthenticationError: AuthenticationError: Together_aiException - The api_key client option must be set either by passing api_key to the client or by setting the TOGETHER_AI_API_KEY environment variable,None,task5,0,1.0,[],structured_baseline
task5_16,**exception raised**: litellm.AuthenticationError: AuthenticationError: Together_aiException - The api_key client option must be set either by passing api_key to the client or by setting the TOGETHER_AI_API_KEY environment variable,None,task5,0,0.0,[],structured_baseline
task5_17,**exception raised**: litellm.AuthenticationError: AuthenticationError: Together_aiException - The api_key client option must be set either by passing api_key to the client or by setting the TOGETHER_AI_API_KEY environment variable,None,task5,0,0.0,[],structured_baseline
task5_18,**exception raised**: litellm.AuthenticationError: AuthenticationError: Together_aiException - The api_key client option must be set either by passing api_key to the client or by setting the TOGETHER_AI_API_KEY environment variable,None,task5,0,0.0,[],structured_baseline
task5_19,**exception raised**: litellm.AuthenticationError: AuthenticationError: Together_aiException - The api_key client option must be set either by passing api_key to the client or by setting the TOGETHER_AI_API_KEY environment variable,None,task5,0,0.0,[],structured_baseline
task5_20,**exception raised**: litellm.AuthenticationError: AuthenticationError: Together_aiException - The api_key client option must be set either by passing api_key to the client or by setting the TOGETHER_AI_API_KEY environment variable,None,task5,0,1.0,[],structured_baseline
task5_21,**exception raised**: litellm.AuthenticationError: AuthenticationError: Together_aiException - The api_key client option must be set either by passing api_key to the client or by setting the TOGETHER_AI_API_KEY environment variable,None,task5,0,0.0,[],structured_baseline
task5_22,**exception raised**: litellm.AuthenticationError: AuthenticationError: Together_aiException - The api_key client option must be set either by passing api_key to the client or by setting the TOGETHER_AI_API_KEY environment variable,None,task5,0,1.0,[],structured_baseline
task5_23,**exception raised**: litellm.AuthenticationError: AuthenticationError: Together_aiException - The api_key client option must be set either by passing api_key to the client or by setting the TOGETHER_AI_API_KEY environment variable,None,task5,0,1.0,[],structured_baseline
task5_24,**exception raised**: litellm.AuthenticationError: AuthenticationError: Together_aiException - The api_key client option must be set either by passing api_key to the client or by setting the TOGETHER_AI_API_KEY environment variable,None,task5,0,1.0,[],structured_baseline
task5_25,**exception raised**: litellm.AuthenticationError: AuthenticationError: Together_aiException - The api_key client option must be set either by passing api_key to the client or by setting the TOGETHER_AI_API_KEY environment variable,None,task5,0,0.0,[],structured_baseline
task5_26,**exception raised**: litellm.AuthenticationError: AuthenticationError: Together_aiException - The api_key client option must be set either by passing api_key to the client or by setting the TOGETHER_AI_API_KEY environment variable,None,task5,0,1.0,[],structured_baseline
task5_27,**exception raised**: litellm.AuthenticationError: AuthenticationError: Together_aiException - The api_key client option must be set either by passing api_key to the client or by setting the TOGETHER_AI_API_KEY environment variable,None,task5,0,0.0,[],structured_baseline
task5_28,**exception raised**: litellm.AuthenticationError: AuthenticationError: Together_aiException - The api_key client option must be set either by passing api_key to the client or by setting the TOGETHER_AI_API_KEY environment variable,None,task5,0,0.0,[],structured_baseline
task5_29,**exception raised**: litellm.AuthenticationError: AuthenticationError: Together_aiException - The api_key client option must be set either by passing api_key to the client or by setting the TOGETHER_AI_API_KEY environment variable,None,task5,0,1.0,[],structured_baseline
task5_30,**exception raised**: litellm.AuthenticationError: AuthenticationError: Together_aiException - The api_key client option must be set either by passing api_key to the client or by setting the TOGETHER_AI_API_KEY environment variable,None,task5,0,1.0,[],structured_baseline
task6_1,**exception raised**: litellm.AuthenticationError: AuthenticationError: Together_aiException - The api_key client option must be set either by passing api_key to the client or by setting the TOGETHER_AI_API_KEY environment variable,None,task6,0,0.0,[],structured_baseline
task6_2,**exception raised**: litellm.AuthenticationError: AuthenticationError: Together_aiException - The api_key client option must be set either by passing api_key to the client or by setting the TOGETHER_AI_API_KEY environment variable,None,task6,0,0.0,[],structured_baseline
task6_3,**exception raised**: litellm.AuthenticationError: AuthenticationError: Together_aiException - The api_key client option must be set either by passing api_key to the client or by setting the TOGETHER_AI_API_KEY environment variable,None,task6,0,0.0,[],structured_baseline
task6_4,**exception raised**: litellm.AuthenticationError: AuthenticationError: Together_aiException - The api_key client option must be set either by passing api_key to the client or by setting the TOGETHER_AI_API_KEY environment variable,None,task6,0,0.0,[],structured_baseline
task6_5,**exception raised**: litellm.AuthenticationError: AuthenticationError: Together_aiException - The api_key client option must be set either by passing api_key to the client or by setting the TOGETHER_AI_API_KEY environment variable,None,task6,0,0.0,[],structured_baseline
task6_6,**exception raised**: litellm.AuthenticationError: AuthenticationError: Together_aiException - The api_key client option must be set either by passing api_key to the client or by setting the TOGETHER_AI_API_KEY environment variable,None,task6,0,0.0,[],structured_baseline
task6_7,**exception raised**: litellm.AuthenticationError: AuthenticationError: Together_aiException - The api_key client option must be set either by passing api_key to the client or by setting the TOGETHER_AI_API_KEY environment variable,None,task6,0,0.0,[],structured_baseline
task6_8,**exception raised**: litellm.AuthenticationError: AuthenticationError: Together_aiException - The api_key client option must be set either by passing api_key to the client or by setting the TOGETHER_AI_API_KEY environment variable,None,task6,0,0.0,[],structured_baseline
task6_9,**exception raised**: litellm.AuthenticationError: AuthenticationError: Together_aiException - The api_key client option must be set either by passing api_key to the client or by setting the TOGETHER_AI_API_KEY environment variable,None,task6,0,0.0,[],structured_baseline
task6_10,**exception raised**: litellm.AuthenticationError: AuthenticationError: Together_aiException - The api_key client option must be set either by passing api_key to the client or by setting the TOGETHER_AI_API_KEY environment variable,None,task6,0,0.0,[],structured_baseline
task6_11,**exception raised**: litellm.AuthenticationError: AuthenticationError: Together_aiException - The api_key client option must be set either by passing api_key to the client or by setting the TOGETHER_AI_API_KEY environment variable,None,task6,0,0.0,[],structured_baseline
task6_12,**exception raised**: litellm.AuthenticationError: AuthenticationError: Together_aiException - The api_key client option must be set either by passing api_key to the client or by setting the TOGETHER_AI_API_KEY environment variable,None,task6,0,0.0,[],structured_baseline
task6_13,**exception raised**: litellm.AuthenticationError: AuthenticationError: Together_aiException - The api_key client option must be set either by passing api_key to the client or by setting the TOGETHER_AI_API_KEY environment variable,None,task6,0,0.0,[],structured_baseline
task6_14,**exception raised**: litellm.AuthenticationError: AuthenticationError: Together_aiException - The api_key client option must be set either by passing api_key to the client or by setting the TOGETHER_AI_API_KEY environment variable,None,task6,0,0.0,[],structured_baseline
task6_15,**exception raised**: litellm.AuthenticationError: AuthenticationError: Together_aiException - The api_key client option must be set either by passing api_key to the client or by setting the TOGETHER_AI_API_KEY environment variable,None,task6,0,0.0,[],structured_baseline
task6_16,**exception raised**: litellm.AuthenticationError: AuthenticationError: Together_aiException - The api_key client option must be set either by passing api_key to the client or by setting the TOGETHER_AI_API_KEY environment variable,None,task6,0,0.0,[],structured_baseline
task6_17,**exception raised**: litellm.AuthenticationError: AuthenticationError: Together_aiException - The api_key client option must be set either by passing api_key to the client or by setting the TOGETHER_AI_API_KEY environment variable,None,task6,0,0.0,[],structured_baseline
task6_18,**exception raised**: litellm.AuthenticationError: AuthenticationError: Together_aiException - The api_key client option must be set either by passing api_key to the client or by setting the TOGETHER_AI_API_KEY environment variable,None,task6,0,0.0,[],structured_baseline
task6_19,**exception raised**: litellm.AuthenticationError: AuthenticationError: Together_aiException - The api_key client option must be set either by passing api_key to the client or by setting the TOGETHER_AI_API_KEY environment variable,None,task6,0,0.0,[],structured_baseline
task6_20,**exception raised**: litellm.AuthenticationError: AuthenticationError: Together_aiException - The api_key client option must be set either by passing api_key to the client or by setting the TOGETHER_AI_API_KEY environment variable,None,task6,0,0.0,[],structured_baseline
task6_21,**exception raised**: litellm.AuthenticationError: AuthenticationError: Together_aiException - The api_key client option must be set either by passing api_key to the client or by setting the TOGETHER_AI_API_KEY environment variable,None,task6,0,0.0,[],structured_baseline
task6_22,**exception raised**: litellm.AuthenticationError: AuthenticationError: Together_aiException - The api_key client option must be set either by passing api_key to the client or by setting the TOGETHER_AI_API_KEY environment variable,None,task6,0,0.0,[],structured_baseline
task6_23,**exception raised**: litellm.AuthenticationError: AuthenticationError: Together_aiException - The api_key client option must be set either by passing api_key to the client or by setting the TOGETHER_AI_API_KEY environment variable,None,task6,0,0.0,[],structured_baseline
task6_24,**exception raised**: litellm.AuthenticationError: AuthenticationError: Together_aiException - The api_key client option must be set either by passing api_key to the client or by setting the TOGETHER_AI_API_KEY environment variable,None,task6,0,0.0,[],structured_baseline
task6_25,**exception raised**: litellm.AuthenticationError: AuthenticationError: Together_aiException - The api_key client option must be set either by passing api_key to the client or by setting the TOGETHER_AI_API_KEY environment variable,None,task6,0,0.0,[],structured_baseline
task6_26,**exception raised**: litellm.AuthenticationError: AuthenticationError: Together_aiException - The api_key client option must be set either by passing api_key to the client or by setting the TOGETHER_AI_API_KEY environment variable,None,task6,0,0.0,[],structured_baseline
task6_27,**exception raised**: litellm.AuthenticationError: AuthenticationError: Together_aiException - The api_key client option must be set either by passing api_key to the client or by setting the TOGETHER_AI_API_KEY environment variable,None,task6,0,0.0,[],structured_baseline
task6_28,**exception raised**: litellm.AuthenticationError: AuthenticationError: Together_aiException - The api_key client option must be set either by passing api_key to the client or by setting the TOGETHER_AI_API_KEY environment variable,None,task6,0,0.0,[],structured_baseline
task6_29,**exception raised**: litellm.AuthenticationError: AuthenticationError: Together_aiException - The api_key client option must be set either by passing api_key to the client or by setting the TOGETHER_AI_API_KEY environment variable,None,task6,0,0.0,[],structured_baseline
task6_30,**exception raised**: litellm.AuthenticationError: AuthenticationError: Together_aiException - The api_key client option must be set either by passing api_key to the client or by setting the TOGETHER_AI_API_KEY environment variable,None,task6,0,0.0,[],structured_baseline
task7_1,**exception raised**: litellm.AuthenticationError: AuthenticationError: Together_aiException - The api_key client option must be set either by passing api_key to the client or by setting the TOGETHER_AI_API_KEY environment variable,None,task7,0,0.0,[],structured_baseline
task7_2,**exception raised**: litellm.AuthenticationError: AuthenticationError: Together_aiException - The api_key client option must be set either by passing api_key to the client or by setting the TOGETHER_AI_API_KEY environment variable,None,task7,0,0.0,[],structured_baseline
task7_3,**exception raised**: litellm.AuthenticationError: AuthenticationError: Together_aiException - The api_key client option must be set either by passing api_key to the client or by setting the TOGETHER_AI_API_KEY environment variable,None,task7,0,0.0,[],structured_baseline
task7_4,**exception raised**: litellm.AuthenticationError: AuthenticationError: Together_aiException - The api_key client option must be set either by passing api_key to the client or by setting the TOGETHER_AI_API_KEY environment variable,None,task7,0,0.0,[],structured_baseline
task7_5,**exception raised**: litellm.AuthenticationError: AuthenticationError: Together_aiException - The api_key client option must be set either by passing api_key to the client or by setting the TOGETHER_AI_API_KEY environment variable,None,task7,0,0.0,[],structured_baseline
task7_6,**exception raised**: litellm.AuthenticationError: AuthenticationError: Together_aiException - The api_key client option must be set either by passing api_key to the client or by setting the TOGETHER_AI_API_KEY environment variable,None,task7,0,0.0,[],structured_baseline
task7_7,**exception raised**: litellm.AuthenticationError: AuthenticationError: Together_aiException - The api_key client option must be set either by passing api_key to the client or by setting the TOGETHER_AI_API_KEY environment variable,None,task7,0,0.0,[],structured_baseline
task7_8,**exception raised**: litellm.AuthenticationError: AuthenticationError: Together_aiException - The api_key client option must be set either by passing api_key to the client or by setting the TOGETHER_AI_API_KEY environment variable,None,task7,0,0.0,[],structured_baseline
task7_9,**exception raised**: litellm.AuthenticationError: AuthenticationError: Together_aiException - The api_key client option must be set either by passing api_key to the client or by setting the TOGETHER_AI_API_KEY environment variable,None,task7,0,0.0,[],structured_baseline
task7_10,**exception raised**: litellm.AuthenticationError: AuthenticationError: Together_aiException - The api_key client option must be set either by passing api_key to the client or by setting the TOGETHER_AI_API_KEY environment variable,None,task7,0,0.0,[],structured_baseline
task7_11,**exception raised**: litellm.AuthenticationError: AuthenticationError: Together_aiException - The api_key client option must be set either by passing api_key to the client or by setting the TOGETHER_AI_API_KEY environment variable,None,task7,0,0.0,[],structured_baseline
task7_12,**exception raised**: litellm.AuthenticationError: AuthenticationError: Together_aiException - The api_key client option must be set either by passing api_key to the client or by setting the TOGETHER_AI_API_KEY environment variable,None,task7,0,0.0,[],structured_baseline
task7_13,**exception raised**: litellm.AuthenticationError: AuthenticationError: Together_aiException - The api_key client option must be set either by passing api_key to the client or by setting the TOGETHER_AI_API_KEY environment variable,None,task7,0,0.0,[],structured_baseline
task7_14,**exception raised**: litellm.AuthenticationError: AuthenticationError: Together_aiException - The api_key client option must be set either by passing api_key to the client or by setting the TOGETHER_AI_API_KEY environment variable,None,task7,0,0.0,[],structured_baseline
task7_15,**exception raised**: litellm.AuthenticationError: AuthenticationError: Together_aiException - The api_key client option must be set either by passing api_key to the client or by setting the TOGETHER_AI_API_KEY environment variable,None,task7,0,0.0,[],structured_baseline
task7_16,**exception raised**: litellm.AuthenticationError: AuthenticationError: Together_aiException - The api_key client option must be set either by passing api_key to the client or by setting the TOGETHER_AI_API_KEY environment variable,None,task7,0,0.0,[],structured_baseline
task7_17,**exception raised**: litellm.AuthenticationError: AuthenticationError: Together_aiException - The api_key client option must be set either by passing api_key to the client or by setting the TOGETHER_AI_API_KEY environment variable,None,task7,0,0.0,[],structured_baseline
task7_18,**exception raised**: litellm.AuthenticationError: AuthenticationError: Together_aiException - The api_key client option must be set either by passing api_key to the client or by setting the TOGETHER_AI_API_KEY environment variable,None,task7,0,0.0,[],structured_baseline
task7_19,**exception raised**: litellm.AuthenticationError: AuthenticationError: Together_aiException - The api_key client option must be set either by passing api_key to the client or by setting the TOGETHER_AI_API_KEY environment variable,None,task7,0,0.0,[],structured_baseline
task7_20,**exception raised**: litellm.AuthenticationError: AuthenticationError: Together_aiException - The api_key client option must be set either by passing api_key to the client or by setting the TOGETHER_AI_API_KEY environment variable,None,task7,0,0.0,[],structured_baseline
task7_21,**exception raised**: litellm.AuthenticationError: AuthenticationError: Together_aiException - The api_key client option must be set either by passing api_key to the client or by setting the TOGETHER_AI_API_KEY environment variable,None,task7,0,0.0,[],structured_baseline
task7_22,**exception raised**: litellm.AuthenticationError: AuthenticationError: Together_aiException - The api_key client option must be set either by passing api_key to the client or by setting the TOGETHER_AI_API_KEY environment variable,None,task7,0,0.0,[],structured_baseline
task7_23,**exception raised**: litellm.AuthenticationError: AuthenticationError: Together_aiException - The api_key client option must be set either by passing api_key to the client or by setting the TOGETHER_AI_API_KEY environment variable,None,task7,0,0.0,[],structured_baseline
task7_24,**exception raised**: litellm.AuthenticationError: AuthenticationError: Together_aiException - The api_key client option must be set either by passing api_key to the client or by setting the TOGETHER_AI_API_KEY environment variable,None,task7,0,0.0,[],structured_baseline
task7_25,**exception raised**: litellm.AuthenticationError: AuthenticationError: Together_aiException - The api_key client option must be set either by passing api_key to the client or by setting the TOGETHER_AI_API_KEY environment variable,None,task7,0,0.0,[],structured_baseline
task7_26,**exception raised**: litellm.AuthenticationError: AuthenticationError: Together_aiException - The api_key client option must be set either by passing api_key to the client or by setting the TOGETHER_AI_API_KEY environment variable,None,task7,0,0.0,[],structured_baseline
task7_27,**exception raised**: litellm.AuthenticationError: AuthenticationError: Together_aiException - The api_key client option must be set either by passing api_key to the client or by setting the TOGETHER_AI_API_KEY environment variable,None,task7,0,0.0,[],structured_baseline
task7_28,**exception raised**: litellm.AuthenticationError: AuthenticationError: Together_aiException - The api_key client option must be set either by passing api_key to the client or by setting the TOGETHER_AI_API_KEY environment variable,None,task7,0,0.0,[],structured_baseline
task7_29,**exception raised**: litellm.AuthenticationError: AuthenticationError: Together_aiException - The api_key client option must be set either by passing api_key to the client or by setting the TOGETHER_AI_API_KEY environment variable,None,task7,0,0.0,[],structured_baseline
task7_30,**exception raised**: litellm.AuthenticationError: AuthenticationError: Together_aiException - The api_key client option must be set either by passing api_key to the client or by setting the TOGETHER_AI_API_KEY environment variable,None,task7,0,0.0,[],structured_baseline
task8_1,**exception raised**: litellm.AuthenticationError: AuthenticationError: Together_aiException - The api_key client option must be set either by passing api_key to the client or by setting the TOGETHER_AI_API_KEY environment variable,None,task8,0,0.0,[],structured_baseline
task8_2,**exception raised**: litellm.AuthenticationError: AuthenticationError: Together_aiException - The api_key client option must be set either by passing api_key to the client or by setting the TOGETHER_AI_API_KEY environment variable,None,task8,0,0.0,[],structured_baseline
task8_3,**exception raised**: litellm.AuthenticationError: AuthenticationError: Together_aiException - The api_key client option must be set either by passing api_key to the client or by setting the TOGETHER_AI_API_KEY environment variable,None,task8,0,0.0,[],structured_baseline
task8_4,**exception raised**: litellm.AuthenticationError: AuthenticationError: Together_aiException - The api_key client option must be set either by passing api_key to the client or by setting the TOGETHER_AI_API_KEY environment variable,None,task8,0,0.0,[],structured_baseline
task8_5,**exception raised**: litellm.AuthenticationError: AuthenticationError: Together_aiException - The api_key client option must be set either by passing api_key to the client or by setting the TOGETHER_AI_API_KEY environment variable,None,task8,0,0.0,[],structured_baseline
task8_6,**exception raised**: litellm.AuthenticationError: AuthenticationError: Together_aiException - The api_key client option must be set either by passing api_key to the client or by setting the TOGETHER_AI_API_KEY environment variable,None,task8,0,0.0,[],structured_baseline
task8_7,**exception raised**: litellm.AuthenticationError: AuthenticationError: Together_aiException - The api_key client option must be set either by passing api_key to the client or by setting the TOGETHER_AI_API_KEY environment variable,None,task8,0,0.0,[],structured_baseline
task8_8,**exception raised**: litellm.AuthenticationError: AuthenticationError: Together_aiException - The api_key client option must be set either by passing api_key to the client or by setting the TOGETHER_AI_API_KEY environment variable,None,task8,0,0.0,[],structured_baseline
task8_9,**exception raised**: litellm.AuthenticationError: AuthenticationError: Together_aiException - The api_key client option must be set either by passing api_key to the client or by setting the TOGETHER_AI_API_KEY environment variable,None,task8,0,0.0,[],structured_baseline
task8_10,**exception raised**: litellm.AuthenticationError: AuthenticationError: Together_aiException - The api_key client option must be set either by passing api_key to the client or by setting the TOGETHER_AI_API_KEY environment variable,None,task8,0,0.0,[],structured_baseline
task8_11,**exception raised**: litellm.AuthenticationError: AuthenticationError: Together_aiException - The api_key client option must be set either by passing api_key to the client or by setting the TOGETHER_AI_API_KEY environment variable,None,task8,0,0.0,[],structured_baseline
task8_12,**exception raised**: litellm.AuthenticationError: AuthenticationError: Together_aiException - The api_key client option must be set either by passing api_key to the client or by setting the TOGETHER_AI_API_KEY environment variable,None,task8,0,0.0,[],structured_baseline
task8_13,**exception raised**: litellm.AuthenticationError: AuthenticationError: Together_aiException - The api_key client option must be set either by passing api_key to the client or by setting the TOGETHER_AI_API_KEY environment variable,None,task8,0,0.0,[],structured_baseline
task8_14,**exception raised**: litellm.AuthenticationError: AuthenticationError: Together_aiException - The api_key client option must be set either by passing api_key to the client or by setting the TOGETHER_AI_API_KEY environment variable,None,task8,0,0.0,[],structured_baseline
task8_15,**exception raised**: litellm.AuthenticationError: AuthenticationError: Together_aiException - The api_key client option must be set either by passing api_key to the client or by setting the TOGETHER_AI_API_KEY environment variable,None,task8,0,0.0,[],structured_baseline
task8_16,**exception raised**: litellm.AuthenticationError: AuthenticationError: Together_aiException - The api_key client option must be set either by passing api_key to the client or by setting the TOGETHER_AI_API_KEY environment variable,None,task8,0,0.0,[],structured_baseline
task8_17,**exception raised**: litellm.AuthenticationError: AuthenticationError: Together_aiException - The api_key client option must be set either by passing api_key to the client or by setting the TOGETHER_AI_API_KEY environment variable,None,task8,0,0.0,[],structured_baseline
task8_18,**exception raised**: litellm.AuthenticationError: AuthenticationError: Together_aiException - The api_key client option must be set either by passing api_key to the client or by setting the TOGETHER_AI_API_KEY environment variable,None,task8,0,0.0,[],structured_baseline
task8_19,**exception raised**: litellm.AuthenticationError: AuthenticationError: Together_aiException - The api_key client option must be set either by passing api_key to the client or by setting the TOGETHER_AI_API_KEY environment variable,None,task8,0,0.0,[],structured_baseline
task8_20,**exception raised**: litellm.AuthenticationError: AuthenticationError: Together_aiException - The api_key client option must be set either by passing api_key to the client or by setting the TOGETHER_AI_API_KEY environment variable,None,task8,0,0.0,[],structured_baseline
task8_21,**exception raised**: litellm.AuthenticationError: AuthenticationError: Together_aiException - The api_key client option must be set either by passing api_key to the client or by setting the TOGETHER_AI_API_KEY environment variable,None,task8,0,0.0,[],structured_baseline
task8_22,**exception raised**: litellm.AuthenticationError: AuthenticationError: Together_aiException - The api_key client option must be set either by passing api_key to the client or by setting the TOGETHER_AI_API_KEY environment variable,None,task8,0,0.0,[],structured_baseline
task8_23,**exception raised**: litellm.AuthenticationError: AuthenticationError: Together_aiException - The api_key client option must be set either by passing api_key to the client or by setting the TOGETHER_AI_API_KEY environment variable,None,task8,0,0.0,[],structured_baseline
task8_24,**exception raised**: litellm.AuthenticationError: AuthenticationError: Together_aiException - The api_key client option must be set either by passing api_key to the client or by setting the TOGETHER_AI_API_KEY environment variable,None,task8,0,0.0,[],structured_baseline
task8_25,**exception raised**: litellm.AuthenticationError: AuthenticationError: Together_aiException - The api_key client option must be set either by passing api_key to the client or by setting the TOGETHER_AI_API_KEY environment variable,None,task8,0,0.0,[],structured_baseline
task8_26,**exception raised**: litellm.AuthenticationError: AuthenticationError: Together_aiException - The api_key client option must be set either by passing api_key to the client or by setting the TOGETHER_AI_API_KEY environment variable,None,task8,0,0.0,[],structured_baseline
task8_27,**exception raised**: litellm.AuthenticationError: AuthenticationError: Together_aiException - The api_key client option must be set either by passing api_key to the client or by setting the TOGETHER_AI_API_KEY environment variable,None,task8,0,0.0,[],structured_baseline
task8_28,**exception raised**: litellm.AuthenticationError: AuthenticationError: Together_aiException - The api_key client option must be set either by passing api_key to the client or by setting the TOGETHER_AI_API_KEY environment variable,None,task8,0,0.0,[],structured_baseline
task8_29,**exception raised**: litellm.AuthenticationError: AuthenticationError: Together_aiException - The api_key client option must be set either by passing api_key to the client or by setting the TOGETHER_AI_API_KEY environment variable,None,task8,0,0.0,[],structured_baseline
task8_30,**exception raised**: litellm.AuthenticationError: AuthenticationError: Together_aiException - The api_key client option must be set either by passing api_key to the client or by setting the TOGETHER_AI_API_KEY environment variable,None,task8,0,0.0,[],structured_baseline
task9_1,**exception raised**: litellm.AuthenticationError: AuthenticationError: Together_aiException - The api_key client option must be set either by passing api_key to the client or by setting the TOGETHER_AI_API_KEY environment variable,None,task9,0,0.0,[],structured_baseline
task9_2,**exception raised**: litellm.AuthenticationError: AuthenticationError: Together_aiException - The api_key client option must be set either by passing api_key to the client or by setting the TOGETHER_AI_API_KEY environment variable,None,task9,0,0.0,[],structured_baseline
task9_3,**exception raised**: litellm.AuthenticationError: AuthenticationError: Together_aiException - The api_key client option must be set either by passing api_key to the client or by setting the TOGETHER_AI_API_KEY environment variable,None,task9,0,0.0,[],structured_baseline
task9_4,**exception raised**: litellm.AuthenticationError: AuthenticationError: Together_aiException - The api_key client option must be set either by passing api_key to the client or by setting the TOGETHER_AI_API_KEY environment variable,None,task9,0,0.0,[],structured_baseline
task9_5,**exception raised**: litellm.AuthenticationError: AuthenticationError: Together_aiException - The api_key client option must be set either by passing api_key to the client or by setting the TOGETHER_AI_API_KEY environment variable,None,task9,0,0.0,[],structured_baseline
task9_6,**exception raised**: litellm.AuthenticationError: AuthenticationError: Together_aiException - The api_key client option must be set either by passing api_key to the client or by setting the TOGETHER_AI_API_KEY environment variable,None,task9,0,0.0,[],structured_baseline
task9_7,**exception raised**: litellm.AuthenticationError: AuthenticationError: Together_aiException - The api_key client option must be set either by passing api_key to the client or by setting the TOGETHER_AI_API_KEY environment variable,None,task9,0,0.0,[],structured_baseline
task9_8,**exception raised**: litellm.AuthenticationError: AuthenticationError: Together_aiException - The api_key client option must be set either by passing api_key to the client or by setting the TOGETHER_AI_API_KEY environment variable,None,task9,0,0.0,[],structured_baseline
task9_9,**exception raised**: litellm.AuthenticationError: AuthenticationError: Together_aiException - The api_key client option must be set either by passing api_key to the client or by setting the TOGETHER_AI_API_KEY environment variable,None,task9,0,0.0,[],structured_baseline
task9_10,**exception raised**: litellm.AuthenticationError: AuthenticationError: Together_aiException - The api_key client option must be set either by passing api_key to the client or by setting the TOGETHER_AI_API_KEY environment variable,None,task9,0,0.0,[],structured_baseline
task9_11,**exception raised**: litellm.AuthenticationError: AuthenticationError: Together_aiException - The api_key client option must be set either by passing api_key to the client or by setting the TOGETHER_AI_API_KEY environment variable,None,task9,0,0.0,[],structured_baseline
task9_12,**exception raised**: litellm.AuthenticationError: AuthenticationError: Together_aiException - The api_key client option must be set either by passing api_key to the client or by setting the TOGETHER_AI_API_KEY environment variable,None,task9,0,0.0,[],structured_baseline
task9_13,**exception raised**: litellm.AuthenticationError: AuthenticationError: Together_aiException - The api_key client option must be set either by passing api_key to the client or by setting the TOGETHER_AI_API_KEY environment variable,None,task9,0,0.0,[],structured_baseline
task9_14,**exception raised**: litellm.AuthenticationError: AuthenticationError: Together_aiException - The api_key client option must be set either by passing api_key to the client or by setting the TOGETHER_AI_API_KEY environment variable,None,task9,0,0.0,[],structured_baseline
task9_15,**exception raised**: litellm.AuthenticationError: AuthenticationError: Together_aiException - The api_key client option must be set either by passing api_key to the client or by setting the TOGETHER_AI_API_KEY environment variable,None,task9,0,0.0,[],structured_baseline
task9_16,**exception raised**: litellm.AuthenticationError: AuthenticationError: Together_aiException - The api_key client option must be set either by passing api_key to the client or by setting the TOGETHER_AI_API_KEY environment variable,None,task9,0,0.0,[],structured_baseline
task9_17,**exception raised**: litellm.AuthenticationError: AuthenticationError: Together_aiException - The api_key client option must be set either by passing api_key to the client or by setting the TOGETHER_AI_API_KEY environment variable,None,task9,0,0.0,[],structured_baseline
task9_18,**exception raised**: litellm.AuthenticationError: AuthenticationError: Together_aiException - The api_key client option must be set either by passing api_key to the client or by setting the TOGETHER_AI_API_KEY environment variable,None,task9,0,0.0,[],structured_baseline
task9_19,**exception raised**: litellm.AuthenticationError: AuthenticationError: Together_aiException - The api_key client option must be set either by passing api_key to the client or by setting the TOGETHER_AI_API_KEY environment variable,None,task9,0,0.0,[],structured_baseline
task9_20,**exception raised**: litellm.AuthenticationError: AuthenticationError: Together_aiException - The api_key client option must be set either by passing api_key to the client or by setting the TOGETHER_AI_API_KEY environment variable,None,task9,0,0.0,[],structured_baseline
task9_21,**exception raised**: litellm.AuthenticationError: AuthenticationError: Together_aiException - The api_key client option must be set either by passing api_key to the client or by setting the TOGETHER_AI_API_KEY environment variable,None,task9,0,0.0,[],structured_baseline
task9_22,**exception raised**: litellm.AuthenticationError: AuthenticationError: Together_aiException - The api_key client option must be set either by passing api_key to the client or by setting the TOGETHER_AI_API_KEY environment variable,None,task9,0,0.0,[],structured_baseline
task9_23,**exception raised**: litellm.AuthenticationError: AuthenticationError: Together_aiException - The api_key client option must be set either by passing api_key to the client or by setting the TOGETHER_AI_API_KEY environment variable,None,task9,0,0.0,[],structured_baseline
task9_24,**exception raised**: litellm.AuthenticationError: AuthenticationError: Together_aiException - The api_key client option must be set either by passing api_key to the client or by setting the TOGETHER_AI_API_KEY environment variable,None,task9,0,0.0,[],structured_baseline
task9_25,**exception raised**: litellm.AuthenticationError: AuthenticationError: Together_aiException - The api_key client option must be set either by passing api_key to the client or by setting the TOGETHER_AI_API_KEY environment variable,None,task9,0,0.0,[],structured_baseline
task9_26,**exception raised**: litellm.AuthenticationError: AuthenticationError: Together_aiException - The api_key client option must be set either by passing api_key to the client or by setting the TOGETHER_AI_API_KEY environment variable,None,task9,0,0.0,[],structured_baseline
task9_27,**exception raised**: litellm.AuthenticationError: AuthenticationError: Together_aiException - The api_key client option must be set either by passing api_key to the client or by setting the TOGETHER_AI_API_KEY environment variable,None,task9,0,0.0,[],structured_baseline
task9_28,**exception raised**: litellm.AuthenticationError: AuthenticationError: Together_aiException - The api_key client option must be set either by passing api_key to the client or by setting the TOGETHER_AI_API_KEY environment variable,None,task9,0,0.0,[],structured_baseline
task9_29,**exception raised**: litellm.AuthenticationError: AuthenticationError: Together_aiException - The api_key client option must be set either by passing api_key to the client or by setting the TOGETHER_AI_API_KEY environment variable,None,task9,0,0.0,[],structured_baseline
task9_30,**exception raised**: litellm.AuthenticationError: AuthenticationError: Together_aiException - The api_key client option must be set either by passing api_key to the client or by setting the TOGETHER_AI_API_KEY environment variable,None,task9,0,0.0,[],structured_baseline
task10_1,**exception raised**: litellm.AuthenticationError: AuthenticationError: Together_aiException - The api_key client option must be set either by passing api_key to the client or by setting the TOGETHER_AI_API_KEY environment variable,None,task10,0,0.0,[],structured_baseline
task10_2,**exception raised**: litellm.AuthenticationError: AuthenticationError: Together_aiException - The api_key client option must be set either by passing api_key to the client or by setting the TOGETHER_AI_API_KEY environment variable,None,task10,0,0.0,[],structured_baseline
task10_3,**exception raised**: litellm.AuthenticationError: AuthenticationError: Together_aiException - The api_key client option must be set either by passing api_key to the client or by setting the TOGETHER_AI_API_KEY environment variable,None,task10,0,0.0,[],structured_baseline
task10_4,**exception raised**: litellm.AuthenticationError: AuthenticationError: Together_aiException - The api_key client option must be set either by passing api_key to the client or by setting the TOGETHER_AI_API_KEY environment variable,None,task10,0,0.0,[],structured_baseline
task10_5,**exception raised**: litellm.AuthenticationError: AuthenticationError: Together_aiException - The api_key client option must be set either by passing api_key to the client or by setting the TOGETHER_AI_API_KEY environment variable,None,task10,0,0.0,[],structured_baseline
task10_6,**exception raised**: litellm.AuthenticationError: AuthenticationError: Together_aiException - The api_key client option must be set either by passing api_key to the client or by setting the TOGETHER_AI_API_KEY environment variable,None,task10,0,0.0,[],structured_baseline
task10_7,**exception raised**: litellm.AuthenticationError: AuthenticationError: Together_aiException - The api_key client option must be set either by passing api_key to the client or by setting the TOGETHER_AI_API_KEY environment variable,None,task10,0,0.0,[],structured_baseline
task10_8,**exception raised**: litellm.AuthenticationError: AuthenticationError: Together_aiException - The api_key client option must be set either by passing api_key to the client or by setting the TOGETHER_AI_API_KEY environment variable,None,task10,0,0.0,[],structured_baseline
task10_9,**exception raised**: litellm.AuthenticationError: AuthenticationError: Together_aiException - The api_key client option must be set either by passing api_key to the client or by setting the TOGETHER_AI_API_KEY environment variable,None,task10,0,0.0,[],structured_baseline
task10_10,**exception raised**: litellm.AuthenticationError: AuthenticationError: Together_aiException - The api_key client option must be set either by passing api_key to the client or by setting the TOGETHER_AI_API_KEY environment variable,None,task10,0,0.0,[],structured_baseline
task10_11,**exception raised**: litellm.AuthenticationError: AuthenticationError: Together_aiException - The api_key client option must be set either by passing api_key to the client or by setting the TOGETHER_AI_API_KEY environment variable,None,task10,0,0.0,[],structured_baseline
task10_12,**exception raised**: litellm.AuthenticationError: AuthenticationError: Together_aiException - The api_key client option must be set either by passing api_key to the client or by setting the TOGETHER_AI_API_KEY environment variable,None,task10,0,0.0,[],structured_baseline
task10_13,**exception raised**: litellm.AuthenticationError: AuthenticationError: Together_aiException - The api_key client option must be set either by passing api_key to the client or by setting the TOGETHER_AI_API_KEY environment variable,None,task10,0,0.0,[],structured_baseline
task10_14,**exception raised**: litellm.AuthenticationError: AuthenticationError: Together_aiException - The api_key client option must be set either by passing api_key to the client or by setting the TOGETHER_AI_API_KEY environment variable,None,task10,0,0.0,[],structured_baseline
task10_15,**exception raised**: litellm.AuthenticationError: AuthenticationError: Together_aiException - The api_key client option must be set either by passing api_key to the client or by setting the TOGETHER_AI_API_KEY environment variable,None,task10,0,0.0,[],structured_baseline
task10_16,**exception raised**: litellm.AuthenticationError: AuthenticationError: Together_aiException - The api_key client option must be set either by passing api_key to the client or by setting the TOGETHER_AI_API_KEY environment variable,None,task10,0,0.0,[],structured_baseline
task10_17,**exception raised**: litellm.AuthenticationError: AuthenticationError: Together_aiException - The api_key client option must be set either by passing api_key to the client or by setting the TOGETHER_AI_API_KEY environment variable,None,task10,0,0.0,[],structured_baseline
task10_18,**exception raised**: litellm.AuthenticationError: AuthenticationError: Together_aiException - The api_key client option must be set either by passing api_key to the client or by setting the TOGETHER_AI_API_KEY environment variable,None,task10,0,0.0,[],structured_baseline
task10_19,**exception raised**: litellm.AuthenticationError: AuthenticationError: Together_aiException - The api_key client option must be set either by passing api_key to the client or by setting the TOGETHER_AI_API_KEY environment variable,None,task10,0,0.0,[],structured_baseline
task10_20,**exception raised**: litellm.AuthenticationError: AuthenticationError: Together_aiException - The api_key client option must be set either by passing api_key to the client or by setting the TOGETHER_AI_API_KEY environment variable,None,task10,0,0.0,[],structured_baseline
task10_21,**exception raised**: litellm.AuthenticationError: AuthenticationError: Together_aiException - The api_key client option must be set either by passing api_key to the client or by setting the TOGETHER_AI_API_KEY environment variable,None,task10,0,0.0,[],structured_baseline
task10_22,**exception raised**: litellm.AuthenticationError: AuthenticationError: Together_aiException - The api_key client option must be set either by passing api_key to the client or by setting the TOGETHER_AI_API_KEY environment variable,None,task10,0,0.0,[],structured_baseline
task10_23,**exception raised**: litellm.AuthenticationError: AuthenticationError: Together_aiException - The api_key client option must be set either by passing api_key to the client or by setting the TOGETHER_AI_API_KEY environment variable,None,task10,0,0.0,[],structured_baseline
task10_24,**exception raised**: litellm.AuthenticationError: AuthenticationError: Together_aiException - The api_key client option must be set either by passing api_key to the client or by setting the TOGETHER_AI_API_KEY environment variable,None,task10,0,0.0,[],structured_baseline
task10_25,**exception raised**: litellm.AuthenticationError: AuthenticationError: Together_aiException - The api_key client option must be set either by passing api_key to the client or by setting the TOGETHER_AI_API_KEY environment variable,None,task10,0,0.0,[],structured_baseline
task10_26,**exception raised**: litellm.AuthenticationError: AuthenticationError: Together_aiException - The api_key client option must be set either by passing api_key to the client or by setting the TOGETHER_AI_API_KEY environment variable,None,task10,0,0.0,[],structured_baseline
task10_27,**exception raised**: litellm.AuthenticationError: AuthenticationError: Together_aiException - The api_key client option must be set either by passing api_key to the client or by setting the TOGETHER_AI_API_KEY environment variable,None,task10,0,0.0,[],structured_baseline
task10_28,**exception raised**: litellm.AuthenticationError: AuthenticationError: Together_aiException - The api_key client option must be set either by passing api_key to the client or by setting the TOGETHER_AI_API_KEY environment variable,None,task10,0,0.0,[],structured_baseline
task10_29,**exception raised**: litellm.AuthenticationError: AuthenticationError: Together_aiException - The api_key client option must be set either by passing api_key to the client or by setting the TOGETHER_AI_API_KEY environment variable,None,task10,0,0.0,[],structured_baseline
task10_30,**exception raised**: litellm.AuthenticationError: AuthenticationError: Together_aiException - The api_key client option must be set either by passing api_key to the client or by setting the TOGETHER_AI_API_KEY environment variable,None,task10,0,0.0,[],structured_baseline
