case_name,predicted_output,expected_output,task_type,num_posts,correct,input_tokens,output_tokens,latency,cost,post_log,expt_name,eval_error
task1_1,**exception raised**: cannot find answer matching pattern '<answer>(.*)</answer>',['S6534835'],task1,0,0.0,252.0,13.0,0.8373711109161377,0.00017329999999999998,[],unstructured_baseline,
task1_2,**exception raised**: cannot find answer matching pattern '<answer>(.*)</answer>',['S6426560'],task1,0,0.0,252.0,25.0,1.49601411819458,0.0001937,[],unstructured_baseline,
task1_3,**exception raised**: cannot find answer matching pattern '<answer>(.*)</answer>',['S1986380'],task1,0,0.0,252.0,29.0,1.2280809879302979,0.0002005,[],unstructured_baseline,
task1_4,**exception raised**: cannot find answer matching pattern '<answer>(.*)</answer>',['S6484983'],task1,0,0.0,252.0,21.0,0.9960429668426514,0.0001869,[],unstructured_baseline,
task1_5,**exception raised**: cannot find answer matching pattern '<answer>(.*)</answer>',['S2703270'],task1,0,0.0,252.0,15.0,0.8529379367828369,0.00017669999999999999,[],unstructured_baseline,
task1_6,**exception raised**: cannot find answer matching pattern '<answer>(.*)</answer>',['S2874099'],task1,0,0.0,252.0,15.0,0.5993320941925049,0.00017669999999999999,[],unstructured_baseline,
task1_7,**exception raised**: cannot find answer matching pattern '<answer>(.*)</answer>',['S6200102'],task1,0,0.0,252.0,29.0,0.8127889633178711,0.0002005,[],unstructured_baseline,
task1_8,**exception raised**: cannot find answer matching pattern '<answer>(.*)</answer>',['S6530532'],task1,0,0.0,252.0,15.0,0.8187508583068848,0.00017669999999999999,[],unstructured_baseline,
task1_9,**exception raised**: cannot find answer matching pattern '<answer>(.*)</answer>',['S6539215'],task1,0,0.0,252.0,21.0,1.0800902843475342,0.0001869,[],unstructured_baseline,
task1_10,**exception raised**: cannot find answer matching pattern '<answer>(.*)</answer>',['S6264184'],task1,0,0.0,252.0,15.0,0.9223458766937256,0.00017669999999999999,[],unstructured_baseline,
task1_11,**exception raised**: cannot find answer matching pattern '<answer>(.*)</answer>',['S6521727'],task1,0,0.0,252.0,30.0,1.462001085281372,0.00020219999999999998,[],unstructured_baseline,
task1_12,**exception raised**: cannot find answer matching pattern '<answer>(.*)</answer>',['S0789363'],task1,0,0.0,252.0,20.0,1.0192339420318604,0.0001852,[],unstructured_baseline,
task1_13,**exception raised**: cannot find answer matching pattern '<answer>(.*)</answer>',['S2154941'],task1,0,0.0,252.0,15.0,0.9187929630279541,0.00017669999999999999,[],unstructured_baseline,
task1_14,**exception raised**: cannot find answer matching pattern '<answer>(.*)</answer>',['S2197736'],task1,0,0.0,252.0,21.0,0.828279972076416,0.0001869,[],unstructured_baseline,
task1_15,**exception raised**: cannot find answer matching pattern '<answer>(.*)</answer>',['S3228213'],task1,0,0.0,252.0,347.0,10.232923030853271,0.0007411,[],unstructured_baseline,
task1_16,**exception raised**: cannot find answer matching pattern '<answer>(.*)</answer>',['S6551923'],task1,0,0.0,252.0,25.0,0.8462729454040527,0.0001937,[],unstructured_baseline,
task1_17,**exception raised**: cannot find answer matching pattern '<answer>(.*)</answer>',['S2119664'],task1,0,0.0,252.0,62.0,2.9551498889923096,0.0002566,[],unstructured_baseline,
task1_18,**exception raised**: cannot find answer matching pattern '<answer>(.*)</answer>',['S2863714'],task1,0,0.0,252.0,15.0,0.6936008930206299,0.00017669999999999999,[],unstructured_baseline,
task1_19,**exception raised**: cannot find answer matching pattern '<answer>(.*)</answer>',['S6192632'],task1,0,0.0,252.0,15.0,0.727402925491333,0.00017669999999999999,[],unstructured_baseline,
task1_20,**exception raised**: cannot find answer matching pattern '<answer>(.*)</answer>',['S0658561'],task1,0,0.0,252.0,15.0,0.7193541526794434,0.00017669999999999999,[],unstructured_baseline,
task1_21,**exception raised**: cannot find answer matching pattern '<answer>(.*)</answer>',['S0547588'],task1,0,0.0,252.0,25.0,1.0080320835113525,0.0001937,[],unstructured_baseline,
task1_22,**exception raised**: cannot find answer matching pattern '<answer>(.*)</answer>',['S0722219'],task1,0,0.0,252.0,33.0,0.9726228713989258,0.0002073,[],unstructured_baseline,
task1_23,**exception raised**: cannot find answer matching pattern '<answer>(.*)</answer>',['S3057899'],task1,0,0.0,252.0,99.0,2.878911018371582,0.0003195,[],unstructured_baseline,
task1_24,**exception raised**: cannot find answer matching pattern '<answer>(.*)</answer>',['S6538722'],task1,0,0.0,252.0,21.0,0.6293790340423584,0.0001869,[],unstructured_baseline,
task1_25,**exception raised**: cannot find answer matching pattern '<answer>(.*)</answer>',['S6545016'],task1,0,0.0,252.0,15.0,0.720426082611084,0.00017669999999999999,[],unstructured_baseline,
task1_26,**exception raised**: cannot find answer matching pattern '<answer>(.*)</answer>',['S3236936'],task1,0,0.0,252.0,15.0,0.9172439575195312,0.00017669999999999999,[],unstructured_baseline,
task1_27,**exception raised**: cannot find answer matching pattern '<answer>(.*)</answer>',['S3213957'],task1,0,0.0,252.0,28.0,1.1221399307250977,0.00019879999999999998,[],unstructured_baseline,
task1_28,**exception raised**: cannot find answer matching pattern '<answer>(.*)</answer>',['S2704870'],task1,0,0.0,252.0,19.0,0.7075190544128418,0.0001835,[],unstructured_baseline,
task1_29,**exception raised**: cannot find answer matching pattern '<answer>(.*)</answer>',['Patient not found'],task1,0,0.0,252.0,21.0,1.0243279933929443,0.0001869,[],unstructured_baseline,
task1_30,**exception raised**: cannot find answer matching pattern '<answer>(.*)</answer>',['Patient not found'],task1,0,0.0,252.0,63.0,2.866786003112793,0.0002583,[],unstructured_baseline,
task2_1,**exception raised**: cannot find answer matching pattern '<answer>(.*)</answer>',None,task2,0,0.0,252.0,15.0,0.8935270309448242,0.00017669999999999999,[],unstructured_baseline,'data'
task2_2,**exception raised**: cannot find answer matching pattern '<answer>(.*)</answer>',None,task2,0,0.0,252.0,19.0,0.8277080059051514,0.0001835,[],unstructured_baseline,'data'
task2_3,**exception raised**: cannot find answer matching pattern '<answer>(.*)</answer>',None,task2,0,0.0,252.0,19.0,1.1628849506378174,0.0001835,[],unstructured_baseline,'data'
task2_4,**exception raised**: cannot find answer matching pattern '<answer>(.*)</answer>',None,task2,0,0.0,252.0,21.0,1.1870629787445068,0.0001869,[],unstructured_baseline,'data'
task2_5,**exception raised**: cannot find answer matching pattern '<answer>(.*)</answer>',None,task2,0,0.0,252.0,21.0,0.8488171100616455,0.0001869,[],unstructured_baseline,'data'
task2_6,**exception raised**: cannot find answer matching pattern '<answer>(.*)</answer>',None,task2,0,0.0,252.0,18.0,0.8018679618835449,0.00018179999999999997,[],unstructured_baseline,'data'
task2_7,**exception raised**: cannot find answer matching pattern '<answer>(.*)</answer>',None,task2,0,0.0,252.0,15.0,0.7733941078186035,0.00017669999999999999,[],unstructured_baseline,'data'
task2_8,**exception raised**: cannot find answer matching pattern '<answer>(.*)</answer>',None,task2,0,0.0,252.0,21.0,1.049649953842163,0.0001869,[],unstructured_baseline,'data'
task2_9,**exception raised**: cannot find answer matching pattern '<answer>(.*)</answer>',None,task2,0,0.0,252.0,21.0,0.9864151477813721,0.0001869,[],unstructured_baseline,'data'
task2_10,**exception raised**: cannot find answer matching pattern '<answer>(.*)</answer>',None,task2,0,0.0,252.0,17.0,0.9124739170074463,0.0001801,[],unstructured_baseline,'data'
task2_11,**exception raised**: cannot find answer matching pattern '<answer>(.*)</answer>',None,task2,0,0.0,252.0,63.0,2.36989688873291,0.0002583,[],unstructured_baseline,'data'
task2_12,**exception raised**: cannot find answer matching pattern '<answer>(.*)</answer>',None,task2,0,0.0,252.0,25.0,0.994556188583374,0.0001937,[],unstructured_baseline,'data'
task2_13,**exception raised**: cannot find answer matching pattern '<answer>(.*)</answer>',None,task2,0,0.0,252.0,15.0,0.705690860748291,0.00017669999999999999,[],unstructured_baseline,'data'
task2_14,**exception raised**: cannot find answer matching pattern '<answer>(.*)</answer>',None,task2,0,0.0,252.0,26.0,0.90671706199646,0.00019539999999999998,[],unstructured_baseline,'data'
task2_15,**exception raised**: cannot find answer matching pattern '<answer>(.*)</answer>',None,task2,0,0.0,252.0,25.0,1.2159078121185303,0.0001937,[],unstructured_baseline,'data'
task2_16,**exception raised**: cannot find answer matching pattern '<answer>(.*)</answer>',None,task2,0,0.0,252.0,18.0,0.6131930351257324,0.00018179999999999997,[],unstructured_baseline,'data'
task2_17,**exception raised**: cannot find answer matching pattern '<answer>(.*)</answer>',None,task2,0,0.0,252.0,15.0,1.1253058910369873,0.00017669999999999999,[],unstructured_baseline,'data'
task2_18,**exception raised**: cannot find answer matching pattern '<answer>(.*)</answer>',None,task2,0,0.0,252.0,25.0,1.0899748802185059,0.0001937,[],unstructured_baseline,'data'
task2_19,**exception raised**: cannot find answer matching pattern '<answer>(.*)</answer>',None,task2,0,0.0,252.0,15.0,0.7163581848144531,0.00017669999999999999,[],unstructured_baseline,'data'
task2_20,**exception raised**: cannot find answer matching pattern '<answer>(.*)</answer>',None,task2,0,0.0,252.0,15.0,1.2386009693145752,0.00017669999999999999,[],unstructured_baseline,'data'
task2_21,**exception raised**: cannot find answer matching pattern '<answer>(.*)</answer>',None,task2,0,0.0,252.0,37.0,1.2188611030578613,0.0002141,[],unstructured_baseline,'data'
task2_22,**exception raised**: cannot find answer matching pattern '<answer>(.*)</answer>',None,task2,0,0.0,252.0,71.0,3.0651509761810303,0.0002719,[],unstructured_baseline,'data'
task2_23,**exception raised**: cannot find answer matching pattern '<answer>(.*)</answer>',None,task2,0,0.0,252.0,64.0,3.0588390827178955,0.00026,[],unstructured_baseline,'data'
task2_24,**exception raised**: cannot find answer matching pattern '<answer>(.*)</answer>',None,task2,0,0.0,252.0,15.0,0.9127233028411865,0.00017669999999999999,[],unstructured_baseline,'data'
task2_25,**exception raised**: cannot find answer matching pattern '<answer>(.*)</answer>',None,task2,0,0.0,252.0,21.0,1.126796007156372,0.0001869,[],unstructured_baseline,'data'
task2_26,**exception raised**: cannot find answer matching pattern '<answer>(.*)</answer>',None,task2,0,0.0,252.0,25.0,1.2816081047058105,0.0001937,[],unstructured_baseline,'data'
task2_27,**exception raised**: cannot find answer matching pattern '<answer>(.*)</answer>',None,task2,0,0.0,252.0,230.0,6.9040069580078125,0.0005422000000000001,[],unstructured_baseline,'data'
task2_28,**exception raised**: cannot find answer matching pattern '<answer>(.*)</answer>',None,task2,0,0.0,252.0,15.0,1.0006730556488037,0.00017669999999999999,[],unstructured_baseline,'data'
task2_29,**exception raised**: cannot find answer matching pattern '<answer>(.*)</answer>',None,task2,0,0.0,252.0,46.0,1.856083869934082,0.0002294,[],unstructured_baseline,'data'
task2_30,**exception raised**: cannot find answer matching pattern '<answer>(.*)</answer>',None,task2,0,0.0,252.0,19.0,0.8338279724121094,0.0001835,[],unstructured_baseline,'data'
task3_1,**exception raised**: cannot find answer matching pattern '<answer>(.*)</answer>',None,task3,0,0.0,252.0,29.0,0.8926081657409668,0.0002005,[],unstructured_baseline,
task3_2,**exception raised**: cannot find answer matching pattern '<answer>(.*)</answer>',None,task3,0,0.0,252.0,15.0,0.6075098514556885,0.00017669999999999999,[],unstructured_baseline,
task3_3,**exception raised**: cannot find answer matching pattern '<answer>(.*)</answer>',None,task3,0,0.0,252.0,22.0,1.017179012298584,0.00018859999999999998,[],unstructured_baseline,
task3_4,**exception raised**: cannot find answer matching pattern '<answer>(.*)</answer>',None,task3,0,0.0,252.0,31.0,1.0201420783996582,0.0002039,[],unstructured_baseline,
task3_5,**exception raised**: cannot find answer matching pattern '<answer>(.*)</answer>',None,task3,0,0.0,252.0,15.0,1.0227248668670654,0.00017669999999999999,[],unstructured_baseline,
task3_6,**exception raised**: cannot find answer matching pattern '<answer>(.*)</answer>',None,task3,0,0.0,252.0,22.0,0.970350980758667,0.00018859999999999998,[],unstructured_baseline,
task3_7,**exception raised**: cannot find answer matching pattern '<answer>(.*)</answer>',None,task3,0,0.0,252.0,12.0,0.8234620094299316,0.0001716,[],unstructured_baseline,
task3_8,**exception raised**: cannot find answer matching pattern '<answer>(.*)</answer>',None,task3,0,0.0,252.0,12.0,0.6423349380493164,0.0001716,[],unstructured_baseline,
task3_9,**exception raised**: cannot find answer matching pattern '<answer>(.*)</answer>',None,task3,0,0.0,252.0,25.0,1.2248718738555908,0.0001937,[],unstructured_baseline,
task3_10,**exception raised**: cannot find answer matching pattern '<answer>(.*)</answer>',None,task3,0,0.0,252.0,15.0,0.5639209747314453,0.00017669999999999999,[],unstructured_baseline,
task3_11,**exception raised**: cannot find answer matching pattern '<answer>(.*)</answer>',None,task3,0,0.0,252.0,22.0,1.47212815284729,0.00018859999999999998,[],unstructured_baseline,
task3_12,**exception raised**: cannot find answer matching pattern '<answer>(.*)</answer>',None,task3,0,0.0,252.0,15.0,0.7125911712646484,0.00017669999999999999,[],unstructured_baseline,
task3_13,**exception raised**: cannot find answer matching pattern '<answer>(.*)</answer>',None,task3,0,0.0,252.0,19.0,1.1208829879760742,0.0001835,[],unstructured_baseline,
task3_14,**exception raised**: cannot find answer matching pattern '<answer>(.*)</answer>',None,task3,0,0.0,252.0,18.0,0.8148999214172363,0.00018179999999999997,[],unstructured_baseline,
task3_15,**exception raised**: cannot find answer matching pattern '<answer>(.*)</answer>',None,task3,0,0.0,252.0,42.0,1.6321048736572266,0.0002226,[],unstructured_baseline,
task3_16,**exception raised**: cannot find answer matching pattern '<answer>(.*)</answer>',None,task3,0,0.0,252.0,21.0,1.2231159210205078,0.0001869,[],unstructured_baseline,
task3_17,**exception raised**: cannot find answer matching pattern '<answer>(.*)</answer>',None,task3,0,0.0,252.0,25.0,1.2247838973999023,0.0001937,[],unstructured_baseline,
task3_18,**exception raised**: cannot find answer matching pattern '<answer>(.*)</answer>',None,task3,0,0.0,252.0,25.0,0.814629077911377,0.0001937,[],unstructured_baseline,
task3_19,**exception raised**: cannot find answer matching pattern '<answer>(.*)</answer>',None,task3,0,0.0,252.0,11.0,0.8159737586975098,0.00016989999999999998,[],unstructured_baseline,
task3_20,**exception raised**: cannot find answer matching pattern '<answer>(.*)</answer>',None,task3,0,0.0,252.0,30.0,1.330528974533081,0.00020219999999999998,[],unstructured_baseline,
task3_21,**exception raised**: cannot find answer matching pattern '<answer>(.*)</answer>',None,task3,0,0.0,252.0,25.0,1.3066740036010742,0.0001937,[],unstructured_baseline,
task3_22,**exception raised**: cannot find answer matching pattern '<answer>(.*)</answer>',None,task3,0,0.0,252.0,15.0,0.8847391605377197,0.00017669999999999999,[],unstructured_baseline,
task3_23,**exception raised**: cannot find answer matching pattern '<answer>(.*)</answer>',None,task3,0,0.0,252.0,15.0,0.8857951164245605,0.00017669999999999999,[],unstructured_baseline,
task3_24,**exception raised**: cannot find answer matching pattern '<answer>(.*)</answer>',None,task3,0,0.0,252.0,15.0,0.5900700092315674,0.00017669999999999999,[],unstructured_baseline,
task3_25,**exception raised**: cannot find answer matching pattern '<answer>(.*)</answer>',None,task3,0,0.0,252.0,15.0,0.6855199337005615,0.00017669999999999999,[],unstructured_baseline,
task3_26,**exception raised**: cannot find answer matching pattern '<answer>(.*)</answer>',None,task3,0,0.0,252.0,15.0,0.7250769138336182,0.00017669999999999999,[],unstructured_baseline,
task3_27,**exception raised**: cannot find answer matching pattern '<answer>(.*)</answer>',None,task3,0,0.0,252.0,15.0,1.1328752040863037,0.00017669999999999999,[],unstructured_baseline,
task3_28,**exception raised**: cannot find answer matching pattern '<answer>(.*)</answer>',None,task3,0,0.0,252.0,25.0,1.1241018772125244,0.0001937,[],unstructured_baseline,
task3_29,**exception raised**: cannot find answer matching pattern '<answer>(.*)</answer>',None,task3,0,0.0,252.0,15.0,0.9138097763061523,0.00017669999999999999,[],unstructured_baseline,
task3_30,**exception raised**: cannot find answer matching pattern '<answer>(.*)</answer>',None,task3,0,0.0,252.0,15.0,1.4067189693450928,0.00017669999999999999,[],unstructured_baseline,
task4_1,**exception raised**: cannot find answer matching pattern '<answer>(.*)</answer>',None,task4,0,0.0,252.0,132.0,5.445272922515869,0.0003756,[],unstructured_baseline,'data'
task4_2,**exception raised**: cannot find answer matching pattern '<answer>(.*)</answer>',None,task4,0,0.0,252.0,15.0,0.8779110908508301,0.00017669999999999999,[],unstructured_baseline,'data'
task4_3,**exception raised**: cannot find answer matching pattern '<answer>(.*)</answer>',None,task4,0,0.0,252.0,18.0,0.7054750919342041,0.00018179999999999997,[],unstructured_baseline,'data'
task4_4,**exception raised**: cannot find answer matching pattern '<answer>(.*)</answer>',None,task4,0,0.0,252.0,18.0,1.0144188404083252,0.00018179999999999997,[],unstructured_baseline,'data'
task4_5,**exception raised**: cannot find answer matching pattern '<answer>(.*)</answer>',None,task4,0,0.0,252.0,21.0,0.7053160667419434,0.0001869,[],unstructured_baseline,'data'
task4_6,**exception raised**: cannot find answer matching pattern '<answer>(.*)</answer>',None,task4,0,0.0,252.0,18.0,0.809643030166626,0.00018179999999999997,[],unstructured_baseline,'data'
task4_7,**exception raised**: cannot find answer matching pattern '<answer>(.*)</answer>',None,task4,0,0.0,252.0,31.0,1.0165057182312012,0.0002039,[],unstructured_baseline,'data'
task4_8,**exception raised**: cannot find answer matching pattern '<answer>(.*)</answer>',None,task4,0,0.0,252.0,28.0,1.0225310325622559,0.00019879999999999998,[],unstructured_baseline,'data'
task4_9,**exception raised**: cannot find answer matching pattern '<answer>(.*)</answer>',None,task4,0,0.0,252.0,15.0,1.4190537929534912,0.00017669999999999999,[],unstructured_baseline,'data'
task4_10,**exception raised**: cannot find answer matching pattern '<answer>(.*)</answer>',None,task4,0,0.0,252.0,25.0,0.8044679164886475,0.0001937,[],unstructured_baseline,'data'
task4_11,**exception raised**: cannot find answer matching pattern '<answer>(.*)</answer>',None,task4,0,0.0,252.0,15.0,0.8115940093994141,0.00017669999999999999,[],unstructured_baseline,'data'
task4_12,**exception raised**: cannot find answer matching pattern '<answer>(.*)</answer>',None,task4,0,0.0,252.0,15.0,1.2230420112609863,0.00017669999999999999,[],unstructured_baseline,'data'
task4_13,**exception raised**: cannot find answer matching pattern '<answer>(.*)</answer>',None,task4,0,0.0,252.0,25.0,1.1115148067474365,0.0001937,[],unstructured_baseline,'data'
task4_14,**exception raised**: cannot find answer matching pattern '<answer>(.*)</answer>',None,task4,0,0.0,252.0,35.0,1.5248558521270752,0.0002107,[],unstructured_baseline,'data'
task4_15,**exception raised**: cannot find answer matching pattern '<answer>(.*)</answer>',None,task4,0,0.0,252.0,15.0,0.7070698738098145,0.00017669999999999999,[],unstructured_baseline,'data'
task4_16,**exception raised**: cannot find answer matching pattern '<answer>(.*)</answer>',None,task4,0,0.0,252.0,25.0,0.9431729316711426,0.0001937,[],unstructured_baseline,'data'
task4_17,**exception raised**: cannot find answer matching pattern '<answer>(.*)</answer>',None,task4,0,0.0,252.0,11.0,0.7337701320648193,0.00016989999999999998,[],unstructured_baseline,'data'
task4_18,**exception raised**: cannot find answer matching pattern '<answer>(.*)</answer>',None,task4,0,0.0,252.0,31.0,0.8098800182342529,0.0002039,[],unstructured_baseline,'data'
task4_19,**exception raised**: cannot find answer matching pattern '<answer>(.*)</answer>',None,task4,0,0.0,252.0,25.0,1.0657751560211182,0.0001937,[],unstructured_baseline,'data'
task4_20,**exception raised**: cannot find answer matching pattern '<answer>(.*)</answer>',None,task4,0,0.0,252.0,25.0,1.0075089931488037,0.0001937,[],unstructured_baseline,'data'
task4_21,**exception raised**: cannot find answer matching pattern '<answer>(.*)</answer>',None,task4,0,0.0,252.0,14.0,0.8078038692474365,0.000175,[],unstructured_baseline,'data'
task4_22,**exception raised**: cannot find answer matching pattern '<answer>(.*)</answer>',None,task4,0,0.0,252.0,25.0,1.320767879486084,0.0001937,[],unstructured_baseline,'data'
task4_23,**exception raised**: cannot find answer matching pattern '<answer>(.*)</answer>',None,task4,0,0.0,252.0,12.0,0.7828989028930664,0.0001716,[],unstructured_baseline,'data'
task4_24,**exception raised**: cannot find answer matching pattern '<answer>(.*)</answer>',None,task4,0,0.0,252.0,12.0,0.7903568744659424,0.0001716,[],unstructured_baseline,'data'
task4_25,**exception raised**: cannot find answer matching pattern '<answer>(.*)</answer>',None,task4,0,0.0,252.0,17.0,1.097928762435913,0.0001801,[],unstructured_baseline,'data'
task4_26,**exception raised**: cannot find answer matching pattern '<answer>(.*)</answer>',None,task4,0,0.0,252.0,15.0,0.5676472187042236,0.00017669999999999999,[],unstructured_baseline,'data'
task4_27,**exception raised**: cannot find answer matching pattern '<answer>(.*)</answer>',None,task4,0,0.0,252.0,29.0,1.3778951168060303,0.0002005,[],unstructured_baseline,'data'
task4_28,**exception raised**: cannot find answer matching pattern '<answer>(.*)</answer>',None,task4,0,0.0,252.0,23.0,0.7669382095336914,0.0001903,[],unstructured_baseline,'data'
task4_29,**exception raised**: cannot find answer matching pattern '<answer>(.*)</answer>',None,task4,0,0.0,252.0,12.0,0.6001689434051514,0.0001716,[],unstructured_baseline,'data'
task4_30,**exception raised**: cannot find answer matching pattern '<answer>(.*)</answer>',None,task4,0,0.0,252.0,25.0,0.713162899017334,0.0001937,[],unstructured_baseline,'data'
task5_1,**exception raised**: cannot find answer matching pattern '<answer>(.*)</answer>',None,task5,0,0.0,252.0,15.0,0.8048458099365234,0.00017669999999999999,[],unstructured_baseline,'data'
task5_2,**exception raised**: cannot find answer matching pattern '<answer>(.*)</answer>',None,task5,0,0.0,252.0,13.0,0.8787388801574707,0.00017329999999999998,[],unstructured_baseline,'data'
task5_3,**exception raised**: cannot find answer matching pattern '<answer>(.*)</answer>',None,task5,0,0.0,252.0,21.0,1.041105031967163,0.0001869,[],unstructured_baseline,'data'
task5_4,**exception raised**: cannot find answer matching pattern '<answer>(.*)</answer>',None,task5,0,0.0,252.0,30.0,0.9599020481109619,0.00020219999999999998,[],unstructured_baseline,'data'
task5_5,**exception raised**: cannot find answer matching pattern '<answer>(.*)</answer>',None,task5,0,0.0,252.0,12.0,0.5459370613098145,0.0001716,[],unstructured_baseline,'data'
task5_6,**exception raised**: cannot find answer matching pattern '<answer>(.*)</answer>',None,task5,0,0.0,252.0,21.0,0.7312722206115723,0.0001869,[],unstructured_baseline,'data'
task5_7,**exception raised**: cannot find answer matching pattern '<answer>(.*)</answer>',None,task5,0,0.0,252.0,24.0,1.1185438632965088,0.000192,[],unstructured_baseline,'data'
task5_8,**exception raised**: cannot find answer matching pattern '<answer>(.*)</answer>',None,task5,0,0.0,252.0,15.0,1.21787691116333,0.00017669999999999999,[],unstructured_baseline,'data'
task5_9,**exception raised**: cannot find answer matching pattern '<answer>(.*)</answer>',None,task5,0,0.0,252.0,15.0,0.7058091163635254,0.00017669999999999999,[],unstructured_baseline,'data'
task5_10,**exception raised**: cannot find answer matching pattern '<answer>(.*)</answer>',None,task5,0,0.0,252.0,25.0,1.941183090209961,0.0001937,[],unstructured_baseline,'data'
task5_11,**exception raised**: cannot find answer matching pattern '<answer>(.*)</answer>',None,task5,0,0.0,252.0,18.0,1.3748290538787842,0.00018179999999999997,[],unstructured_baseline,'data'
task5_12,**exception raised**: cannot find answer matching pattern '<answer>(.*)</answer>',None,task5,0,0.0,252.0,21.0,1.575010061264038,0.0001869,[],unstructured_baseline,'data'
task5_13,**exception raised**: cannot find answer matching pattern '<answer>(.*)</answer>',None,task5,0,0.0,252.0,36.0,1.4229240417480469,0.00021239999999999999,[],unstructured_baseline,'data'
task5_14,**exception raised**: cannot find answer matching pattern '<answer>(.*)</answer>',None,task5,0,0.0,252.0,15.0,1.3870089054107666,0.00017669999999999999,[],unstructured_baseline,'data'
task5_15,**exception raised**: cannot find answer matching pattern '<answer>(.*)</answer>',None,task5,0,0.0,252.0,15.0,0.9727320671081543,0.00017669999999999999,[],unstructured_baseline,'data'
task5_16,**exception raised**: cannot find answer matching pattern '<answer>(.*)</answer>',None,task5,0,0.0,252.0,25.0,1.7105989456176758,0.0001937,[],unstructured_baseline,'data'
task5_17,**exception raised**: cannot find answer matching pattern '<answer>(.*)</answer>',None,task5,0,0.0,252.0,21.0,0.9130220413208008,0.0001869,[],unstructured_baseline,'data'
task5_18,**exception raised**: cannot find answer matching pattern '<answer>(.*)</answer>',None,task5,0,0.0,252.0,15.0,1.1668870449066162,0.00017669999999999999,[],unstructured_baseline,'data'
task5_19,**exception raised**: cannot find answer matching pattern '<answer>(.*)</answer>',None,task5,0,0.0,252.0,17.0,1.1682498455047607,0.0001801,[],unstructured_baseline,'data'
task5_20,**exception raised**: cannot find answer matching pattern '<answer>(.*)</answer>',None,task5,0,0.0,252.0,64.0,2.9589340686798096,0.00026,[],unstructured_baseline,'data'
task5_21,**exception raised**: cannot find answer matching pattern '<answer>(.*)</answer>',None,task5,0,0.0,252.0,25.0,1.4081637859344482,0.0001937,[],unstructured_baseline,'data'
task5_22,**exception raised**: cannot find answer matching pattern '<answer>(.*)</answer>',None,task5,0,0.0,252.0,45.0,1.964050054550171,0.0002277,[],unstructured_baseline,'data'
task5_23,**exception raised**: cannot find answer matching pattern '<answer>(.*)</answer>',None,task5,0,0.0,252.0,38.0,2.068505048751831,0.0002158,[],unstructured_baseline,'data'
task5_24,**exception raised**: cannot find answer matching pattern '<answer>(.*)</answer>',None,task5,0,0.0,252.0,15.0,0.7580089569091797,0.00017669999999999999,[],unstructured_baseline,'data'
task5_25,**exception raised**: cannot find answer matching pattern '<answer>(.*)</answer>',None,task5,0,0.0,252.0,15.0,0.9094288349151611,0.00017669999999999999,[],unstructured_baseline,'data'
task5_26,**exception raised**: cannot find answer matching pattern '<answer>(.*)</answer>',None,task5,0,0.0,252.0,30.0,1.4242501258850098,0.00020219999999999998,[],unstructured_baseline,'data'
task5_27,**exception raised**: cannot find answer matching pattern '<answer>(.*)</answer>',None,task5,0,0.0,252.0,21.0,1.1216742992401123,0.0001869,[],unstructured_baseline,'data'
task5_28,**exception raised**: cannot find answer matching pattern '<answer>(.*)</answer>',None,task5,0,0.0,252.0,25.0,1.2643179893493652,0.0001937,[],unstructured_baseline,'data'
task5_29,**exception raised**: cannot find answer matching pattern '<answer>(.*)</answer>',None,task5,0,0.0,252.0,21.0,1.1683681011199951,0.0001869,[],unstructured_baseline,'data'
task5_30,**exception raised**: cannot find answer matching pattern '<answer>(.*)</answer>',None,task5,0,0.0,252.0,15.0,0.8098561763763428,0.00017669999999999999,[],unstructured_baseline,'data'
task6_1,**exception raised**: cannot find answer matching pattern '<answer>(.*)</answer>',None,task6,0,0.0,252.0,15.0,0.812628984451294,0.00017669999999999999,[],unstructured_baseline,'data'
task6_2,**exception raised**: cannot find answer matching pattern '<answer>(.*)</answer>',None,task6,0,0.0,252.0,25.0,1.5517549514770508,0.0001937,[],unstructured_baseline,'data'
task6_3,**exception raised**: cannot find answer matching pattern '<answer>(.*)</answer>',None,task6,0,0.0,252.0,354.0,12.342563152313232,0.000753,[],unstructured_baseline,'data'
task6_4,**exception raised**: cannot find answer matching pattern '<answer>(.*)</answer>',None,task6,0,0.0,252.0,15.0,0.7300491333007812,0.00017669999999999999,[],unstructured_baseline,'data'
task6_5,**exception raised**: cannot find answer matching pattern '<answer>(.*)</answer>',None,task6,0,0.0,252.0,210.0,7.56952691078186,0.0005082,[],unstructured_baseline,'data'
task6_6,**exception raised**: cannot find answer matching pattern '<answer>(.*)</answer>',None,task6,0,0.0,252.0,21.0,1.4006431102752686,0.0001869,[],unstructured_baseline,'data'
task6_7,**exception raised**: cannot find answer matching pattern '<answer>(.*)</answer>',None,task6,0,0.0,252.0,25.0,1.0369057655334473,0.0001937,[],unstructured_baseline,'data'
task6_8,**exception raised**: cannot find answer matching pattern '<answer>(.*)</answer>',None,task6,0,0.0,252.0,45.0,1.3669419288635254,0.0002277,[],unstructured_baseline,'data'
task6_9,**exception raised**: cannot find answer matching pattern '<answer>(.*)</answer>',None,task6,0,0.0,252.0,33.0,0.9791181087493896,0.0002073,[],unstructured_baseline,'data'
task6_10,**exception raised**: cannot find answer matching pattern '<answer>(.*)</answer>',None,task6,0,0.0,252.0,15.0,0.8487851619720459,0.00017669999999999999,[],unstructured_baseline,'data'
task6_11,**exception raised**: cannot find answer matching pattern '<answer>(.*)</answer>',None,task6,0,0.0,252.0,96.0,3.8447210788726807,0.0003144,[],unstructured_baseline,'data'
task6_12,**exception raised**: cannot find answer matching pattern '<answer>(.*)</answer>',None,task6,0,0.0,252.0,17.0,0.594353199005127,0.0001801,[],unstructured_baseline,'data'
task6_13,**exception raised**: cannot find answer matching pattern '<answer>(.*)</answer>',None,task6,0,0.0,252.0,15.0,0.9138469696044922,0.00017669999999999999,[],unstructured_baseline,'data'
task6_14,**exception raised**: cannot find answer matching pattern '<answer>(.*)</answer>',None,task6,0,0.0,252.0,22.0,0.9891059398651123,0.00018859999999999998,[],unstructured_baseline,'data'
task6_15,**exception raised**: cannot find answer matching pattern '<answer>(.*)</answer>',None,task6,0,0.0,252.0,15.0,0.8380758762359619,0.00017669999999999999,[],unstructured_baseline,'data'
task6_16,**exception raised**: cannot find answer matching pattern '<answer>(.*)</answer>',None,task6,0,0.0,252.0,22.0,0.7156591415405273,0.00018859999999999998,[],unstructured_baseline,'data'
task6_17,**exception raised**: cannot find answer matching pattern '<answer>(.*)</answer>',None,task6,0,0.0,252.0,18.0,3.7825090885162354,0.00018179999999999997,[],unstructured_baseline,'data'
task6_18,**exception raised**: cannot find answer matching pattern '<answer>(.*)</answer>',None,task6,0,0.0,252.0,18.0,0.8036580085754395,0.00018179999999999997,[],unstructured_baseline,'data'
task6_19,**exception raised**: cannot find answer matching pattern '<answer>(.*)</answer>',None,task6,0,0.0,252.0,19.0,0.8126788139343262,0.0001835,[],unstructured_baseline,'data'
task6_20,**exception raised**: cannot find answer matching pattern '<answer>(.*)</answer>',None,task6,0,0.0,252.0,15.0,0.7063999176025391,0.00017669999999999999,[],unstructured_baseline,'data'
task6_21,**exception raised**: cannot find answer matching pattern '<answer>(.*)</answer>',None,task6,0,0.0,252.0,15.0,0.9141218662261963,0.00017669999999999999,[],unstructured_baseline,'data'
task6_22,**exception raised**: cannot find answer matching pattern '<answer>(.*)</answer>',None,task6,0,0.0,252.0,15.0,0.8364591598510742,0.00017669999999999999,[],unstructured_baseline,'data'
task6_23,**exception raised**: cannot find answer matching pattern '<answer>(.*)</answer>',None,task6,0,0.0,252.0,33.0,0.9310610294342041,0.0002073,[],unstructured_baseline,'data'
task6_24,**exception raised**: cannot find answer matching pattern '<answer>(.*)</answer>',None,task6,0,0.0,252.0,64.0,2.090764045715332,0.00026,[],unstructured_baseline,'data'
task6_25,**exception raised**: cannot find answer matching pattern '<answer>(.*)</answer>',None,task6,0,0.0,252.0,15.0,0.7080628871917725,0.00017669999999999999,[],unstructured_baseline,'data'
task6_26,**exception raised**: cannot find answer matching pattern '<answer>(.*)</answer>',None,task6,0,0.0,252.0,15.0,0.9085180759429932,0.00017669999999999999,[],unstructured_baseline,'data'
task6_27,**exception raised**: cannot find answer matching pattern '<answer>(.*)</answer>',None,task6,0,0.0,252.0,25.0,1.3249008655548096,0.0001937,[],unstructured_baseline,'data'
task6_28,**exception raised**: cannot find answer matching pattern '<answer>(.*)</answer>',None,task6,0,0.0,252.0,15.0,0.7780699729919434,0.00017669999999999999,[],unstructured_baseline,'data'
task6_29,**exception raised**: cannot find answer matching pattern '<answer>(.*)</answer>',None,task6,0,0.0,252.0,21.0,1.3534128665924072,0.0001869,[],unstructured_baseline,'data'
task6_30,**exception raised**: cannot find answer matching pattern '<answer>(.*)</answer>',None,task6,0,0.0,252.0,21.0,0.9137182235717773,0.0001869,[],unstructured_baseline,'data'
task7_1,**exception raised**: cannot find answer matching pattern '<answer>(.*)</answer>',None,task7,0,0.0,252.0,17.0,0.6998209953308105,0.0001801,[],unstructured_baseline,'data'
task7_2,**exception raised**: cannot find answer matching pattern '<answer>(.*)</answer>',None,task7,0,0.0,252.0,14.0,0.5018610954284668,0.000175,[],unstructured_baseline,'data'
task7_3,**exception raised**: cannot find answer matching pattern '<answer>(.*)</answer>',None,task7,0,0.0,252.0,12.0,0.8134243488311768,0.0001716,[],unstructured_baseline,'data'
task7_4,**exception raised**: cannot find answer matching pattern '<answer>(.*)</answer>',None,task7,0,0.0,252.0,248.0,4.313431978225708,0.0005728,[],unstructured_baseline,'data'
task7_5,**exception raised**: cannot find answer matching pattern '<answer>(.*)</answer>',None,task7,0,0.0,252.0,21.0,0.6053407192230225,0.0001869,[],unstructured_baseline,'data'
task7_6,**exception raised**: cannot find answer matching pattern '<answer>(.*)</answer>',None,task7,0,0.0,252.0,15.0,0.6046860218048096,0.00017669999999999999,[],unstructured_baseline,'data'
task7_7,**exception raised**: cannot find answer matching pattern '<answer>(.*)</answer>',None,task7,0,0.0,252.0,22.0,0.7054152488708496,0.00018859999999999998,[],unstructured_baseline,'data'
task7_8,**exception raised**: cannot find answer matching pattern '<answer>(.*)</answer>',None,task7,0,0.0,252.0,15.0,0.8078510761260986,0.00017669999999999999,[],unstructured_baseline,'data'
task7_9,**exception raised**: cannot find answer matching pattern '<answer>(.*)</answer>',None,task7,0,0.0,252.0,19.0,0.6082499027252197,0.0001835,[],unstructured_baseline,'data'
task7_10,**exception raised**: cannot find answer matching pattern '<answer>(.*)</answer>',None,task7,0,0.0,252.0,334.0,5.617419958114624,0.000719,[],unstructured_baseline,'data'
task7_11,**exception raised**: cannot find answer matching pattern '<answer>(.*)</answer>',None,task7,0,0.0,252.0,25.0,0.7482550144195557,0.0001937,[],unstructured_baseline,'data'
task7_12,**exception raised**: cannot find answer matching pattern '<answer>(.*)</answer>',None,task7,0,0.0,252.0,46.0,1.532898187637329,0.0002294,[],unstructured_baseline,'data'
task7_13,**exception raised**: cannot find answer matching pattern '<answer>(.*)</answer>',None,task7,0,0.0,252.0,15.0,0.8003082275390625,0.00017669999999999999,[],unstructured_baseline,'data'
task7_14,**exception raised**: cannot find answer matching pattern '<answer>(.*)</answer>',None,task7,0,0.0,252.0,44.0,1.2764208316802979,0.000226,[],unstructured_baseline,'data'
task7_15,**exception raised**: cannot find answer matching pattern '<answer>(.*)</answer>',None,task7,0,0.0,252.0,27.0,0.7557089328765869,0.0001971,[],unstructured_baseline,'data'
task7_16,**exception raised**: cannot find answer matching pattern '<answer>(.*)</answer>',None,task7,0,0.0,252.0,15.0,0.7022068500518799,0.00017669999999999999,[],unstructured_baseline,'data'
task7_17,**exception raised**: cannot find answer matching pattern '<answer>(.*)</answer>',None,task7,0,0.0,252.0,15.0,0.914025068283081,0.00017669999999999999,[],unstructured_baseline,'data'
task7_18,**exception raised**: cannot find answer matching pattern '<answer>(.*)</answer>',None,task7,0,0.0,252.0,19.0,0.808387041091919,0.0001835,[],unstructured_baseline,'data'
task7_19,**exception raised**: cannot find answer matching pattern '<answer>(.*)</answer>',None,task7,0,0.0,252.0,21.0,0.7050650119781494,0.0001869,[],unstructured_baseline,'data'
task7_20,**exception raised**: cannot find answer matching pattern '<answer>(.*)</answer>',None,task7,0,0.0,252.0,39.0,0.8806009292602539,0.00021749999999999997,[],unstructured_baseline,'data'
task7_21,**exception raised**: cannot find answer matching pattern '<answer>(.*)</answer>',None,task7,0,0.0,252.0,18.0,0.5681359767913818,0.00018179999999999997,[],unstructured_baseline,'data'
task7_22,**exception raised**: cannot find answer matching pattern '<answer>(.*)</answer>',None,task7,0,0.0,252.0,35.0,1.0791230201721191,0.0002107,[],unstructured_baseline,'data'
task7_23,**exception raised**: cannot find answer matching pattern '<answer>(.*)</answer>',None,task7,0,0.0,252.0,18.0,0.9145879745483398,0.00018179999999999997,[],unstructured_baseline,'data'
task7_24,**exception raised**: cannot find answer matching pattern '<answer>(.*)</answer>',None,task7,0,0.0,252.0,15.0,0.73117995262146,0.00017669999999999999,[],unstructured_baseline,'data'
task7_25,**exception raised**: cannot find answer matching pattern '<answer>(.*)</answer>',None,task7,0,0.0,252.0,15.0,0.8878941535949707,0.00017669999999999999,[],unstructured_baseline,'data'
task7_26,**exception raised**: cannot find answer matching pattern '<answer>(.*)</answer>',None,task7,0,0.0,252.0,18.0,0.705294132232666,0.00018179999999999997,[],unstructured_baseline,'data'
task7_27,**exception raised**: cannot find answer matching pattern '<answer>(.*)</answer>',None,task7,0,0.0,252.0,15.0,1.0117268562316895,0.00017669999999999999,[],unstructured_baseline,'data'
task7_28,**exception raised**: cannot find answer matching pattern '<answer>(.*)</answer>',None,task7,0,0.0,252.0,11.0,0.7150428295135498,0.00016989999999999998,[],unstructured_baseline,'data'
task7_29,**exception raised**: cannot find answer matching pattern '<answer>(.*)</answer>',None,task7,0,0.0,252.0,270.0,5.105610132217407,0.0006102,[],unstructured_baseline,'data'
task7_30,**exception raised**: cannot find answer matching pattern '<answer>(.*)</answer>',None,task7,0,0.0,252.0,28.0,1.036651849746704,0.00019879999999999998,[],unstructured_baseline,'data'
task8_1,**exception raised**: cannot find answer matching pattern '<answer>(.*)</answer>',None,task8,0,0.0,252.0,29.0,0.9119937419891357,0.0002005,[],unstructured_baseline,
task8_2,**exception raised**: cannot find answer matching pattern '<answer>(.*)</answer>',None,task8,0,0.0,252.0,19.0,0.7117018699645996,0.0001835,[],unstructured_baseline,
task8_3,**exception raised**: cannot find answer matching pattern '<answer>(.*)</answer>',None,task8,0,0.0,252.0,70.0,2.5579769611358643,0.0002702,[],unstructured_baseline,
task8_4,**exception raised**: cannot find answer matching pattern '<answer>(.*)</answer>',None,task8,0,0.0,252.0,21.0,0.6589131355285645,0.0001869,[],unstructured_baseline,
task8_5,**exception raised**: cannot find answer matching pattern '<answer>(.*)</answer>',None,task8,0,0.0,252.0,25.0,1.074502944946289,0.0001937,[],unstructured_baseline,
task8_6,**exception raised**: cannot find answer matching pattern '<answer>(.*)</answer>',None,task8,0,0.0,252.0,18.0,0.8090019226074219,0.00018179999999999997,[],unstructured_baseline,
task8_7,**exception raised**: cannot find answer matching pattern '<answer>(.*)</answer>',None,task8,0,0.0,252.0,22.0,0.8144819736480713,0.00018859999999999998,[],unstructured_baseline,
task8_8,**exception raised**: cannot find answer matching pattern '<answer>(.*)</answer>',None,task8,0,0.0,252.0,15.0,0.8131020069122314,0.00017669999999999999,[],unstructured_baseline,
task8_9,**exception raised**: cannot find answer matching pattern '<answer>(.*)</answer>',None,task8,0,0.0,252.0,18.0,0.9173717498779297,0.00018179999999999997,[],unstructured_baseline,
task8_10,**exception raised**: cannot find answer matching pattern '<answer>(.*)</answer>',None,task8,0,0.0,252.0,25.0,1.229367733001709,0.0001937,[],unstructured_baseline,
task8_11,**exception raised**: cannot find answer matching pattern '<answer>(.*)</answer>',None,task8,0,0.0,252.0,27.0,0.9143657684326172,0.0001971,[],unstructured_baseline,
task8_12,**exception raised**: cannot find answer matching pattern '<answer>(.*)</answer>',None,task8,0,0.0,252.0,18.0,0.6365890502929688,0.00018179999999999997,[],unstructured_baseline,
task8_13,**exception raised**: cannot find answer matching pattern '<answer>(.*)</answer>',None,task8,0,0.0,252.0,15.0,0.789752721786499,0.00017669999999999999,[],unstructured_baseline,
task8_14,**exception raised**: cannot find answer matching pattern '<answer>(.*)</answer>',None,task8,0,0.0,252.0,15.0,0.8126981258392334,0.00017669999999999999,[],unstructured_baseline,
task8_15,**exception raised**: cannot find answer matching pattern '<answer>(.*)</answer>',None,task8,0,0.0,252.0,15.0,0.8139479160308838,0.00017669999999999999,[],unstructured_baseline,
task8_16,**exception raised**: cannot find answer matching pattern '<answer>(.*)</answer>',None,task8,0,0.0,252.0,21.0,0.8783080577850342,0.0001869,[],unstructured_baseline,
task8_17,**exception raised**: cannot find answer matching pattern '<answer>(.*)</answer>',None,task8,0,0.0,252.0,25.0,0.7477540969848633,0.0001937,[],unstructured_baseline,
task8_18,**exception raised**: cannot find answer matching pattern '<answer>(.*)</answer>',None,task8,0,0.0,252.0,25.0,0.9422190189361572,0.0001937,[],unstructured_baseline,
task8_19,**exception raised**: cannot find answer matching pattern '<answer>(.*)</answer>',None,task8,0,0.0,252.0,20.0,0.6909630298614502,0.0001852,[],unstructured_baseline,
task8_20,**exception raised**: cannot find answer matching pattern '<answer>(.*)</answer>',None,task8,0,0.0,252.0,29.0,0.8235838413238525,0.0002005,[],unstructured_baseline,
task8_21,**exception raised**: cannot find answer matching pattern '<answer>(.*)</answer>',None,task8,0,0.0,252.0,18.0,0.8114550113677979,0.00018179999999999997,[],unstructured_baseline,
task8_22,**exception raised**: cannot find answer matching pattern '<answer>(.*)</answer>',None,task8,0,0.0,252.0,33.0,1.0119209289550781,0.0002073,[],unstructured_baseline,
task8_23,**exception raised**: cannot find answer matching pattern '<answer>(.*)</answer>',None,task8,0,0.0,252.0,21.0,0.7452740669250488,0.0001869,[],unstructured_baseline,
task8_24,**exception raised**: cannot find answer matching pattern '<answer>(.*)</answer>',None,task8,0,0.0,252.0,15.0,0.7801809310913086,0.00017669999999999999,[],unstructured_baseline,
task8_25,**exception raised**: cannot find answer matching pattern '<answer>(.*)</answer>',None,task8,0,0.0,252.0,13.0,0.6099410057067871,0.00017329999999999998,[],unstructured_baseline,
task8_26,**exception raised**: cannot find answer matching pattern '<answer>(.*)</answer>',None,task8,0,0.0,252.0,25.0,1.3267409801483154,0.0001937,[],unstructured_baseline,
task8_27,**exception raised**: cannot find answer matching pattern '<answer>(.*)</answer>',None,task8,0,0.0,252.0,18.0,0.815889835357666,0.00018179999999999997,[],unstructured_baseline,
task8_28,**exception raised**: cannot find answer matching pattern '<answer>(.*)</answer>',None,task8,0,0.0,252.0,18.0,0.5996921062469482,0.00018179999999999997,[],unstructured_baseline,
task8_29,**exception raised**: cannot find answer matching pattern '<answer>(.*)</answer>',None,task8,0,0.0,252.0,21.0,0.7285459041595459,0.0001869,[],unstructured_baseline,
task8_30,**exception raised**: cannot find answer matching pattern '<answer>(.*)</answer>',None,task8,0,0.0,252.0,21.0,0.6885049343109131,0.0001869,[],unstructured_baseline,
task9_1,**exception raised**: cannot find answer matching pattern '<answer>(.*)</answer>',None,task9,0,0.0,252.0,15.0,0.8162713050842285,0.00017669999999999999,[],unstructured_baseline,'data'
task9_2,**exception raised**: cannot find answer matching pattern '<answer>(.*)</answer>',None,task9,0,0.0,252.0,24.0,0.9068558216094971,0.000192,[],unstructured_baseline,'data'
task9_3,**exception raised**: cannot find answer matching pattern '<answer>(.*)</answer>',None,task9,0,0.0,252.0,15.0,0.7249431610107422,0.00017669999999999999,[],unstructured_baseline,'data'
task9_4,**exception raised**: cannot find answer matching pattern '<answer>(.*)</answer>',None,task9,0,0.0,252.0,15.0,0.5334780216217041,0.00017669999999999999,[],unstructured_baseline,'data'
task9_5,**exception raised**: cannot find answer matching pattern '<answer>(.*)</answer>',None,task9,0,0.0,252.0,15.0,0.7608330249786377,0.00017669999999999999,[],unstructured_baseline,'data'
task9_6,**exception raised**: cannot find answer matching pattern '<answer>(.*)</answer>',None,task9,0,0.0,252.0,39.0,1.4274709224700928,0.00021749999999999997,[],unstructured_baseline,'data'
task9_7,**exception raised**: cannot find answer matching pattern '<answer>(.*)</answer>',None,task9,0,0.0,252.0,22.0,0.8126199245452881,0.00018859999999999998,[],unstructured_baseline,'data'
task9_8,**exception raised**: cannot find answer matching pattern '<answer>(.*)</answer>',None,task9,0,0.0,252.0,21.0,0.9081761837005615,0.0001869,[],unstructured_baseline,'data'
task9_9,**exception raised**: cannot find answer matching pattern '<answer>(.*)</answer>',None,task9,0,0.0,252.0,15.0,0.7350127696990967,0.00017669999999999999,[],unstructured_baseline,'data'
task9_10,**exception raised**: cannot find answer matching pattern '<answer>(.*)</answer>',None,task9,0,0.0,252.0,298.0,8.871827840805054,0.0006578,[],unstructured_baseline,'data'
task9_11,**exception raised**: cannot find answer matching pattern '<answer>(.*)</answer>',None,task9,0,0.0,252.0,15.0,0.7640340328216553,0.00017669999999999999,[],unstructured_baseline,'data'
task9_12,**exception raised**: cannot find answer matching pattern '<answer>(.*)</answer>',None,task9,0,0.0,252.0,25.0,0.8001348972320557,0.0001937,[],unstructured_baseline,'data'
task9_13,**exception raised**: cannot find answer matching pattern '<answer>(.*)</answer>',None,task9,0,0.0,252.0,29.0,1.0201199054718018,0.0002005,[],unstructured_baseline,'data'
task9_14,**exception raised**: cannot find answer matching pattern '<answer>(.*)</answer>',None,task9,0,0.0,252.0,2048.0,41.25588607788086,0.0036328000000000003,[],unstructured_baseline,'data'
task9_15,**exception raised**: cannot find answer matching pattern '<answer>(.*)</answer>',None,task9,0,0.0,252.0,71.0,3.61680006980896,0.0002719,[],unstructured_baseline,'data'
task9_16,**exception raised**: cannot find answer matching pattern '<answer>(.*)</answer>',None,task9,0,0.0,252.0,21.0,0.6747300624847412,0.0001869,[],unstructured_baseline,'data'
task9_17,**exception raised**: cannot find answer matching pattern '<answer>(.*)</answer>',None,task9,0,0.0,252.0,29.0,0.9151098728179932,0.0002005,[],unstructured_baseline,'data'
task9_18,**exception raised**: cannot find answer matching pattern '<answer>(.*)</answer>',None,task9,0,0.0,252.0,15.0,0.8085629940032959,0.00017669999999999999,[],unstructured_baseline,'data'
task9_19,**exception raised**: cannot find answer matching pattern '<answer>(.*)</answer>',None,task9,0,0.0,252.0,30.0,1.503115177154541,0.00020219999999999998,[],unstructured_baseline,'data'
task9_20,**exception raised**: cannot find answer matching pattern '<answer>(.*)</answer>',None,task9,0,0.0,252.0,22.0,1.1230840682983398,0.00018859999999999998,[],unstructured_baseline,'data'
task9_21,**exception raised**: cannot find answer matching pattern '<answer>(.*)</answer>',None,task9,0,0.0,252.0,21.0,1.0480108261108398,0.0001869,[],unstructured_baseline,'data'
task9_22,**exception raised**: cannot find answer matching pattern '<answer>(.*)</answer>',None,task9,0,0.0,252.0,11.0,0.980708122253418,0.00016989999999999998,[],unstructured_baseline,'data'
task9_23,**exception raised**: cannot find answer matching pattern '<answer>(.*)</answer>',None,task9,0,0.0,252.0,21.0,0.7995798587799072,0.0001869,[],unstructured_baseline,'data'
task9_24,**exception raised**: cannot find answer matching pattern '<answer>(.*)</answer>',None,task9,0,0.0,252.0,15.0,0.8287360668182373,0.00017669999999999999,[],unstructured_baseline,'data'
task9_25,**exception raised**: cannot find answer matching pattern '<answer>(.*)</answer>',None,task9,0,0.0,252.0,15.0,0.7588238716125488,0.00017669999999999999,[],unstructured_baseline,'data'
task9_26,**exception raised**: cannot find answer matching pattern '<answer>(.*)</answer>',None,task9,0,0.0,252.0,25.0,1.3337769508361816,0.0001937,[],unstructured_baseline,'data'
task9_27,**exception raised**: cannot find answer matching pattern '<answer>(.*)</answer>',None,task9,0,0.0,252.0,25.0,0.6731500625610352,0.0001937,[],unstructured_baseline,'data'
task9_28,**exception raised**: cannot find answer matching pattern '<answer>(.*)</answer>',None,task9,0,0.0,252.0,22.0,1.2901113033294678,0.00018859999999999998,[],unstructured_baseline,'data'
task9_29,**exception raised**: cannot find answer matching pattern '<answer>(.*)</answer>',None,task9,0,0.0,252.0,21.0,1.1552419662475586,0.0001869,[],unstructured_baseline,'data'
task9_30,**exception raised**: cannot find answer matching pattern '<answer>(.*)</answer>',None,task9,0,0.0,252.0,19.0,1.1572668552398682,0.0001835,[],unstructured_baseline,'data'
task10_1,**exception raised**: cannot find answer matching pattern '<answer>(.*)</answer>',None,task10,0,0.0,252.0,22.0,0.8644149303436279,0.00018859999999999998,[],unstructured_baseline,'data'
task10_2,**exception raised**: cannot find answer matching pattern '<answer>(.*)</answer>',None,task10,0,0.0,252.0,31.0,1.2632460594177246,0.0002039,[],unstructured_baseline,'data'
task10_3,**exception raised**: cannot find answer matching pattern '<answer>(.*)</answer>',None,task10,0,0.0,252.0,23.0,0.8398549556732178,0.0001903,[],unstructured_baseline,'data'
task10_4,**exception raised**: cannot find answer matching pattern '<answer>(.*)</answer>',None,task10,0,0.0,252.0,25.0,0.9938249588012695,0.0001937,[],unstructured_baseline,'data'
task10_5,**exception raised**: cannot find answer matching pattern '<answer>(.*)</answer>',None,task10,0,0.0,252.0,25.0,0.8469939231872559,0.0001937,[],unstructured_baseline,'data'
task10_6,**exception raised**: cannot find answer matching pattern '<answer>(.*)</answer>',None,task10,0,0.0,252.0,15.0,0.7994377613067627,0.00017669999999999999,[],unstructured_baseline,'data'
task10_7,**exception raised**: cannot find answer matching pattern '<answer>(.*)</answer>',None,task10,0,0.0,252.0,21.0,0.832082986831665,0.0001869,[],unstructured_baseline,'data'
task10_8,**exception raised**: cannot find answer matching pattern '<answer>(.*)</answer>',None,task10,0,0.0,252.0,25.0,0.9666597843170166,0.0001937,[],unstructured_baseline,'data'
task10_9,**exception raised**: cannot find answer matching pattern '<answer>(.*)</answer>',None,task10,0,0.0,252.0,21.0,1.0188343524932861,0.0001869,[],unstructured_baseline,'data'
task10_10,**exception raised**: cannot find answer matching pattern '<answer>(.*)</answer>',None,task10,0,0.0,252.0,21.0,1.216461181640625,0.0001869,[],unstructured_baseline,'data'
task10_11,**exception raised**: cannot find answer matching pattern '<answer>(.*)</answer>',None,task10,0,0.0,252.0,96.0,3.675421953201294,0.0003144,[],unstructured_baseline,'data'
task10_12,**exception raised**: cannot find answer matching pattern '<answer>(.*)</answer>',None,task10,0,0.0,252.0,15.0,0.6966941356658936,0.00017669999999999999,[],unstructured_baseline,'data'
task10_13,**exception raised**: cannot find answer matching pattern '<answer>(.*)</answer>',None,task10,0,0.0,252.0,15.0,0.7181098461151123,0.00017669999999999999,[],unstructured_baseline,'data'
task10_14,**exception raised**: cannot find answer matching pattern '<answer>(.*)</answer>',None,task10,0,0.0,252.0,15.0,0.8285403251647949,0.00017669999999999999,[],unstructured_baseline,'data'
task10_15,**exception raised**: cannot find answer matching pattern '<answer>(.*)</answer>',None,task10,0,0.0,252.0,15.0,0.8982448577880859,0.00017669999999999999,[],unstructured_baseline,'data'
task10_16,**exception raised**: cannot find answer matching pattern '<answer>(.*)</answer>',None,task10,0,0.0,252.0,15.0,0.9102141857147217,0.00017669999999999999,[],unstructured_baseline,'data'
task10_17,**exception raised**: cannot find answer matching pattern '<answer>(.*)</answer>',None,task10,0,0.0,252.0,15.0,0.7621269226074219,0.00017669999999999999,[],unstructured_baseline,'data'
task10_18,**exception raised**: cannot find answer matching pattern '<answer>(.*)</answer>',None,task10,0,0.0,252.0,15.0,0.6512610912322998,0.00017669999999999999,[],unstructured_baseline,'data'
task10_19,**exception raised**: cannot find answer matching pattern '<answer>(.*)</answer>',None,task10,0,0.0,252.0,15.0,0.5474960803985596,0.00017669999999999999,[],unstructured_baseline,'data'
task10_20,**exception raised**: cannot find answer matching pattern '<answer>(.*)</answer>',None,task10,0,0.0,252.0,21.0,0.9657869338989258,0.0001869,[],unstructured_baseline,'data'
task10_21,**exception raised**: cannot find answer matching pattern '<answer>(.*)</answer>',None,task10,0,0.0,252.0,32.0,1.0596768856048584,0.00020559999999999998,[],unstructured_baseline,'data'
task10_22,**exception raised**: cannot find answer matching pattern '<answer>(.*)</answer>',None,task10,0,0.0,252.0,13.0,0.5643978118896484,0.00017329999999999998,[],unstructured_baseline,'data'
task10_23,**exception raised**: cannot find answer matching pattern '<answer>(.*)</answer>',None,task10,0,0.0,252.0,15.0,0.7072811126708984,0.00017669999999999999,[],unstructured_baseline,'data'
task10_24,**exception raised**: cannot find answer matching pattern '<answer>(.*)</answer>',None,task10,0,0.0,252.0,21.0,0.6475620269775391,0.0001869,[],unstructured_baseline,'data'
task10_25,**exception raised**: cannot find answer matching pattern '<answer>(.*)</answer>',None,task10,0,0.0,252.0,31.0,0.9014620780944824,0.0002039,[],unstructured_baseline,'data'
task10_26,**exception raised**: cannot find answer matching pattern '<answer>(.*)</answer>',None,task10,0,0.0,252.0,21.0,0.9851531982421875,0.0001869,[],unstructured_baseline,'data'
task10_27,**exception raised**: cannot find answer matching pattern '<answer>(.*)</answer>',None,task10,0,0.0,252.0,22.0,1.0132548809051514,0.00018859999999999998,[],unstructured_baseline,'data'
task10_28,**exception raised**: cannot find answer matching pattern '<answer>(.*)</answer>',None,task10,0,0.0,252.0,28.0,0.806859016418457,0.00019879999999999998,[],unstructured_baseline,'data'
task10_29,**exception raised**: cannot find answer matching pattern '<answer>(.*)</answer>',None,task10,0,0.0,252.0,18.0,0.708331823348999,0.00018179999999999997,[],unstructured_baseline,'data'
task10_30,**exception raised**: cannot find answer matching pattern '<answer>(.*)</answer>',None,task10,0,0.0,252.0,15.0,0.8152341842651367,0.00017669999999999999,[],unstructured_baseline,'data'
