case_name,predicted_output,predicted_numeric,expected_output,correct,exact_match,within_limits,absolute_error,calculator_name,category,output_type,input_tokens,output_tokens,latency,cost,expt_name,retry_attempt,retried,original_predicted_output
test.0975,5.0,5.0,6.0,0.0,0.0,0.0,1.0,Caprini Score for Venous Thromboembolism (2005),risk,integer,2118.0,713.0,24.161981105804443,0.0024828999999999,unstructured_baseline,1.0,True,**exception raised**: [Errno 11] Resource temporarily unavailable
test.0047,1.0,1.0,1.0,1.0,1.0,1.0,0.0,CHA2DS2-VASc Score for Atrial Fibrillation Stroke Risk,risk,integer,2522.0,623.0,13.915921926498411,0.0025723,unstructured_baseline,1.0,True,**exception raised**: [Errno 11] Resource temporarily unavailable
test.0957,8.0,8.0,8.0,1.0,1.0,1.0,0.0,Sequential Organ Failure Assessment (SOFA) Score,risk,integer,2094.0,929.0,40.47552490234375,0.0028357,unstructured_baseline,1.0,True,"**exception raised**: litellm.RateLimitError: RateLimitError: Together_aiException - We noticed too many requests from your account. We do our best to serve all requests, but due to high load, some bursty requests may not succeed. In this situation, we use your ""dynamic"" rate limit to properly classify errors for failed requests. Your dynamic rate limit is 1 RPM, while your current request rate is 4 RPM. Please refer to https://docs.together.ai/docs/rate-limits for more details about dynamic rate limits. If your workload is truly bursty, we recommend using batch or dedicated inference. For any further questions, please contact our sales team at https://www.together.ai/contact-sales."
test.0967,11.0,11.0,13.0,0.0,0.0,0.0,2.0,Caprini Score for Venous Thromboembolism (2005),risk,integer,2060.0,602.0,21.59426736831665,0.0022594,unstructured_baseline,1.0,True,**exception raised**: litellm.ServiceUnavailableError: ServiceUnavailableError: Together_aiException - Service unavailable
test.0370,4.0,4.0,3.0,0.0,0.0,0.0,1.0,HAS-BLED Score for Major Bleeding Risk,risk,integer,2406.0,653.0,20.28018403053284,0.0025537,unstructured_baseline,,,
test.0940,25.0,25.0,28.0,0.0,0.0,0.0,3.0,APACHE II Score,risk,integer,2110.0,2208.0,68.3568799495697,0.0050196,unstructured_baseline,,,
test.0405,15.0,15.0,14.0,0.0,0.0,0.0,1.0,Glasgow-Blatchford Bleeding Score (GBS),risk,integer,1752.0,566.0,16.90336799621582,0.0020134,unstructured_baseline,1.0,True,"**exception raised**: litellm.RateLimitError: RateLimitError: Together_aiException - We noticed too many requests from your account. We do our best to serve all requests, but due to high load, some bursty requests may not succeed. In this situation, we use your ""dynamic"" rate limit to properly classify errors for failed requests. Your dynamic rate limit is 1 RPM, while your current request rate is 4 RPM. Please refer to https://docs.together.ai/docs/rate-limits for more details about dynamic rate limits. If your workload is truly bursty, we recommend using batch or dedicated inference. For any further questions, please contact our sales team at https://www.together.ai/contact-sales."
test.0403,7.0,7.0,7.0,1.0,1.0,1.0,0.0,Glasgow-Blatchford Bleeding Score (GBS),risk,integer,1941.0,766.0,22.101804494857788,0.0024668,unstructured_baseline,1.0,True,"**exception raised**: litellm.RateLimitError: RateLimitError: Together_aiException - We noticed too many requests from your account. We do our best to serve all requests, but due to high load, some bursty requests may not succeed. In this situation, we use your ""dynamic"" rate limit to properly classify errors for failed requests. Your dynamic rate limit is 1 RPM, while your current request rate is 3 RPM. Please refer to https://docs.together.ai/docs/rate-limits for more details about dynamic rate limits. If your workload is truly bursty, we recommend using batch or dedicated inference. For any further questions, please contact our sales team at https://www.together.ai/contact-sales."
test.0122,4.5,4.5,4.5,1.0,1.0,1.0,0.0,Wells' Criteria for Pulmonary Embolism,risk,integer,2445.0,561.0,17.47503900527954,0.0024207,unstructured_baseline,,,
test.0626,2.0,2.0,2.0,1.0,1.0,1.0,0.0,PERC Rule for Pulmonary Embolism,diagnosis,integer,2173.0,504.0,13.63259482383728,0.0021606,unstructured_baseline,1.0,True,**exception raised**: litellm.ServiceUnavailableError: ServiceUnavailableError: Together_aiException - Service unavailable
test.0628,1.0,1.0,1.0,1.0,1.0,1.0,0.0,PERC Rule for Pulmonary Embolism,diagnosis,integer,1959.0,383.0,11.541741132736206,0.0018265,unstructured_baseline,1.0,True,**exception raised**: litellm.ServiceUnavailableError: ServiceUnavailableError: Together_aiException - Service unavailable
test.0636,3.0,3.0,3.0,1.0,1.0,1.0,0.0,PERC Rule for Pulmonary Embolism,diagnosis,integer,2259.0,307.0,17.92268657684326,0.0018773,unstructured_baseline,,,
test.0955,14.0,14.0,14.0,1.0,1.0,1.0,0.0,Sequential Organ Failure Assessment (SOFA) Score,risk,integer,2168.0,1915.0,68.75326633453369,0.0045563,unstructured_baseline,,,
test.0905,7.0,7.0,6.0,0.0,0.0,0.0,1.0,Glasgow Coma Score (GCS),severity,integer,2081.0,308.0,10.474726676940918,0.0017721999999999,unstructured_baseline,,,
test.0884,90.0,90.0,90.0,1.0,1.0,1.0,0.0,PSI Score: Pneumonia Severity Index for CAP,severity,integer,2109.0,758.0,28.660893201828003,0.002554,unstructured_baseline,1.0,True,**exception raised**: litellm.ServiceUnavailableError: ServiceUnavailableError: Together_aiException - Service unavailable
test.0890,**exception raised**: could not convert string to float: 'e',,106.0,0.0,0.0,0.0,inf,PSI Score: Pneumonia Severity Index for CAP,severity,integer,2375.0,1054.0,33.30093789100647,0.0032167999999999,unstructured_baseline,3.0,True,**exception raised**: litellm.ServiceUnavailableError: ServiceUnavailableError: Together_aiException - Service unavailable
test.0201,9.0,9.0,9.0,1.0,1.0,1.0,0.0,Child-Pugh Score for Cirrhosis Mortality,severity,integer,1910.0,738.0,27.844186067581177,0.0024006,unstructured_baseline,1.0,True,"**exception raised**: litellm.RateLimitError: RateLimitError: Together_aiException - We noticed too many requests from your account. We do our best to serve all requests, but due to high load, some bursty requests may not succeed. In this situation, we use your ""dynamic"" rate limit to properly classify errors for failed requests. Your dynamic rate limit is 1 RPM, while your current request rate is 3 RPM. Please refer to https://docs.together.ai/docs/rate-limits for more details about dynamic rate limits. If your workload is truly bursty, we recommend using batch or dedicated inference. For any further questions, please contact our sales team at https://www.together.ai/contact-sales."
test.0262,5.0,5.0,5.0,1.0,1.0,1.0,0.0,HEART Score for Major Cardiac Events,risk,integer,2300.0,879.0,31.85364246368408,0.0028742999999999,unstructured_baseline,1.0,True,**exception raised**: litellm.ServiceUnavailableError: ServiceUnavailableError: Together_aiException - Service unavailable
test.0364,2.0,2.0,2.0,1.0,1.0,1.0,0.0,HAS-BLED Score for Major Bleeding Risk,risk,integer,2097.0,636.0,19.085407495498657,0.0023394,unstructured_baseline,,,
test.0275,4.0,4.0,5.0,0.0,0.0,0.0,1.0,HEART Score for Major Cardiac Events,risk,integer,1895.0,462.0,17.391398668289185,0.0019223999999999,unstructured_baseline,1.0,True,**exception raised**: litellm.ServiceUnavailableError: ServiceUnavailableError: Together_aiException - Service unavailable
test.0543,1.0,1.0,1.0,1.0,1.0,1.0,0.0,CURB-65 Score for Pneumonia Severity,risk,integer,1979.0,292.0,19.44626212120056,0.0016838,unstructured_baseline,,,
test.0212,8.0,8.0,8.0,1.0,1.0,1.0,0.0,Child-Pugh Score for Cirrhosis Mortality,severity,integer,1813.0,589.0,30.94521427154541,0.0020891,unstructured_baseline,,,
test.0939,20.0,20.0,22.0,0.0,0.0,0.0,2.0,APACHE II Score,risk,integer,2069.0,1893.0,58.52238941192627,0.0044595,unstructured_baseline,1.0,True,**exception raised**: litellm.ServiceUnavailableError: ServiceUnavailableError: Together_aiException - Service unavailable
test.0232,3.0,3.0,3.0,1.0,1.0,1.0,0.0,Wells' Criteria for DVT,risk,decimal,2451.0,712.0,23.196117877960205,0.002681,unstructured_baseline,1.0,True,**exception raised**: litellm.ServiceUnavailableError: ServiceUnavailableError: Together_aiException - Service unavailable
test.0885,75.0,75.0,94.0,0.0,0.0,0.0,19.0,PSI Score: Pneumonia Severity Index for CAP,severity,integer,2057.0,812.0,25.02901339530945,0.0026146,unstructured_baseline,1.0,True,"**exception raised**: litellm.RateLimitError: RateLimitError: Together_aiException - We noticed too many requests from your account. We do our best to serve all requests, but due to high load, some bursty requests may not succeed. In this situation, we use your ""dynamic"" rate limit to properly classify errors for failed requests. Your dynamic rate limit is 1 RPM, while your current request rate is 4 RPM. Please refer to https://docs.together.ai/docs/rate-limits for more details about dynamic rate limits. If your workload is truly bursty, we recommend using batch or dedicated inference. For any further questions, please contact our sales team at https://www.together.ai/contact-sales."
test.0211,5.0,5.0,5.0,1.0,1.0,1.0,0.0,Child-Pugh Score for Cirrhosis Mortality,severity,integer,1925.0,534.0,19.832128763198853,0.0020628,unstructured_baseline,,,
test.0264,6.0,6.0,4.0,0.0,0.0,0.0,2.0,HEART Score for Major Cardiac Events,risk,integer,2069.0,605.0,21.419331073760983,0.0022699,unstructured_baseline,1.0,True,**exception raised**: litellm.ServiceUnavailableError: ServiceUnavailableError: Together_aiException - Service unavailable
test.0376,2.0,2.0,2.0,1.0,1.0,1.0,0.0,HAS-BLED Score for Major Bleeding Risk,risk,integer,2299.0,745.0,34.07202076911926,0.0026459,unstructured_baseline,,,
test.0625,1.0,1.0,1.0,1.0,1.0,1.0,0.0,PERC Rule for Pulmonary Embolism,diagnosis,integer,1766.0,493.0,18.99281215667725,0.0018977,unstructured_baseline,1.0,True,"**exception raised**: litellm.RateLimitError: RateLimitError: Together_aiException - We noticed too many requests from your account. We do our best to serve all requests, but due to high load, some bursty requests may not succeed. In this situation, we use your ""dynamic"" rate limit to properly classify errors for failed requests. Your dynamic rate limit is 1 RPM, while your current request rate is 6 RPM. Please refer to https://docs.together.ai/docs/rate-limits for more details about dynamic rate limits. If your workload is truly bursty, we recommend using batch or dedicated inference. For any further questions, please contact our sales team at https://www.together.ai/contact-sales."
test.0257,2.0,2.0,2.0,1.0,1.0,1.0,0.0,Revised Cardiac Risk Index for Pre-Operative Risk,risk,integer,2557.0,598.0,35.36827039718628,0.0025507999999999,unstructured_baseline,,,
test.0911,7.0,7.0,8.0,0.0,0.0,0.0,1.0,Glasgow Coma Score (GCS),severity,integer,2138.0,323.0,16.576107025146484,0.0018319,unstructured_baseline,1.0,True,**exception raised**: litellm.ServiceUnavailableError: ServiceUnavailableError: Together_aiException - Service unavailable
test.0896,148.0,148.0,168.0,0.0,0.0,0.0,20.0,PSI Score: Pneumonia Severity Index for CAP,severity,integer,2463.0,449.0,29.910282373428345,0.0022411,unstructured_baseline,1.0,True,**exception raised**: litellm.ServiceUnavailableError: ServiceUnavailableError: Together_aiException - Service unavailable
test.0057,3.0,3.0,3.0,1.0,1.0,1.0,0.0,CHA2DS2-VASc Score for Atrial Fibrillation Stroke Risk,risk,integer,1871.0,521.0,26.766477823257446,0.0020082999999999,unstructured_baseline,,,
test.0545,2.0,2.0,2.0,1.0,1.0,1.0,0.0,CURB-65 Score for Pneumonia Severity,risk,integer,2834.0,396.0,18.77663731575012,0.0023736,unstructured_baseline,,,
test.0965,8.0,8.0,6.0,0.0,0.0,0.0,2.0,Caprini Score for Venous Thromboembolism (2005),risk,integer,2101.0,903.0,24.914792776107788,0.0027957,unstructured_baseline,,,
test.0468,8.0,8.0,8.0,1.0,1.0,1.0,0.0,Charlson Comorbidity Index (CCI),risk,integer,2388.0,809.0,34.93402552604675,0.0028081,unstructured_baseline,1.0,True,"**exception raised**: litellm.RateLimitError: RateLimitError: Together_aiException - We noticed too many requests from your account. We do our best to serve all requests, but due to high load, some bursty requests may not succeed. In this situation, we use your ""dynamic"" rate limit to properly classify errors for failed requests. Your dynamic rate limit is 0.5 RPM, while your current request rate is 3 RPM. Please refer to https://docs.together.ai/docs/rate-limits for more details about dynamic rate limits. If your workload is truly bursty, we recommend using batch or dedicated inference. For any further questions, please contact our sales team at https://www.together.ai/contact-sales."
test.0652,0.0,0.0,0.0,1.0,1.0,1.0,0.0,SIRS Criteria,diagnosis,integer,1532.0,412.0,12.425800085067747,0.0016196,unstructured_baseline,,,
test.0959,10.0,10.0,10.0,1.0,1.0,1.0,0.0,Sequential Organ Failure Assessment (SOFA) Score,risk,integer,2234.0,1261.0,37.79633474349976,0.0034841,unstructured_baseline,1.0,True,**exception raised**: litellm.InternalServerError: InternalServerError: Together_aiException - Internal server error
test.0415,0.0,0.0,0.0,1.0,1.0,1.0,0.0,Glasgow-Blatchford Bleeding Score (GBS),risk,integer,2441.0,468.0,15.15597677230835,0.0022602,unstructured_baseline,1.0,True,**exception raised**: litellm.InternalServerError: InternalServerError: Together_aiException - Internal server error
test.0051,2.0,2.0,1.0,0.0,0.0,0.0,1.0,CHA2DS2-VASc Score for Atrial Fibrillation Stroke Risk,risk,integer,2146.0,772.0,34.28880524635315,0.0026,unstructured_baseline,,,
test.0946,5.0,5.0,5.0,1.0,1.0,1.0,0.0,Sequential Organ Failure Assessment (SOFA) Score,risk,integer,2147.0,1000.0,31.1366126537323,0.0029882,unstructured_baseline,1.0,True,**exception raised**: litellm.InternalServerError: InternalServerError: Together_aiException - Internal server error
test.0914,**exception raised**: could not convert string to float: 'e',,12.0,0.0,0.0,0.0,inf,Glasgow Coma Score (GCS),severity,integer,2233.0,522.0,18.53400063514709,0.0022272,unstructured_baseline,3.0,True,**exception raised**: litellm.ServiceUnavailableError: ServiceUnavailableError: Together_aiException - Service unavailable
test.0203,6.0,6.0,6.0,1.0,1.0,1.0,0.0,Child-Pugh Score for Cirrhosis Mortality,severity,integer,1851.0,638.0,27.631544589996334,0.0021952,unstructured_baseline,1.0,True,"**exception raised**: litellm.RateLimitError: RateLimitError: Together_aiException - We noticed too many requests from your account. We do our best to serve all requests, but due to high load, some bursty requests may not succeed. In this situation, we use your ""dynamic"" rate limit to properly classify errors for failed requests. Your dynamic rate limit is 0.5 RPM, while your current request rate is 2 RPM. Please refer to https://docs.together.ai/docs/rate-limits for more details about dynamic rate limits. If your workload is truly bursty, we recommend using batch or dedicated inference. For any further questions, please contact our sales team at https://www.together.ai/contact-sales."
test.0921,25.0,25.0,22.0,0.0,0.0,0.0,3.0,APACHE II Score,risk,integer,2001.0,969.0,28.99111008644104,0.0028479,unstructured_baseline,1.0,True,**exception raised**: litellm.ServiceUnavailableError: ServiceUnavailableError: Together_aiException - Service unavailable
test.0242,2.0,2.0,2.0,1.0,1.0,1.0,0.0,Revised Cardiac Risk Index for Pre-Operative Risk,risk,integer,2340.0,597.0,36.33446502685547,0.0024189,unstructured_baseline,,,
test.0642,1.0,1.0,1.0,1.0,1.0,1.0,0.0,SIRS Criteria,diagnosis,integer,2165.0,333.0,12.636210203170776,0.0018651,unstructured_baseline,1.0,True,"**exception raised**: litellm.RateLimitError: RateLimitError: Together_aiException - We noticed too many requests from your account. We do our best to serve all requests, but due to high load, some bursty requests may not succeed. In this situation, we use your ""dynamic"" rate limit to properly classify errors for failed requests. Your dynamic rate limit is 0.5 RPM, while your current request rate is 2 RPM. Please refer to https://docs.together.ai/docs/rate-limits for more details about dynamic rate limits. If your workload is truly bursty, we recommend using batch or dedicated inference. For any further questions, please contact our sales team at https://www.together.ai/contact-sales."
test.0054,0.0,0.0,0.0,1.0,1.0,1.0,0.0,CHA2DS2-VASc Score for Atrial Fibrillation Stroke Risk,risk,integer,1604.0,383.0,14.651819944381714,0.0016135,unstructured_baseline,,,
test.0263,4.0,4.0,5.0,0.0,0.0,0.0,1.0,HEART Score for Major Cardiac Events,risk,integer,1847.0,533.0,18.59934878349304,0.0020143,unstructured_baseline,1.0,True,**exception raised**: litellm.ServiceUnavailableError: ServiceUnavailableError: Together_aiException - Service unavailable
test.0893,144.0,144.0,159.0,0.0,0.0,0.0,15.0,PSI Score: Pneumonia Severity Index for CAP,severity,integer,2278.0,1154.0,32.56979584693909,0.0033286,unstructured_baseline,,,
test.0915,10.0,10.0,9.0,0.0,0.0,0.0,1.0,Glasgow Coma Score (GCS),severity,integer,2224.0,428.0,16.12204647064209,0.002062,unstructured_baseline,1.0,True,**exception raised**: litellm.ServiceUnavailableError: ServiceUnavailableError: Together_aiException - Service unavailable
test.0365,4.0,4.0,4.0,1.0,1.0,1.0,0.0,HAS-BLED Score for Major Bleeding Risk,risk,integer,2181.0,747.0,78.25126624107361,0.0025785,unstructured_baseline,,,
test.0478,3.0,3.0,3.0,1.0,1.0,1.0,0.0,Charlson Comorbidity Index (CCI),risk,integer,2348.0,768.0,205.07677102088928,0.0027144,unstructured_baseline,,,
test.0902,15.0,15.0,15.0,1.0,1.0,1.0,0.0,Glasgow Coma Score (GCS),severity,integer,2094.0,348.0,6.920285224914551,0.0018479999999999,unstructured_baseline,,,
test.0058,6.0,6.0,6.0,1.0,1.0,1.0,0.0,CHA2DS2-VASc Score for Atrial Fibrillation Stroke Risk,risk,integer,2550.0,434.0,9.331822872161863,0.0022678,unstructured_baseline,,,
test.0954,13.0,13.0,14.0,0.0,0.0,0.0,1.0,Sequential Organ Failure Assessment (SOFA) Score,risk,integer,2473.0,891.0,17.7606098651886,0.0029985,unstructured_baseline,,,
test.0912,10.0,10.0,9.0,0.0,0.0,0.0,1.0,Glasgow Coma Score (GCS),severity,integer,2230.0,450.0,9.599920988082886,0.002103,unstructured_baseline,,,
test.0649,1.0,1.0,1.0,1.0,1.0,1.0,0.0,SIRS Criteria,diagnosis,integer,2311.0,449.0,7.950741291046143,0.0021498999999999,unstructured_baseline,,,
test.0266,7.0,7.0,6.0,0.0,0.0,0.0,1.0,HEART Score for Major Cardiac Events,risk,integer,2161.0,548.0,15.954493522644045,0.0022282,unstructured_baseline,1.0,True,"**exception raised**: litellm.RateLimitError: RateLimitError: Together_aiException - We noticed too many requests from your account. We do our best to serve all requests, but due to high load, some bursty requests may not succeed. In this situation, we use your ""dynamic"" rate limit to properly classify errors for failed requests. Your dynamic rate limit is 0.5 RPM, while your current request rate is 3 RPM. Please refer to https://docs.together.ai/docs/rate-limits for more details about dynamic rate limits. If your workload is truly bursty, we recommend using batch or dedicated inference. For any further questions, please contact our sales team at https://www.together.ai/contact-sales."
test.0634,3.0,3.0,3.0,1.0,1.0,1.0,0.0,PERC Rule for Pulmonary Embolism,diagnosis,integer,2276.0,462.0,128.68185329437256,0.002151,unstructured_baseline,,,
test.0375,1.0,1.0,3.0,0.0,0.0,0.0,2.0,HAS-BLED Score for Major Bleeding Risk,risk,integer,2453.0,1042.0,30.035193920135494,0.0032432,unstructured_baseline,,,
test.0475,0.0,0.0,1.0,0.0,0.0,0.0,1.0,Charlson Comorbidity Index (CCI),risk,integer,2376.0,873.0,32.16441249847412,0.0029097,unstructured_baseline,,,
test.0908,6.0,6.0,6.0,1.0,1.0,1.0,0.0,Glasgow Coma Score (GCS),severity,integer,2118.0,275.0,129.7881989479065,0.0017383,unstructured_baseline,,,
test.0221,2.0,2.0,3.0,0.0,0.0,0.0,1.0,Wells' Criteria for DVT,risk,decimal,2179.0,741.0,14.401994228363035,0.0025671,unstructured_baseline,,,
test.0462,4.0,4.0,2.0,0.0,0.0,0.0,2.0,Charlson Comorbidity Index (CCI),risk,integer,1690.0,711.0,7.223991632461548,0.0022227,unstructured_baseline,,,
test.0490,1.0,1.0,2.0,0.0,0.0,0.0,1.0,FeverPAIN Score for Strep Pharyngitis,diagnosis,integer,2128.0,289.0,3.829170227050781,0.0017680999999999,unstructured_baseline,,,
test.0964,7.0,7.0,10.0,0.0,0.0,0.0,3.0,Caprini Score for Venous Thromboembolism (2005),risk,integer,2081.0,702.0,9.681990385055542,0.0024419999999999,unstructured_baseline,,,
test.0968,8.0,8.0,8.0,1.0,1.0,1.0,0.0,Caprini Score for Venous Thromboembolism (2005),risk,integer,2233.0,1270.0,12.664904832839966,0.0034988,unstructured_baseline,,,
test.0491,4.0,4.0,4.0,1.0,1.0,1.0,0.0,FeverPAIN Score for Strep Pharyngitis,diagnosis,integer,1644.0,401.0,217.53270053863525,0.0016681,unstructured_baseline,,,
test.0919,10.0,10.0,10.0,1.0,1.0,1.0,0.0,Glasgow Coma Score (GCS),severity,integer,2375.0,252.0,169.2173354625702,0.0018533999999999,unstructured_baseline,,,
test.0494,3.0,3.0,3.0,1.0,1.0,1.0,0.0,FeverPAIN Score for Strep Pharyngitis,diagnosis,integer,1552.0,361.0,161.80826473236084,0.0015449,unstructured_baseline,,,
test.0137,0.0,0.0,1.5,0.0,0.0,0.0,1.5,Wells' Criteria for Pulmonary Embolism,risk,integer,1996.0,411.0,7.254637479782104,0.0018963,unstructured_baseline,,,
test.0555,2.0,2.0,2.0,1.0,1.0,1.0,0.0,CURB-65 Score for Pneumonia Severity,risk,integer,2656.0,269.0,10.479648113250732,0.0020509,unstructured_baseline,,,
test.0495,4.0,4.0,4.0,1.0,1.0,1.0,0.0,FeverPAIN Score for Strep Pharyngitis,diagnosis,integer,2106.0,802.0,11.93711256980896,0.002627,unstructured_baseline,,,
test.0404,1.0,1.0,1.0,1.0,1.0,1.0,0.0,Glasgow-Blatchford Bleeding Score (GBS),risk,integer,1754.0,455.0,7.408335447311401,0.0018259,unstructured_baseline,,,
test.0214,7.0,7.0,8.0,0.0,0.0,0.0,1.0,Child-Pugh Score for Cirrhosis Mortality,severity,integer,1859.0,716.0,23.169001817703247,0.0023325999999999,unstructured_baseline,,,
test.0660,2.0,2.0,2.0,1.0,1.0,1.0,0.0,SIRS Criteria,diagnosis,integer,1675.0,310.0,8.276138305664062,0.001532,unstructured_baseline,,,
test.0461,3.0,3.0,9.0,0.0,0.0,0.0,6.0,Charlson Comorbidity Index (CCI),risk,integer,2337.0,576.0,20.08874821662903,0.0023813999999999,unstructured_baseline,,,
test.0496,2.0,2.0,2.0,1.0,1.0,1.0,0.0,FeverPAIN Score for Strep Pharyngitis,diagnosis,integer,1511.0,313.0,28.658446550369263,0.0014386999999999,unstructured_baseline,,,
test.0924,13.0,13.0,12.0,0.0,0.0,0.0,1.0,APACHE II Score,risk,integer,2025.0,1285.0,37.14207625389099,0.0033995,unstructured_baseline,,,
test.0969,6.0,6.0,7.0,0.0,0.0,0.0,1.0,Caprini Score for Venous Thromboembolism (2005),risk,integer,2165.0,799.0,209.0368847846985,0.0026573,unstructured_baseline,,,
test.0401,16.0,16.0,14.0,0.0,0.0,0.0,2.0,Glasgow-Blatchford Bleeding Score (GBS),risk,integer,2202.0,652.0,19.123077392578125,0.0024296,unstructured_baseline,,,
test.0302,2.0,2.0,2.0,1.0,1.0,1.0,0.0,Centor Score (Modified/McIsaac) for Strep Pharyngitis,severity,integer,2057.0,557.0,18.93424654006958,0.0021811,unstructured_baseline,,,
test.0976,8.0,8.0,8.0,1.0,1.0,1.0,0.0,Caprini Score for Venous Thromboembolism (2005),risk,integer,2049.0,514.0,6.428371906280518,0.0021032,unstructured_baseline,,,
test.0910,8.0,8.0,9.0,0.0,0.0,0.0,1.0,Glasgow Coma Score (GCS),severity,integer,2053.0,1075.0,29.288942575454712,0.0030593,unstructured_baseline,,,
test.0050,0.0,0.0,0.0,1.0,1.0,1.0,0.0,CHA2DS2-VASc Score for Atrial Fibrillation Stroke Risk,risk,integer,1869.0,465.0,58.91512894630432,0.0019119,unstructured_baseline,,,
test.0883,138.0,138.0,128.0,0.0,0.0,0.0,10.0,PSI Score: Pneumonia Severity Index for CAP,severity,integer,2111.0,728.0,65.1474392414093,0.0025042,unstructured_baseline,,,
test.0909,15.0,15.0,15.0,1.0,1.0,1.0,0.0,Glasgow Coma Score (GCS),severity,integer,2209.0,323.0,9.91702675819397,0.0018744999999999,unstructured_baseline,1.0,True,"**exception raised**: litellm.RateLimitError: RateLimitError: Together_aiException - We noticed too many requests from your account. We do our best to serve all requests, but due to high load, some bursty requests may not succeed. In this situation, we use your ""dynamic"" rate limit to properly classify errors for failed requests. Your dynamic rate limit is 0.5 RPM, while your current request rate is 2 RPM. Please refer to https://docs.together.ai/docs/rate-limits for more details about dynamic rate limits. If your workload is truly bursty, we recommend using batch or dedicated inference. For any further questions, please contact our sales team at https://www.together.ai/contact-sales."
test.0630,3.0,3.0,3.0,1.0,1.0,1.0,0.0,PERC Rule for Pulmonary Embolism,diagnosis,integer,2292.0,395.0,61.0711989402771,0.0020467,unstructured_baseline,,,
test.0932,25.0,25.0,28.0,0.0,0.0,0.0,3.0,APACHE II Score,risk,integer,1799.0,955.0,22.68671488761902,0.0027029,unstructured_baseline,,,
test.0484,4.0,4.0,4.0,1.0,1.0,1.0,0.0,FeverPAIN Score for Strep Pharyngitis,diagnosis,integer,1673.0,409.0,8.04115343093872,0.0016991,unstructured_baseline,,,
test.0252,2.0,2.0,2.0,1.0,1.0,1.0,0.0,Revised Cardiac Risk Index for Pre-Operative Risk,risk,integer,2575.0,493.0,20.645883798599243,0.0023831,unstructured_baseline,,,
test.0644,1.0,1.0,1.0,1.0,1.0,1.0,0.0,SIRS Criteria,diagnosis,integer,2003.0,411.0,15.596505403518677,0.0019005,unstructured_baseline,,,
test.0230,3.0,3.0,4.0,0.0,0.0,0.0,1.0,Wells' Criteria for DVT,risk,decimal,2269.0,695.0,23.61653709411621,0.0025429,unstructured_baseline,,,
test.0407,11.0,11.0,11.0,1.0,1.0,1.0,0.0,Glasgow-Blatchford Bleeding Score (GBS),risk,integer,2264.0,763.0,30.711179971694943,0.0026555,unstructured_baseline,,,
test.0044,2.0,2.0,4.0,0.0,0.0,0.0,2.0,CHA2DS2-VASc Score for Atrial Fibrillation Stroke Risk,risk,integer,1988.0,563.0,20.9287269115448,0.0021498999999999,unstructured_baseline,,,
test.0265,6.0,6.0,4.0,0.0,0.0,0.0,2.0,HEART Score for Major Cardiac Events,risk,integer,2353.0,368.0,18.522132635116577,0.0020374,unstructured_baseline,,,
test.0938,17.0,17.0,18.0,0.0,0.0,0.0,1.0,APACHE II Score,risk,integer,2235.0,1906.0,45.07810401916504,0.0045812,unstructured_baseline,,,
test.0631,0.0,0.0,0.0,1.0,1.0,1.0,0.0,PERC Rule for Pulmonary Embolism,diagnosis,integer,1945.0,622.0,13.15906023979187,0.0022243999999999,unstructured_baseline,,,
test.0560,1.0,1.0,1.0,1.0,1.0,1.0,0.0,CURB-65 Score for Pneumonia Severity,risk,integer,2561.0,291.0,22.936867713928223,0.0020312999999999,unstructured_baseline,,,
test.0361,4.0,4.0,5.0,0.0,0.0,0.0,1.0,HAS-BLED Score for Major Bleeding Risk,risk,integer,2295.0,781.0,64.40011620521545,0.0027047,unstructured_baseline,,,
test.0486,3.0,3.0,3.0,1.0,1.0,1.0,0.0,FeverPAIN Score for Strep Pharyngitis,diagnosis,integer,1842.0,460.0,11.007847785949709,0.0018872,unstructured_baseline,,,
test.0632,1.0,1.0,1.0,1.0,1.0,1.0,0.0,PERC Rule for Pulmonary Embolism,diagnosis,integer,1607.0,444.0,15.03187370300293,0.001719,unstructured_baseline,,,
test.0412,5.0,5.0,5.0,1.0,1.0,1.0,0.0,Glasgow-Blatchford Bleeding Score (GBS),risk,integer,2614.0,689.0,23.64704966545105,0.0027397,unstructured_baseline,1.0,True,"**exception raised**: litellm.RateLimitError: RateLimitError: Together_aiException - We noticed too many requests from your account. We do our best to serve all requests, but due to high load, some bursty requests may not succeed. In this situation, we use your ""dynamic"" rate limit to properly classify errors for failed requests. Your dynamic rate limit is 0.5 RPM, while your current request rate is 2 RPM. Please refer to https://docs.together.ai/docs/rate-limits for more details about dynamic rate limits. If your workload is truly bursty, we recommend using batch or dedicated inference. For any further questions, please contact our sales team at https://www.together.ai/contact-sales."
test.0651,2.0,2.0,2.0,1.0,1.0,1.0,0.0,SIRS Criteria,diagnosis,integer,2075.0,464.0,13.7393639087677,0.0020338,unstructured_baseline,,,
test.0380,3.0,3.0,4.0,0.0,0.0,0.0,1.0,HAS-BLED Score for Major Bleeding Risk,risk,integer,2623.0,1322.0,27.70537233352661,0.0038212,unstructured_baseline,,,
test.0923,18.0,18.0,21.0,0.0,0.0,0.0,3.0,APACHE II Score,risk,integer,1987.0,1359.0,28.67503809928894,0.0035025,unstructured_baseline,,,
test.0045,5.0,5.0,5.0,1.0,1.0,1.0,0.0,CHA2DS2-VASc Score for Atrial Fibrillation Stroke Risk,risk,integer,1708.0,541.0,13.701828718185425,0.0019445,unstructured_baseline,,,
test.0126,0.0,0.0,0.0,1.0,1.0,1.0,0.0,Wells' Criteria for Pulmonary Embolism,risk,integer,1630.0,532.0,15.21355938911438,0.0018823999999999,unstructured_baseline,,,
test.0483,4.0,4.0,5.0,0.0,0.0,0.0,1.0,FeverPAIN Score for Strep Pharyngitis,diagnosis,integer,1772.0,571.0,25.38853645324707,0.0020339,unstructured_baseline,,,
test.0963,7.0,7.0,7.0,1.0,1.0,1.0,0.0,Caprini Score for Venous Thromboembolism (2005),risk,integer,2174.0,443.0,15.441795349121094,0.0020575,unstructured_baseline,1.0,True,**exception raised**: litellm.ServiceUnavailableError: ServiceUnavailableError: Together_aiException - Service unavailable
test.0139,0.0,0.0,0.0,1.0,1.0,1.0,0.0,Wells' Criteria for Pulmonary Embolism,risk,integer,2520.0,452.0,18.7723605632782,0.0022804,unstructured_baseline,,,
test.0248,3.0,3.0,3.0,1.0,1.0,1.0,0.0,Revised Cardiac Risk Index for Pre-Operative Risk,risk,integer,2307.0,571.0,29.313135862350464,0.0023549,unstructured_baseline,,,
test.0887,139.0,139.0,119.0,0.0,0.0,0.0,20.0,PSI Score: Pneumonia Severity Index for CAP,severity,integer,2189.0,1021.0,38.18105053901672,0.0030491,unstructured_baseline,,,
test.0368,2.0,2.0,2.0,1.0,1.0,1.0,0.0,HAS-BLED Score for Major Bleeding Risk,risk,integer,2280.0,500.0,14.89807677268982,0.002218,unstructured_baseline,,,
test.0260,1.0,1.0,2.0,0.0,0.0,0.0,1.0,Revised Cardiac Risk Index for Pre-Operative Risk,risk,integer,2162.0,728.0,21.376540660858154,0.0025348,unstructured_baseline,,,
test.0222,2.0,2.0,3.0,0.0,0.0,0.0,1.0,Wells' Criteria for DVT,risk,decimal,2167.0,598.0,29.71580481529236,0.0023168,unstructured_baseline,,,
test.0273,3.0,3.0,1.0,0.0,0.0,0.0,2.0,HEART Score for Major Cardiac Events,risk,integer,1574.0,766.0,27.53548502922058,0.0022466,unstructured_baseline,,,
test.0378,3.0,3.0,4.0,0.0,0.0,0.0,1.0,HAS-BLED Score for Major Bleeding Risk,risk,integer,2498.0,1165.0,39.95076298713684,0.0034793,unstructured_baseline,,,
test.0311,3.0,3.0,3.0,1.0,1.0,1.0,0.0,Centor Score (Modified/McIsaac) for Strep Pharyngitis,severity,integer,1577.0,411.0,10.938464879989624,0.0016449,unstructured_baseline,,,
test.0899,120.0,120.0,160.0,0.0,0.0,0.0,40.0,PSI Score: Pneumonia Severity Index for CAP,severity,integer,2336.0,742.0,23.80759119987488,0.002663,unstructured_baseline,,,
test.0950,12.0,12.0,12.0,1.0,1.0,1.0,0.0,Sequential Organ Failure Assessment (SOFA) Score,risk,integer,2289.0,1195.0,37.04524302482605,0.0034048999999999,unstructured_baseline,,,
test.0633,0.0,0.0,0.0,1.0,1.0,1.0,0.0,PERC Rule for Pulmonary Embolism,diagnosis,integer,1739.0,490.0,15.090617895126345,0.0018763999999999,unstructured_baseline,,,
test.0548,1.0,1.0,1.0,1.0,1.0,1.0,0.0,CURB-65 Score for Pneumonia Severity,risk,integer,1859.0,327.0,8.310081958770752,0.0016713,unstructured_baseline,,,
test.0471,0.0,0.0,0.0,1.0,1.0,1.0,0.0,Charlson Comorbidity Index (CCI),risk,integer,2325.0,379.0,10.333208322525024,0.0020393,unstructured_baseline,,,
test.0656,3.0,3.0,3.0,1.0,1.0,1.0,0.0,SIRS Criteria,diagnosis,integer,2224.0,310.0,7.969849586486816,0.0018614,unstructured_baseline,,,
test.0974,2.0,2.0,5.0,0.0,0.0,0.0,3.0,Caprini Score for Venous Thromboembolism (2005),risk,integer,2226.0,652.0,17.698649168014526,0.002444,unstructured_baseline,,,
test.0488,3.0,3.0,2.0,0.0,0.0,0.0,1.0,FeverPAIN Score for Strep Pharyngitis,diagnosis,integer,1539.0,469.0,13.34451150894165,0.0017207,unstructured_baseline,,,
test.0130,0.0,0.0,0.0,1.0,1.0,1.0,0.0,Wells' Criteria for Pulmonary Embolism,risk,integer,1987.0,543.0,15.772791385650637,0.0021153,unstructured_baseline,,,
test.0402,15.0,15.0,10.0,0.0,0.0,0.0,5.0,Glasgow-Blatchford Bleeding Score (GBS),risk,integer,2012.0,1397.0,39.50488924980164,0.0035821,unstructured_baseline,,,
test.0420,14.0,14.0,14.0,1.0,1.0,1.0,0.0,Glasgow-Blatchford Bleeding Score (GBS),risk,integer,1946.0,444.0,18.483559608459476,0.0019223999999999,unstructured_baseline,,,
test.0481,3.0,3.0,4.0,0.0,0.0,0.0,1.0,FeverPAIN Score for Strep Pharyngitis,diagnosis,integer,1544.0,479.0,18.512157440185547,0.0017407,unstructured_baseline,,,
test.0958,10.0,10.0,9.0,0.0,0.0,0.0,1.0,Sequential Organ Failure Assessment (SOFA) Score,risk,integer,2351.0,1488.0,39.652690410614014,0.0039402,unstructured_baseline,,,
test.0233,0.0,0.0,0.0,1.0,1.0,1.0,0.0,Wells' Criteria for DVT,risk,decimal,2278.0,743.0,22.439212322235107,0.0026299,unstructured_baseline,,,
test.0237,3.0,3.0,3.0,1.0,1.0,1.0,0.0,Wells' Criteria for DVT,risk,decimal,2599.0,607.0,13.149275541305542,0.0025913,unstructured_baseline,,,
test.0901,7.0,7.0,8.0,0.0,0.0,0.0,1.0,Glasgow Coma Score (GCS),severity,integer,2117.0,465.0,10.910774230957031,0.0020607,unstructured_baseline,,,
test.0645,0.0,0.0,0.0,1.0,1.0,1.0,0.0,SIRS Criteria,diagnosis,integer,2136.0,520.0,17.667644739151,0.0021656,unstructured_baseline,,,
test.0208,9.0,9.0,10.0,0.0,0.0,0.0,1.0,Child-Pugh Score for Cirrhosis Mortality,severity,integer,2652.0,892.0,22.79225277900696,0.0031076,unstructured_baseline,,,
test.0240,3.0,3.0,3.0,1.0,1.0,1.0,0.0,Wells' Criteria for DVT,risk,decimal,2477.0,863.0,30.351399660110477,0.0029533,unstructured_baseline,,,
test.0934,30.0,30.0,32.0,0.0,0.0,0.0,2.0,APACHE II Score,risk,integer,2306.0,1088.0,44.78002905845642,0.0032332,unstructured_baseline,,,
test.0492,1.0,1.0,1.0,1.0,1.0,1.0,0.0,FeverPAIN Score for Strep Pharyngitis,diagnosis,integer,1968.0,492.0,13.145087003707886,0.0020172,unstructured_baseline,,,
test.0464,0.0,0.0,0.0,1.0,1.0,1.0,0.0,Charlson Comorbidity Index (CCI),risk,integer,2432.0,657.0,16.356637239456177,0.0025761,unstructured_baseline,,,
test.0473,5.0,5.0,4.0,0.0,0.0,0.0,1.0,Charlson Comorbidity Index (CCI),risk,integer,1778.0,744.0,18.96778106689453,0.0023315999999999,unstructured_baseline,,,
test.0558,2.0,2.0,2.0,1.0,1.0,1.0,0.0,CURB-65 Score for Pneumonia Severity,risk,integer,1668.0,306.0,8.21008586883545,0.001521,unstructured_baseline,,,
test.0497,3.0,3.0,3.0,1.0,1.0,1.0,0.0,FeverPAIN Score for Strep Pharyngitis,diagnosis,integer,1553.0,999.0,26.13804006576538,0.0026301,unstructured_baseline,,,
test.0280,2.0,2.0,6.0,0.0,0.0,0.0,4.0,HEART Score for Major Cardiac Events,risk,integer,2320.0,388.0,10.170879602432253,0.0020515999999999,unstructured_baseline,,,
test.0224,4.0,4.0,4.0,1.0,1.0,1.0,0.0,Wells' Criteria for DVT,risk,decimal,2139.0,636.0,31.459190368652344,0.0023645999999999,unstructured_baseline,,,
test.0276,5.0,5.0,6.0,0.0,0.0,0.0,1.0,HEART Score for Major Cardiac Events,risk,integer,2297.0,523.0,13.141310691833496,0.0022673,unstructured_baseline,,,
test.0654,2.0,2.0,2.0,1.0,1.0,1.0,0.0,SIRS Criteria,diagnosis,integer,2323.0,274.0,7.266408443450928,0.0018595999999999,unstructured_baseline,,,
test.0215,7.0,7.0,8.0,0.0,0.0,0.0,1.0,Child-Pugh Score for Cirrhosis Mortality,severity,integer,2253.0,645.0,18.435402393341064,0.0024483,unstructured_baseline,,,
test.0377,3.0,3.0,3.0,1.0,1.0,1.0,0.0,HAS-BLED Score for Major Bleeding Risk,risk,integer,2500.0,845.0,27.136014699935917,0.0029365,unstructured_baseline,,,
test.0621,4.0,4.0,4.0,1.0,1.0,1.0,0.0,PERC Rule for Pulmonary Embolism,diagnosis,integer,2192.0,381.0,11.606096982955933,0.0019629,unstructured_baseline,,,
test.0638,0.0,0.0,0.0,1.0,1.0,1.0,0.0,PERC Rule for Pulmonary Embolism,diagnosis,integer,1629.0,535.0,17.56466579437256,0.0018869,unstructured_baseline,,,
test.0278,7.0,7.0,7.0,1.0,1.0,1.0,0.0,HEART Score for Major Cardiac Events,risk,integer,1878.0,698.0,23.04107022285461,0.0023134,unstructured_baseline,,,
test.0895,127.0,127.0,127.0,1.0,1.0,1.0,0.0,PSI Score: Pneumonia Severity Index for CAP,severity,integer,2165.0,956.0,23.960932970047,0.0029242,unstructured_baseline,,,
test.0213,10.0,10.0,10.0,1.0,1.0,1.0,0.0,Child-Pugh Score for Cirrhosis Mortality,severity,integer,1711.0,571.0,23.36214756965637,0.0019973,unstructured_baseline,,,
test.0239,2.0,2.0,3.0,0.0,0.0,0.0,1.0,Wells' Criteria for DVT,risk,decimal,2513.0,637.0,43.18514966964722,0.0025906999999999,unstructured_baseline,,,
test.0362,1.0,1.0,3.0,0.0,0.0,0.0,2.0,HAS-BLED Score for Major Bleeding Risk,risk,integer,2300.0,796.0,27.93202233314514,0.0027332,unstructured_baseline,,,
test.0140,0.0,0.0,0.0,1.0,1.0,1.0,0.0,Wells' Criteria for Pulmonary Embolism,risk,integer,2005.0,511.0,17.072856664657593,0.0020717,unstructured_baseline,,,
test.0042,5.0,5.0,5.0,1.0,1.0,1.0,0.0,CHA2DS2-VASc Score for Atrial Fibrillation Stroke Risk,risk,integer,1602.0,521.0,20.63584017753601,0.0018468999999999,unstructured_baseline,,,
test.0623,3.0,3.0,3.0,1.0,1.0,1.0,0.0,PERC Rule for Pulmonary Embolism,diagnosis,integer,2511.0,501.0,20.837647199630737,0.0023583,unstructured_baseline,,,
test.0886,117.0,117.0,117.0,1.0,1.0,1.0,0.0,PSI Score: Pneumonia Severity Index for CAP,severity,integer,2142.0,630.0,24.19131803512573,0.0023562,unstructured_baseline,,,
test.0277,3.0,3.0,4.0,0.0,0.0,0.0,1.0,HEART Score for Major Cardiac Events,risk,integer,1868.0,656.0,25.205386877059937,0.002236,unstructured_baseline,,,
test.0121,1.5,1.5,1.5,1.0,1.0,1.0,0.0,Wells' Criteria for Pulmonary Embolism,risk,integer,2163.0,522.0,15.563522338867188,0.0021852,unstructured_baseline,,,
test.0366,2.0,2.0,2.0,1.0,1.0,1.0,0.0,HAS-BLED Score for Major Bleeding Risk,risk,integer,2232.0,595.0,20.27430009841919,0.0023507,unstructured_baseline,,,
test.0267,5.0,5.0,4.0,0.0,0.0,0.0,1.0,HEART Score for Major Cardiac Events,risk,integer,1537.0,618.0,16.414435625076294,0.0019728,unstructured_baseline,,,
test.0127,4.5,4.5,6.0,0.0,0.0,0.0,1.5,Wells' Criteria for Pulmonary Embolism,risk,integer,1935.0,611.0,30.57364296913147,0.0021996999999999,unstructured_baseline,,,
test.0133,0.0,0.0,0.0,1.0,1.0,1.0,0.0,Wells' Criteria for Pulmonary Embolism,risk,integer,1795.0,375.0,20.81372332572937,0.0017145,unstructured_baseline,,,
test.0658,2.0,2.0,2.0,1.0,1.0,1.0,0.0,SIRS Criteria,diagnosis,integer,2713.0,720.0,24.74865198135376,0.0028518,unstructured_baseline,,,
test.0259,2.0,2.0,2.0,1.0,1.0,1.0,0.0,Revised Cardiac Risk Index for Pre-Operative Risk,risk,integer,2554.0,418.0,15.899481534957886,0.002243,unstructured_baseline,,,
test.0500,3.0,3.0,3.0,1.0,1.0,1.0,0.0,FeverPAIN Score for Strep Pharyngitis,diagnosis,integer,1620.0,636.0,18.356894969940186,0.0020532,unstructured_baseline,,,
test.0227,2.0,2.0,3.0,0.0,0.0,0.0,1.0,Wells' Criteria for DVT,risk,decimal,2376.0,618.0,16.521859169006348,0.0024762,unstructured_baseline,,,
test.0418,7.0,7.0,8.0,0.0,0.0,0.0,1.0,Glasgow-Blatchford Bleeding Score (GBS),risk,integer,2266.0,535.0,23.20163321495056,0.0022691,unstructured_baseline,,,
test.0314,1.0,1.0,1.0,1.0,1.0,1.0,0.0,Centor Score (Modified/McIsaac) for Strep Pharyngitis,severity,integer,1585.0,736.0,19.62277317047119,0.0022022,unstructured_baseline,,,
test.0369,3.0,3.0,3.0,1.0,1.0,1.0,0.0,HAS-BLED Score for Major Bleeding Risk,risk,integer,2498.0,962.0,29.53127360343933,0.0031342,unstructured_baseline,,,
test.0952,12.0,12.0,12.0,1.0,1.0,1.0,0.0,Sequential Organ Failure Assessment (SOFA) Score,risk,integer,2143.0,2072.0,59.01204419136048,0.0048082,unstructured_baseline,,,
test.0305,4.0,4.0,3.0,0.0,0.0,0.0,1.0,Centor Score (Modified/McIsaac) for Strep Pharyngitis,severity,integer,1571.0,1176.0,27.405582189559937,0.0029418,unstructured_baseline,,,
test.0961,8.0,8.0,9.0,0.0,0.0,0.0,1.0,Caprini Score for Venous Thromboembolism (2005),risk,integer,2013.0,587.0,12.920837163925173,0.0022056999999999,unstructured_baseline,,,
test.0639,0.0,0.0,0.0,1.0,1.0,1.0,0.0,PERC Rule for Pulmonary Embolism,diagnosis,integer,1987.0,395.0,9.68385124206543,0.0018637,unstructured_baseline,,,
test.0476,6.0,6.0,6.0,1.0,1.0,1.0,0.0,Charlson Comorbidity Index (CCI),risk,integer,2272.0,301.0,6.918652296066284,0.0018749,unstructured_baseline,,,
test.0238,3.0,3.0,3.0,1.0,1.0,1.0,0.0,Wells' Criteria for DVT,risk,decimal,2479.0,656.0,18.62591552734375,0.0026026,unstructured_baseline,,,
test.0125,1.5,1.5,1.5,1.0,1.0,1.0,0.0,Wells' Criteria for Pulmonary Embolism,risk,integer,2949.0,781.0,19.22275471687317,0.0030971,unstructured_baseline,,,
test.0250,1.0,1.0,1.0,1.0,1.0,1.0,0.0,Revised Cardiac Risk Index for Pre-Operative Risk,risk,integer,1854.0,357.0,14.949820518493652,0.0017193,unstructured_baseline,,,
test.0648,3.0,3.0,3.0,1.0,1.0,1.0,0.0,SIRS Criteria,diagnosis,integer,2703.0,493.0,20.38696241378784,0.0024599,unstructured_baseline,,,
test.0949,9.0,9.0,9.0,1.0,1.0,1.0,0.0,Sequential Organ Failure Assessment (SOFA) Score,risk,integer,2151.0,533.0,14.959873914718628,0.0021967,unstructured_baseline,,,
test.0629,1.0,1.0,1.0,1.0,1.0,1.0,0.0,PERC Rule for Pulmonary Embolism,diagnosis,integer,2459.0,668.0,16.038577556610107,0.002611,unstructured_baseline,,,
test.0048,4.0,4.0,3.0,0.0,0.0,0.0,1.0,CHA2DS2-VASc Score for Atrial Fibrillation Stroke Risk,risk,integer,2223.0,760.0,21.8797709941864,0.0026258,unstructured_baseline,,,
test.0318,3.0,3.0,4.0,0.0,0.0,0.0,1.0,Centor Score (Modified/McIsaac) for Strep Pharyngitis,severity,integer,1538.0,417.0,19.027663707733154,0.0016317,unstructured_baseline,,,
test.0903,10.0,10.0,10.0,1.0,1.0,1.0,0.0,Glasgow Coma Score (GCS),severity,integer,2154.0,682.0,24.68441677093506,0.0024518,unstructured_baseline,,,
test.0933,20.0,20.0,25.0,0.0,0.0,0.0,5.0,APACHE II Score,risk,integer,2200.0,1192.0,35.554301261901855,0.0033464,unstructured_baseline,,,
test.0927,10.0,10.0,12.0,0.0,0.0,0.0,2.0,APACHE II Score,risk,integer,2233.0,992.0,42.61744904518128,0.0030261999999999,unstructured_baseline,,,
test.0416,0.0,0.0,0.0,1.0,1.0,1.0,0.0,Glasgow-Blatchford Bleeding Score (GBS),risk,integer,2567.0,473.0,11.400042295455933,0.0023443,unstructured_baseline,,,
test.0646,2.0,2.0,2.0,1.0,1.0,1.0,0.0,SIRS Criteria,diagnosis,integer,1785.0,328.0,9.144556999206545,0.0016286,unstructured_baseline,,,
test.0309,4.0,4.0,4.0,1.0,1.0,1.0,0.0,Centor Score (Modified/McIsaac) for Strep Pharyngitis,severity,integer,1494.0,1017.0,28.13160395622253,0.0026253,unstructured_baseline,,,
test.0640,2.0,2.0,2.0,1.0,1.0,1.0,0.0,PERC Rule for Pulmonary Embolism,diagnosis,integer,1542.0,378.0,29.65220808982849,0.0015677999999999,unstructured_baseline,,,
test.0303,4.0,4.0,4.0,1.0,1.0,1.0,0.0,Centor Score (Modified/McIsaac) for Strep Pharyngitis,severity,integer,1621.0,428.0,11.754442930221558,0.0017002,unstructured_baseline,,,
test.0925,17.0,17.0,10.0,0.0,0.0,0.0,7.0,APACHE II Score,risk,integer,2057.0,837.0,41.872740030288696,0.0026571,unstructured_baseline,,,
test.0942,9.0,9.0,9.0,1.0,1.0,1.0,0.0,Sequential Organ Failure Assessment (SOFA) Score,risk,integer,2290.0,1009.0,25.01185178756714,0.0030893,unstructured_baseline,1.0,True,**exception raised**: litellm.ServiceUnavailableError: ServiceUnavailableError: Together_aiException - Service unavailable
test.0419,16.0,16.0,16.0,1.0,1.0,1.0,0.0,Glasgow-Blatchford Bleeding Score (GBS),risk,integer,1991.0,701.0,27.24628782272339,0.0023863,unstructured_baseline,,,
test.0317,4.0,4.0,4.0,1.0,1.0,1.0,0.0,Centor Score (Modified/McIsaac) for Strep Pharyngitis,severity,integer,1620.0,509.0,32.16148233413696,0.0018373,unstructured_baseline,,,
test.0128,1.5,1.5,7.5,0.0,0.0,0.0,6.0,Wells' Criteria for Pulmonary Embolism,risk,integer,2150.0,645.0,31.58370065689087,0.0023864999999999,unstructured_baseline,,,
test.0373,4.0,4.0,2.0,0.0,0.0,0.0,2.0,HAS-BLED Score for Major Bleeding Risk,risk,integer,1590.0,691.0,31.640135765075684,0.0021287,unstructured_baseline,,,
test.0312,**exception raised**: could not convert string to float: '.',,3.0,0.0,0.0,0.0,inf,Centor Score (Modified/McIsaac) for Strep Pharyngitis,severity,integer,1568.0,1826.0,95.29026079177856,0.004045,unstructured_baseline,3.0,True,**exception raised**: could not convert string to float: '.'
test.0202,7.0,7.0,7.0,1.0,1.0,1.0,0.0,Child-Pugh Score for Cirrhosis Mortality,severity,integer,2212.0,616.0,15.170519590377808,0.0023744,unstructured_baseline,,,
test.0261,3.0,3.0,4.0,0.0,0.0,0.0,1.0,HEART Score for Major Cardiac Events,risk,integer,1707.0,647.0,22.28440999984741,0.0021241,unstructured_baseline,,,
test.0977,8.0,8.0,8.0,1.0,1.0,1.0,0.0,Caprini Score for Venous Thromboembolism (2005),risk,integer,2134.0,701.0,41.01301074028015,0.0024720999999999,unstructured_baseline,,,
test.0944,12.0,12.0,12.0,1.0,1.0,1.0,0.0,Sequential Organ Failure Assessment (SOFA) Score,risk,integer,2146.0,1461.0,35.37961149215698,0.0037713,unstructured_baseline,,,
test.0948,10.0,10.0,10.0,1.0,1.0,1.0,0.0,Sequential Organ Failure Assessment (SOFA) Score,risk,integer,2343.0,1836.0,91.17418837547302,0.004527,unstructured_baseline,,,
test.0970,14.0,14.0,14.0,1.0,1.0,1.0,0.0,Caprini Score for Venous Thromboembolism (2005),risk,integer,2122.0,685.0,23.04754066467285,0.0024377,unstructured_baseline,,,
test.0410,10.0,10.0,12.0,0.0,0.0,0.0,2.0,Glasgow-Blatchford Bleeding Score (GBS),risk,integer,2279.0,775.0,34.333024978637695,0.0026849,unstructured_baseline,,,
test.0313,1.0,1.0,2.0,0.0,0.0,0.0,1.0,Centor Score (Modified/McIsaac) for Strep Pharyngitis,severity,integer,2257.0,543.0,28.833250999450684,0.0022773,unstructured_baseline,,,
test.0234,3.0,3.0,3.0,1.0,1.0,1.0,0.0,Wells' Criteria for DVT,risk,decimal,2370.0,564.0,30.22923755645752,0.0023807999999999,unstructured_baseline,,,
test.0482,2.0,2.0,2.0,1.0,1.0,1.0,0.0,FeverPAIN Score for Strep Pharyngitis,diagnosis,integer,1609.0,521.0,16.722229719161987,0.0018511,unstructured_baseline,,,
test.0205,11.0,11.0,11.0,1.0,1.0,1.0,0.0,Child-Pugh Score for Cirrhosis Mortality,severity,integer,2579.0,621.0,26.39014935493469,0.0026030999999999,unstructured_baseline,,,
test.0472,5.0,5.0,4.0,0.0,0.0,0.0,1.0,Charlson Comorbidity Index (CCI),risk,integer,2380.0,518.0,31.901705741882324,0.0023086,unstructured_baseline,,,
test.0228,2.0,2.0,3.0,0.0,0.0,0.0,1.0,Wells' Criteria for DVT,risk,decimal,2416.0,601.0,34.41325116157532,0.0024713,unstructured_baseline,,,
test.0960,10.0,10.0,10.0,1.0,1.0,1.0,0.0,Sequential Organ Failure Assessment (SOFA) Score,risk,integer,2344.0,1413.0,50.81824040412903,0.0038085,unstructured_baseline,,,
test.0316,3.0,3.0,3.0,1.0,1.0,1.0,0.0,Centor Score (Modified/McIsaac) for Strep Pharyngitis,severity,integer,1525.0,381.0,18.23257613182068,0.0015626999999999,unstructured_baseline,,,
test.0367,2.0,2.0,2.0,1.0,1.0,1.0,0.0,HAS-BLED Score for Major Bleeding Risk,risk,integer,2215.0,628.0,27.470803022384644,0.0023965999999999,unstructured_baseline,,,
test.0374,2.0,2.0,1.0,0.0,0.0,0.0,1.0,HAS-BLED Score for Major Bleeding Risk,risk,integer,1586.0,484.0,20.72457480430603,0.0017744,unstructured_baseline,,,
test.0131,2.5,2.5,5.5,0.0,0.0,0.0,3.0,Wells' Criteria for Pulmonary Embolism,risk,integer,1994.0,366.0,24.05441188812256,0.0018186,unstructured_baseline,,,
test.0043,4.0,4.0,4.0,1.0,1.0,1.0,0.0,CHA2DS2-VASc Score for Atrial Fibrillation Stroke Risk,risk,integer,2020.0,623.0,26.82317852973938,0.0022711,unstructured_baseline,,,
test.0888,**exception raised**: could not convert string to float: '.',,84.0,0.0,0.0,0.0,inf,PSI Score: Pneumonia Severity Index for CAP,severity,integer,2189.0,1776.0,54.84597849845886,0.0043326,unstructured_baseline,3.0,True,**exception raised**: could not convert string to float: '.'
test.0559,1.0,1.0,1.0,1.0,1.0,1.0,0.0,CURB-65 Score for Pneumonia Severity,risk,integer,2114.0,380.0,15.393906831741331,0.0019144,unstructured_baseline,,,
test.0653,3.0,3.0,3.0,1.0,1.0,1.0,0.0,SIRS Criteria,diagnosis,integer,2186.0,335.0,9.709163427352903,0.0018811,unstructured_baseline,,,
test.0269,8.0,8.0,6.0,0.0,0.0,0.0,2.0,HEART Score for Major Cardiac Events,risk,integer,1813.0,452.0,14.22674036026001,0.0018562,unstructured_baseline,,,
test.0046,4.0,4.0,4.0,1.0,1.0,1.0,0.0,CHA2DS2-VASc Score for Atrial Fibrillation Stroke Risk,risk,integer,1780.0,424.0,22.295090436935425,0.0017888,unstructured_baseline,,,
test.0134,0.0,0.0,0.0,1.0,1.0,1.0,0.0,Wells' Criteria for Pulmonary Embolism,risk,integer,1971.0,635.0,29.446764707565308,0.0022621,unstructured_baseline,,,
test.0951,12.0,12.0,9.0,0.0,0.0,0.0,3.0,Sequential Organ Failure Assessment (SOFA) Score,risk,integer,2146.0,852.0,26.561742782592773,0.0027359999999999,unstructured_baseline,,,
test.0930,15.0,15.0,19.0,0.0,0.0,0.0,4.0,APACHE II Score,risk,integer,2108.0,1017.0,37.60843253135681,0.0029937,unstructured_baseline,,,
test.0053,5.0,5.0,5.0,1.0,1.0,1.0,0.0,CHA2DS2-VASc Score for Atrial Fibrillation Stroke Risk,risk,integer,1675.0,437.0,13.868171215057371,0.0017479,unstructured_baseline,,,
test.0922,16.0,16.0,7.0,0.0,0.0,0.0,9.0,APACHE II Score,risk,integer,2079.0,851.0,24.49785089492798,0.0026940999999999,unstructured_baseline,,,
test.0972,13.0,13.0,9.0,0.0,0.0,0.0,4.0,Caprini Score for Venous Thromboembolism (2005),risk,integer,2138.0,903.0,26.9062340259552,0.0028179,unstructured_baseline,,,
test.0209,12.0,12.0,12.0,1.0,1.0,1.0,0.0,Child-Pugh Score for Cirrhosis Mortality,severity,integer,2676.0,719.0,27.67408871650696,0.0028279,unstructured_baseline,,,
test.0650,3.0,3.0,3.0,1.0,1.0,1.0,0.0,SIRS Criteria,diagnosis,integer,2581.0,301.0,26.98357033729553,0.0020603,unstructured_baseline,,,
test.0216,6.0,6.0,6.0,1.0,1.0,1.0,0.0,Child-Pugh Score for Cirrhosis Mortality,severity,integer,1949.0,586.0,28.86538767814636,0.0021656,unstructured_baseline,,,
test.0138,0.0,0.0,0.0,1.0,1.0,1.0,0.0,Wells' Criteria for Pulmonary Embolism,risk,integer,2032.0,488.0,11.601023197174072,0.0020488,unstructured_baseline,,,
test.0271,6.0,6.0,3.0,0.0,0.0,0.0,3.0,HEART Score for Major Cardiac Events,risk,integer,2021.0,534.0,16.76782727241516,0.0021203999999999,unstructured_baseline,,,
test.0307,-1.0,-1.0,-1.0,1.0,1.0,1.0,0.0,Centor Score (Modified/McIsaac) for Strep Pharyngitis,severity,integer,2434.0,397.0,10.46207332611084,0.0021352999999999,unstructured_baseline,,,
test.0279,8.0,8.0,8.0,1.0,1.0,1.0,0.0,HEART Score for Major Cardiac Events,risk,integer,2334.0,1059.0,35.554811239242554,0.0032007,unstructured_baseline,,,
test.0971,5.0,5.0,8.0,0.0,0.0,0.0,3.0,Caprini Score for Venous Thromboembolism (2005),risk,integer,2117.0,1074.0,38.51912236213684,0.003096,unstructured_baseline,,,
test.0973,7.0,7.0,9.0,0.0,0.0,0.0,2.0,Caprini Score for Venous Thromboembolism (2005),risk,integer,2159.0,368.0,9.35105562210083,0.001921,unstructured_baseline,,,
test.0627,1.0,1.0,1.0,1.0,1.0,1.0,0.0,PERC Rule for Pulmonary Embolism,diagnosis,integer,1913.0,518.0,12.137974739074709,0.0020284,unstructured_baseline,,,
test.0310,4.0,4.0,3.0,0.0,0.0,0.0,1.0,Centor Score (Modified/McIsaac) for Strep Pharyngitis,severity,integer,2602.0,469.0,15.412355422973633,0.0023585,unstructured_baseline,,,
test.0251,2.0,2.0,2.0,1.0,1.0,1.0,0.0,Revised Cardiac Risk Index for Pre-Operative Risk,risk,integer,2324.0,454.0,12.722188234329224,0.0021662,unstructured_baseline,,,
test.0557,4.0,4.0,4.0,1.0,1.0,1.0,0.0,CURB-65 Score for Pneumonia Severity,risk,integer,2069.0,297.0,22.658753156661987,0.0017463,unstructured_baseline,,,
test.0551,3.0,3.0,3.0,1.0,1.0,1.0,0.0,CURB-65 Score for Pneumonia Severity,risk,integer,2436.0,327.0,10.038479566574097,0.0020175,unstructured_baseline,,,
test.0379,4.0,4.0,4.0,1.0,1.0,1.0,0.0,HAS-BLED Score for Major Bleeding Risk,risk,integer,2482.0,925.0,30.35324716567993,0.0030617,unstructured_baseline,,,
test.0637,1.0,1.0,1.0,1.0,1.0,1.0,0.0,PERC Rule for Pulmonary Embolism,diagnosis,integer,2016.0,487.0,14.196402549743652,0.0020375,unstructured_baseline,,,
test.0308,2.0,2.0,2.0,1.0,1.0,1.0,0.0,Centor Score (Modified/McIsaac) for Strep Pharyngitis,severity,integer,1654.0,419.0,10.677643060684204,0.0017047,unstructured_baseline,,,
test.0135,1.5,1.5,1.5,1.0,1.0,1.0,0.0,Wells' Criteria for Pulmonary Embolism,risk,integer,2232.0,386.0,11.330190896987917,0.0019954,unstructured_baseline,,,
test.0469,4.0,4.0,4.0,1.0,1.0,1.0,0.0,Charlson Comorbidity Index (CCI),risk,integer,2145.0,450.0,12.285852909088137,0.002052,unstructured_baseline,,,
test.0881,112.0,112.0,112.0,1.0,1.0,1.0,0.0,PSI Score: Pneumonia Severity Index for CAP,severity,integer,2084.0,668.0,19.445516109466556,0.002386,unstructured_baseline,,,
test.0245,1.0,1.0,1.0,1.0,1.0,1.0,0.0,Revised Cardiac Risk Index for Pre-Operative Risk,risk,integer,2522.0,622.0,18.902012586593628,0.0025706,unstructured_baseline,,,
test.0268,4.0,4.0,3.0,0.0,0.0,0.0,1.0,HEART Score for Major Cardiac Events,risk,integer,1707.0,509.0,23.94928741455078,0.0018895,unstructured_baseline,,,
test.0635,**exception raised**: could not convert string to float: 'e',,2.0,0.0,0.0,0.0,inf,PERC Rule for Pulmonary Embolism,diagnosis,integer,1980.0,638.0,22.48521089553833,0.0022726,unstructured_baseline,3.0,True,**exception raised**: could not convert string to float: 'e'
test.0041,2.0,2.0,2.0,1.0,1.0,1.0,0.0,CHA2DS2-VASc Score for Atrial Fibrillation Stroke Risk,risk,integer,2082.0,442.0,24.04814028739929,0.0020006,unstructured_baseline,,,
test.0241,2.0,2.0,2.0,1.0,1.0,1.0,0.0,Revised Cardiac Risk Index for Pre-Operative Risk,risk,integer,2434.0,493.0,20.53716087341309,0.0022985,unstructured_baseline,,,
test.0123,3.0,3.0,3.0,1.0,1.0,1.0,0.0,Wells' Criteria for Pulmonary Embolism,risk,integer,1962.0,435.0,20.481282949447632,0.0019167,unstructured_baseline,,,
test.0904,9.0,9.0,9.0,1.0,1.0,1.0,0.0,Glasgow Coma Score (GCS),severity,integer,2120.0,397.0,20.4570209980011,0.0019468999999999,unstructured_baseline,,,
test.0414,7.0,7.0,7.0,1.0,1.0,1.0,0.0,Glasgow-Blatchford Bleeding Score (GBS),risk,integer,2040.0,857.0,29.85310220718384,0.0026809,unstructured_baseline,,,
test.0489,5.0,5.0,4.0,0.0,0.0,0.0,1.0,FeverPAIN Score for Strep Pharyngitis,diagnosis,integer,1552.0,417.0,13.025585412979126,0.0016401,unstructured_baseline,,,
test.0059,4.0,4.0,4.0,1.0,1.0,1.0,0.0,CHA2DS2-VASc Score for Atrial Fibrillation Stroke Risk,risk,integer,1933.0,340.0,13.357320308685305,0.0017377999999999,unstructured_baseline,,,
test.0556,0.0,0.0,1.0,0.0,0.0,0.0,1.0,CURB-65 Score for Pneumonia Severity,risk,integer,2714.0,234.0,10.567992210388184,0.0020261999999999,unstructured_baseline,,,
test.0926,14.0,14.0,19.0,0.0,0.0,0.0,5.0,APACHE II Score,risk,integer,2008.0,860.0,30.692031621932983,0.0026668,unstructured_baseline,,,
test.0953,12.0,12.0,12.0,1.0,1.0,1.0,0.0,Sequential Organ Failure Assessment (SOFA) Score,risk,integer,1916.0,1353.0,43.71113181114197,0.0034497,unstructured_baseline,,,
test.0304,0.0,0.0,0.0,1.0,1.0,1.0,0.0,Centor Score (Modified/McIsaac) for Strep Pharyngitis,severity,integer,2445.0,315.0,10.658797025680542,0.0020025,unstructured_baseline,,,
test.0913,3.0,3.0,3.0,1.0,1.0,1.0,0.0,Glasgow Coma Score (GCS),severity,integer,2166.0,334.0,12.687454223632812,0.0018674,unstructured_baseline,,,
test.0499,4.0,4.0,3.0,0.0,0.0,0.0,1.0,FeverPAIN Score for Strep Pharyngitis,diagnosis,integer,1549.0,638.0,21.07986640930176,0.002014,unstructured_baseline,,,
test.0223,4.0,4.0,3.0,0.0,0.0,0.0,1.0,Wells' Criteria for DVT,risk,decimal,2292.0,781.0,34.65418791770935,0.0027029,unstructured_baseline,,,
test.0466,9.0,9.0,9.0,1.0,1.0,1.0,0.0,Charlson Comorbidity Index (CCI),risk,integer,1867.0,363.0,21.20094633102417,0.0017373,unstructured_baseline,,,
test.0493,3.0,3.0,2.0,0.0,0.0,0.0,1.0,FeverPAIN Score for Strep Pharyngitis,diagnosis,integer,1602.0,388.0,12.058746337890623,0.0016208,unstructured_baseline,,,
test.0219,8.0,8.0,8.0,1.0,1.0,1.0,0.0,Child-Pugh Score for Cirrhosis Mortality,severity,integer,2005.0,597.0,16.623857736587524,0.0022179,unstructured_baseline,,,
test.0894,86.0,86.0,86.0,1.0,1.0,1.0,0.0,PSI Score: Pneumonia Severity Index for CAP,severity,integer,2358.0,1372.0,38.8457772731781,0.0037472,unstructured_baseline,,,
test.0411,14.0,14.0,14.0,1.0,1.0,1.0,0.0,Glasgow-Blatchford Bleeding Score (GBS),risk,integer,2001.0,786.0,32.11615324020386,0.0025368,unstructured_baseline,,,
test.0243,1.0,1.0,1.0,1.0,1.0,1.0,0.0,Revised Cardiac Risk Index for Pre-Operative Risk,risk,integer,2174.0,553.0,13.939180374145508,0.0022445,unstructured_baseline,,,
test.0554,3.0,3.0,3.0,1.0,1.0,1.0,0.0,CURB-65 Score for Pneumonia Severity,risk,integer,2624.0,364.0,27.009053707122803,0.0021931999999999,unstructured_baseline,,,
test.0917,7.0,7.0,7.0,1.0,1.0,1.0,0.0,Glasgow Coma Score (GCS),severity,integer,2122.0,567.0,21.26604437828064,0.0022371,unstructured_baseline,,,
test.0980,13.0,13.0,14.0,0.0,0.0,0.0,1.0,Caprini Score for Venous Thromboembolism (2005),risk,integer,2192.0,728.0,33.54958963394165,0.0025528,unstructured_baseline,,,
test.0962,10.0,10.0,14.0,0.0,0.0,0.0,4.0,Caprini Score for Venous Thromboembolism (2005),risk,integer,2036.0,627.0,29.74934983253479,0.0022875,unstructured_baseline,,,
test.0474,7.0,7.0,6.0,0.0,0.0,0.0,1.0,Charlson Comorbidity Index (CCI),risk,integer,2045.0,1326.0,59.0353627204895,0.0034812,unstructured_baseline,,,
test.0413,9.0,9.0,9.0,1.0,1.0,1.0,0.0,Glasgow-Blatchford Bleeding Score (GBS),risk,integer,2281.0,621.0,16.4245023727417,0.0024243,unstructured_baseline,1.0,True,"**exception raised**: litellm.RateLimitError: RateLimitError: Together_aiException - We noticed too many requests from your account. We do our best to serve all requests, but due to high load, some bursty requests may not succeed. In this situation, we use your ""dynamic"" rate limit to properly classify errors for failed requests. Your dynamic rate limit is 0.5 RPM, while your current request rate is 3 RPM. Please refer to https://docs.together.ai/docs/rate-limits for more details about dynamic rate limits. If your workload is truly bursty, we recommend using batch or dedicated inference. For any further questions, please contact our sales team at https://www.together.ai/contact-sales."
test.0255,2.0,2.0,1.0,0.0,0.0,0.0,1.0,Revised Cardiac Risk Index for Pre-Operative Risk,risk,integer,2481.0,526.0,27.06590962409973,0.0023828,unstructured_baseline,,,
test.0056,0.0,0.0,0.0,1.0,1.0,1.0,0.0,CHA2DS2-VASc Score for Atrial Fibrillation Stroke Risk,risk,integer,2054.0,637.0,26.359122037887573,0.0023153,unstructured_baseline,,,
test.0479,5.0,5.0,5.0,1.0,1.0,1.0,0.0,Charlson Comorbidity Index (CCI),risk,integer,2485.0,540.0,18.726388454437256,0.0024089999999999,unstructured_baseline,,,
test.0916,11.0,11.0,12.0,0.0,0.0,0.0,1.0,Glasgow Coma Score (GCS),severity,integer,2126.0,293.0,12.922156810760498,0.0017737,unstructured_baseline,,,
test.0363,2.0,2.0,3.0,0.0,0.0,0.0,1.0,HAS-BLED Score for Major Bleeding Risk,risk,integer,2224.0,1222.0,38.15470600128174,0.0034118,unstructured_baseline,,,
test.0891,82.0,82.0,92.0,0.0,0.0,0.0,10.0,PSI Score: Pneumonia Severity Index for CAP,severity,integer,2178.0,1292.0,46.13952350616455,0.0035031999999999,unstructured_baseline,,,
test.0417,4.0,4.0,4.0,1.0,1.0,1.0,0.0,Glasgow-Blatchford Bleeding Score (GBS),risk,integer,1919.0,775.0,33.27334213256836,0.0024689,unstructured_baseline,,,
test.0249,1.0,1.0,1.0,1.0,1.0,1.0,0.0,Revised Cardiac Risk Index for Pre-Operative Risk,risk,integer,2462.0,414.0,27.003251314163208,0.0021809999999999,unstructured_baseline,,,
test.0889,93.0,93.0,93.0,1.0,1.0,1.0,0.0,PSI Score: Pneumonia Severity Index for CAP,severity,integer,2154.0,1006.0,26.627604484558105,0.0030026,unstructured_baseline,,,
test.0485,2.0,2.0,1.0,0.0,0.0,0.0,1.0,FeverPAIN Score for Strep Pharyngitis,diagnosis,integer,1597.0,419.0,37.24047517776489,0.0016705,unstructured_baseline,,,
test.0220,9.0,9.0,9.0,1.0,1.0,1.0,0.0,Child-Pugh Score for Cirrhosis Mortality,severity,integer,1627.0,605.0,36.024224281311035,0.0020047,unstructured_baseline,,,
test.0244,0.0,0.0,1.0,0.0,0.0,0.0,1.0,Revised Cardiac Risk Index for Pre-Operative Risk,risk,integer,2287.0,820.0,28.606797218322757,0.0027662,unstructured_baseline,,,
test.0235,2.0,2.0,3.0,0.0,0.0,0.0,1.0,Wells' Criteria for DVT,risk,decimal,2359.0,548.0,16.057159185409546,0.002347,unstructured_baseline,,,
test.0236,3.0,3.0,3.0,1.0,1.0,1.0,0.0,Wells' Criteria for DVT,risk,decimal,2492.0,686.0,17.13159704208374,0.0026614,unstructured_baseline,1.0,True,**exception raised**: litellm.ServiceUnavailableError: ServiceUnavailableError: Together_aiException - Service unavailable
test.0978,6.0,6.0,7.0,0.0,0.0,0.0,1.0,Caprini Score for Venous Thromboembolism (2005),risk,integer,2041.0,596.0,29.6373507976532,0.0022378,unstructured_baseline,,,
test.0231,-2.0,-2.0,-2.0,1.0,1.0,1.0,0.0,Wells' Criteria for DVT,risk,decimal,2224.0,399.0,10.924889087677002,0.0020127,unstructured_baseline,1.0,True,"**exception raised**: litellm.RateLimitError: RateLimitError: Together_aiException - We noticed too many requests from your account. We do our best to serve all requests, but due to high load, some bursty requests may not succeed. In this situation, we use your ""dynamic"" rate limit to properly classify errors for failed requests. Your dynamic rate limit is 0.5 RPM, while your current request rate is 3 RPM. Please refer to https://docs.together.ai/docs/rate-limits for more details about dynamic rate limits. If your workload is truly bursty, we recommend using batch or dedicated inference. For any further questions, please contact our sales team at https://www.together.ai/contact-sales."
test.0254,1.0,1.0,1.0,1.0,1.0,1.0,0.0,Revised Cardiac Risk Index for Pre-Operative Risk,risk,integer,1996.0,659.0,22.13970637321472,0.0023179,unstructured_baseline,,,
test.0226,0.0,0.0,0.0,1.0,1.0,1.0,0.0,Wells' Criteria for DVT,risk,decimal,2388.0,605.0,42.70287680625916,0.0024613,unstructured_baseline,,,
test.0463,6.0,6.0,9.0,0.0,0.0,0.0,3.0,Charlson Comorbidity Index (CCI),risk,integer,1687.0,842.0,23.829440116882324,0.0024435999999999,unstructured_baseline,,,
test.0320,5.0,5.0,5.0,1.0,1.0,1.0,0.0,Centor Score (Modified/McIsaac) for Strep Pharyngitis,severity,integer,1574.0,537.0,23.67981100082397,0.0018573,unstructured_baseline,,,
test.0206,11.0,11.0,11.0,1.0,1.0,1.0,0.0,Child-Pugh Score for Cirrhosis Mortality,severity,integer,1993.0,795.0,23.40173888206482,0.0025472999999999,unstructured_baseline,1.0,True,**exception raised**: litellm.ServiceUnavailableError: ServiceUnavailableError: Together_aiException - Service unavailable
test.0124,4.5,4.5,4.5,1.0,1.0,1.0,0.0,Wells' Criteria for Pulmonary Embolism,risk,integer,1977.0,1750.0,75.5330708026886,0.0041612,unstructured_baseline,,,
test.0931,17.0,17.0,26.0,0.0,0.0,0.0,9.0,APACHE II Score,risk,integer,2134.0,1326.0,60.8643901348114,0.0035345999999999,unstructured_baseline,,,
test.0541,1.0,1.0,1.0,1.0,1.0,1.0,0.0,CURB-65 Score for Pneumonia Severity,risk,integer,1753.0,278.0,13.131229877471924,0.0015244,unstructured_baseline,,,
test.0622,0.0,0.0,0.0,1.0,1.0,1.0,0.0,PERC Rule for Pulmonary Embolism,diagnosis,integer,1820.0,654.0,30.00125527381897,0.0022037999999999,unstructured_baseline,,,
test.0217,9.0,9.0,10.0,0.0,0.0,0.0,1.0,Child-Pugh Score for Cirrhosis Mortality,severity,integer,1693.0,621.0,30.20646405220032,0.0020714999999999,unstructured_baseline,,,
test.0487,5.0,5.0,3.0,0.0,0.0,0.0,2.0,FeverPAIN Score for Strep Pharyngitis,diagnosis,integer,2080.0,394.0,20.23154163360596,0.0019177999999999,unstructured_baseline,,,
test.0132,3.0,3.0,3.0,1.0,1.0,1.0,0.0,Wells' Criteria for Pulmonary Embolism,risk,integer,1598.0,426.0,23.146795749664307,0.001683,unstructured_baseline,,,
test.0129,0.0,0.0,0.0,1.0,1.0,1.0,0.0,Wells' Criteria for Pulmonary Embolism,risk,integer,1696.0,300.0,20.777509927749637,0.0015276,unstructured_baseline,,,
test.0928,20.0,20.0,18.0,0.0,0.0,0.0,2.0,APACHE II Score,risk,integer,2396.0,1076.0,37.65433716773987,0.0032668,unstructured_baseline,,,
test.0546,3.0,3.0,3.0,1.0,1.0,1.0,0.0,CURB-65 Score for Pneumonia Severity,risk,integer,2084.0,317.0,24.32952857017517,0.0017893,unstructured_baseline,,,
test.0498,3.0,3.0,3.0,1.0,1.0,1.0,0.0,FeverPAIN Score for Strep Pharyngitis,diagnosis,integer,1622.0,585.0,25.09792947769165,0.0019676999999999,unstructured_baseline,,,
test.0918,7.0,7.0,7.0,1.0,1.0,1.0,0.0,Glasgow Coma Score (GCS),severity,integer,2207.0,447.0,22.39137053489685,0.0020841,unstructured_baseline,,,
test.0247,2.0,2.0,2.0,1.0,1.0,1.0,0.0,Revised Cardiac Risk Index for Pre-Operative Risk,risk,integer,2471.0,734.0,40.812803745269775,0.0027304,unstructured_baseline,,,
test.0900,155.0,155.0,175.0,0.0,0.0,0.0,20.0,PSI Score: Pneumonia Severity Index for CAP,severity,integer,2214.0,756.0,21.037296295166016,0.0026135999999999,unstructured_baseline,,,
test.0060,6.0,6.0,6.0,1.0,1.0,1.0,0.0,CHA2DS2-VASc Score for Atrial Fibrillation Stroke Risk,risk,integer,1719.0,257.0,25.190890550613403,0.0014683,unstructured_baseline,,,
test.0372,3.0,3.0,3.0,1.0,1.0,1.0,0.0,HAS-BLED Score for Major Bleeding Risk,risk,integer,2559.0,830.0,32.03487706184387,0.0029464,unstructured_baseline,,,
test.0246,3.0,3.0,3.0,1.0,1.0,1.0,0.0,Revised Cardiac Risk Index for Pre-Operative Risk,risk,integer,3309.0,566.0,36.8188316822052,0.0029476,unstructured_baseline,,,
test.0315,3.0,3.0,4.0,0.0,0.0,0.0,1.0,Centor Score (Modified/McIsaac) for Strep Pharyngitis,severity,integer,1990.0,452.0,35.333664417266846,0.0019624,unstructured_baseline,,,
test.0956,5.0,5.0,5.0,1.0,1.0,1.0,0.0,Sequential Organ Failure Assessment (SOFA) Score,risk,integer,2101.0,851.0,47.739744663238525,0.0027073,unstructured_baseline,,,
test.0624,3.0,3.0,3.0,1.0,1.0,1.0,0.0,PERC Rule for Pulmonary Embolism,diagnosis,integer,1614.0,368.0,11.038819551467896,0.001594,unstructured_baseline,,,
test.0544,5.0,5.0,5.0,1.0,1.0,1.0,0.0,CURB-65 Score for Pneumonia Severity,risk,integer,2064.0,331.0,34.8873553276062,0.0018011,unstructured_baseline,,,
test.0945,7.0,7.0,8.0,0.0,0.0,0.0,1.0,Sequential Organ Failure Assessment (SOFA) Score,risk,integer,2070.0,1155.0,34.862491846084595,0.0032055,unstructured_baseline,,,
test.0655,2.0,2.0,2.0,1.0,1.0,1.0,0.0,SIRS Criteria,diagnosis,integer,1982.0,644.0,28.394742250442505,0.0022839999999999,unstructured_baseline,,,
test.0943,7.0,7.0,7.0,1.0,1.0,1.0,0.0,Sequential Organ Failure Assessment (SOFA) Score,risk,integer,2134.0,1469.0,43.21723198890686,0.0037777,unstructured_baseline,,,
test.0204,10.0,10.0,10.0,1.0,1.0,1.0,0.0,Child-Pugh Score for Cirrhosis Mortality,severity,integer,1987.0,555.0,59.747164249420166,0.0021357,unstructured_baseline,,,
test.0641,2.0,2.0,1.0,0.0,0.0,0.0,1.0,SIRS Criteria,diagnosis,integer,2376.0,345.0,9.074132919311523,0.0020121,unstructured_baseline,,,
test.0306,3.0,3.0,3.0,1.0,1.0,1.0,0.0,Centor Score (Modified/McIsaac) for Strep Pharyngitis,severity,integer,1542.0,625.0,26.40219593048096,0.0019877,unstructured_baseline,,,
test.0897,118.0,118.0,118.0,1.0,1.0,1.0,0.0,PSI Score: Pneumonia Severity Index for CAP,severity,integer,2265.0,883.0,22.64581847190857,0.0028601,unstructured_baseline,1.0,True,**exception raised**: litellm.ServiceUnavailableError: ServiceUnavailableError: Together_aiException - Service unavailable
test.0935,24.0,24.0,24.0,1.0,1.0,1.0,0.0,APACHE II Score,risk,integer,2299.0,974.0,39.36050796508789,0.0030352,unstructured_baseline,,,
test.0465,4.0,4.0,6.0,0.0,0.0,0.0,2.0,Charlson Comorbidity Index (CCI),risk,integer,1913.0,283.0,12.163498878479004,0.0016289,unstructured_baseline,,,
test.0892,110.0,110.0,141.0,0.0,0.0,0.0,31.0,PSI Score: Pneumonia Severity Index for CAP,severity,integer,2447.0,1458.0,68.89768147468567,0.0039468,unstructured_baseline,,,
test.0657,2.0,2.0,2.0,1.0,1.0,1.0,0.0,SIRS Criteria,diagnosis,integer,2685.0,294.0,23.584638118743896,0.0021108,unstructured_baseline,,,
test.0274,5.0,5.0,5.0,1.0,1.0,1.0,0.0,HEART Score for Major Cardiac Events,risk,integer,2314.0,626.0,21.515356063842773,0.0024526,unstructured_baseline,,,
test.0301,2.0,2.0,4.0,0.0,0.0,0.0,2.0,Centor Score (Modified/McIsaac) for Strep Pharyngitis,severity,integer,1552.0,1068.0,46.27913498878479,0.0027468,unstructured_baseline,,,
test.0550,2.0,2.0,2.0,1.0,1.0,1.0,0.0,CURB-65 Score for Pneumonia Severity,risk,integer,2199.0,363.0,18.8415207862854,0.0019364999999999,unstructured_baseline,,,
test.0907,11.0,11.0,10.0,0.0,0.0,0.0,1.0,Glasgow Coma Score (GCS),severity,integer,2163.0,519.0,31.51535415649414,0.0021801,unstructured_baseline,,,
test.0258,2.0,2.0,2.0,1.0,1.0,1.0,0.0,Revised Cardiac Risk Index for Pre-Operative Risk,risk,integer,2569.0,544.0,17.888049125671387,0.0024662,unstructured_baseline,,,
test.0480,1.0,1.0,1.0,1.0,1.0,1.0,0.0,Charlson Comorbidity Index (CCI),risk,integer,2042.0,517.0,20.79229235649109,0.0021041,unstructured_baseline,,,
test.0979,8.0,8.0,10.0,0.0,0.0,0.0,2.0,Caprini Score for Venous Thromboembolism (2005),risk,integer,2208.0,522.0,16.188620805740356,0.0022122,unstructured_baseline,,,
test.0643,3.0,3.0,3.0,1.0,1.0,1.0,0.0,SIRS Criteria,diagnosis,integer,2475.0,361.0,32.13854265213013,0.0020987,unstructured_baseline,,,
test.0225,2.0,2.0,2.0,1.0,1.0,1.0,0.0,Wells' Criteria for DVT,risk,decimal,2218.0,581.0,16.267770767211914,0.0023185,unstructured_baseline,,,
test.0049,6.0,6.0,7.0,0.0,0.0,0.0,1.0,CHA2DS2-VASc Score for Atrial Fibrillation Stroke Risk,risk,integer,1987.0,453.0,27.650834798812863,0.0019623,unstructured_baseline,,,
test.0882,20.0,20.0,75.0,0.0,0.0,0.0,55.0,PSI Score: Pneumonia Severity Index for CAP,severity,integer,2110.0,668.0,40.41240882873535,0.0024016,unstructured_baseline,,,
test.0409,5.0,5.0,3.0,0.0,0.0,0.0,2.0,Glasgow-Blatchford Bleeding Score (GBS),risk,integer,1739.0,875.0,29.917869091033936,0.0025309,unstructured_baseline,,,
test.0371,1.0,1.0,1.0,1.0,1.0,1.0,0.0,HAS-BLED Score for Major Bleeding Risk,risk,integer,1717.0,789.0,30.463196754455566,0.0023715,unstructured_baseline,,,
test.0270,5.0,5.0,7.0,0.0,0.0,0.0,2.0,HEART Score for Major Cardiac Events,risk,integer,2305.0,389.0,14.056392192840576,0.0020442999999999,unstructured_baseline,,,
test.0552,0.0,0.0,0.0,1.0,1.0,1.0,0.0,CURB-65 Score for Pneumonia Severity,risk,integer,1620.0,268.0,19.57874035835266,0.0014276,unstructured_baseline,,,
test.0253,2.0,2.0,2.0,1.0,1.0,1.0,0.0,Revised Cardiac Risk Index for Pre-Operative Risk,risk,integer,2333.0,515.0,17.39749813079834,0.0022753,unstructured_baseline,,,
test.0272,5.0,5.0,6.0,0.0,0.0,0.0,1.0,HEART Score for Major Cardiac Events,risk,integer,2243.0,511.0,17.673121213912964,0.0022145,unstructured_baseline,,,
test.0906,9.0,9.0,9.0,1.0,1.0,1.0,0.0,Glasgow Coma Score (GCS),severity,integer,2067.0,327.0,9.005505800247192,0.0017961,unstructured_baseline,,,
test.0659,1.0,1.0,1.0,1.0,1.0,1.0,0.0,SIRS Criteria,diagnosis,integer,2084.0,396.0,10.423084259033203,0.0019236,unstructured_baseline,,,
test.0218,9.0,9.0,10.0,0.0,0.0,0.0,1.0,Child-Pugh Score for Cirrhosis Mortality,severity,integer,1693.0,621.0,30.20646405220032,0.0020714999999999,unstructured_baseline,,,
test.0406,8.0,8.0,8.0,1.0,1.0,1.0,0.0,Glasgow-Blatchford Bleeding Score (GBS),risk,integer,2205.0,562.0,14.91465425491333,0.0022784,unstructured_baseline,,,
test.0966,5.0,5.0,8.0,0.0,0.0,0.0,3.0,Caprini Score for Venous Thromboembolism (2005),risk,integer,2076.0,566.0,14.279046058654783,0.0022077999999999,unstructured_baseline,,,
test.0549,1.0,1.0,1.0,1.0,1.0,1.0,0.0,CURB-65 Score for Pneumonia Severity,risk,integer,2971.0,246.0,9.884628534317017,0.0022007999999999,unstructured_baseline,,,
test.0937,11.0,11.0,13.0,0.0,0.0,0.0,2.0,APACHE II Score,risk,integer,2480.0,1272.0,35.84488487243652,0.0036504,unstructured_baseline,,,
test.0136,1.5,1.5,4.5,0.0,0.0,0.0,3.0,Wells' Criteria for Pulmonary Embolism,risk,integer,2094.0,510.0,15.052811622619627,0.0021234,unstructured_baseline,,,
test.0898,135.0,135.0,135.0,1.0,1.0,1.0,0.0,PSI Score: Pneumonia Severity Index for CAP,severity,integer,2342.0,1018.0,38.64894700050354,0.0031358,unstructured_baseline,,,
test.0647,3.0,3.0,2.0,0.0,0.0,0.0,1.0,SIRS Criteria,diagnosis,integer,2105.0,403.0,20.864754915237427,0.0019481,unstructured_baseline,,,
test.0470,7.0,7.0,6.0,0.0,0.0,0.0,1.0,Charlson Comorbidity Index (CCI),risk,integer,2227.0,801.0,30.1394305229187,0.0026978999999999,unstructured_baseline,,,
test.0936,18.0,18.0,11.0,0.0,0.0,0.0,7.0,APACHE II Score,risk,integer,2366.0,1110.0,53.32120394706726,0.0033066,unstructured_baseline,,,
test.0553,3.0,3.0,3.0,1.0,1.0,1.0,0.0,CURB-65 Score for Pneumonia Severity,risk,integer,2106.0,312.0,12.477130889892578,0.001794,unstructured_baseline,,,
test.0547,3.0,3.0,3.0,1.0,1.0,1.0,0.0,CURB-65 Score for Pneumonia Severity,risk,integer,2015.0,307.0,6.937422037124634,0.0017309,unstructured_baseline,1.0,True,"**exception raised**: litellm.RateLimitError: RateLimitError: Together_aiException - We noticed too many requests from your account. We do our best to serve all requests, but due to high load, some bursty requests may not succeed. In this situation, we use your ""dynamic"" rate limit to properly classify errors for failed requests. Your dynamic rate limit is 0.5 RPM, while your current request rate is 2 RPM. Please refer to https://docs.together.ai/docs/rate-limits for more details about dynamic rate limits. If your workload is truly bursty, we recommend using batch or dedicated inference. For any further questions, please contact our sales team at https://www.together.ai/contact-sales."
test.0947,9.0,9.0,10.0,0.0,0.0,0.0,1.0,Sequential Organ Failure Assessment (SOFA) Score,risk,integer,2199.0,1159.0,41.46298289299011,0.0032896999999999,unstructured_baseline,,,
test.0207,6.0,6.0,6.0,1.0,1.0,1.0,0.0,Child-Pugh Score for Cirrhosis Mortality,severity,integer,2521.0,279.0,17.64357566833496,0.0019868999999999,unstructured_baseline,,,
test.0467,3.0,3.0,3.0,1.0,1.0,1.0,0.0,Charlson Comorbidity Index (CCI),risk,integer,1752.0,396.0,15.951686143875122,0.0017244,unstructured_baseline,,,
test.0929,14.0,14.0,14.0,1.0,1.0,1.0,0.0,APACHE II Score,risk,integer,2203.0,1423.0,57.63688898086548,0.0037409,unstructured_baseline,,,
test.0256,0.0,0.0,1.0,0.0,0.0,0.0,1.0,Revised Cardiac Risk Index for Pre-Operative Risk,risk,integer,1751.0,236.0,6.707947731018066,0.0014518,unstructured_baseline,,,
test.0542,1.0,1.0,1.0,1.0,1.0,1.0,0.0,CURB-65 Score for Pneumonia Severity,risk,integer,2525.0,273.0,24.44152545928955,0.0019790999999999,unstructured_baseline,,,
test.0319,3.0,3.0,3.0,1.0,1.0,1.0,0.0,Centor Score (Modified/McIsaac) for Strep Pharyngitis,severity,integer,1553.0,365.0,15.296539545059204,0.0015523,unstructured_baseline,,,
test.0941,6.0,6.0,6.0,1.0,1.0,1.0,0.0,Sequential Organ Failure Assessment (SOFA) Score,risk,integer,2048.0,761.0,55.18148970603943,0.0025225,unstructured_baseline,,,
test.0408,8.0,8.0,8.0,1.0,1.0,1.0,0.0,Glasgow-Blatchford Bleeding Score (GBS),risk,integer,2167.0,517.0,16.447450637817383,0.0021791,unstructured_baseline,,,
test.0055,0.0,0.0,0.0,1.0,1.0,1.0,0.0,CHA2DS2-VASc Score for Atrial Fibrillation Stroke Risk,risk,integer,2148.0,634.0,19.469780206680294,0.0023666,unstructured_baseline,,,
test.0920,10.0,10.0,11.0,0.0,0.0,0.0,1.0,Glasgow Coma Score (GCS),severity,integer,2334.0,343.0,22.8189959526062,0.0019835,unstructured_baseline,,,
test.0477,3.0,3.0,3.0,1.0,1.0,1.0,0.0,Charlson Comorbidity Index (CCI),risk,integer,1894.0,836.0,24.572730779647827,0.0025576,unstructured_baseline,,,
test.0210,9.0,9.0,9.0,1.0,1.0,1.0,0.0,Child-Pugh Score for Cirrhosis Mortality,severity,integer,1691.0,591.0,16.940420866012573,0.0020193,unstructured_baseline,,,
test.0052,2.0,2.0,2.0,1.0,1.0,1.0,0.0,CHA2DS2-VASc Score for Atrial Fibrillation Stroke Risk,risk,integer,2740.0,368.0,16.68778967857361,0.0022696,unstructured_baseline,,,
test.0229,3.0,3.0,3.0,1.0,1.0,1.0,0.0,Wells' Criteria for DVT,risk,decimal,2414.0,781.0,42.79654812812805,0.0027761,unstructured_baseline,,,
