case_name,predicted_output,expected_output,correct,expt_name,input_tokens,output_tokens,latency,cost
ex042,"**exception raised**: litellm.APIError: APIError: Together_aiException - Credit limit exceeded, please [add credits](https://api.together.ai/settings/billing). If you've already made a payment, please wait up to 5 minutes for balances to update and try again.",1,False,murder_pot_test,,,,
ex041,"**exception raised**: litellm.APIError: APIError: Together_aiException - Credit limit exceeded, please [add credits](https://api.together.ai/settings/billing). If you've already made a payment, please wait up to 5 minutes for balances to update and try again.",0,False,murder_pot_test,,,,
ex091,1,0,False,murder_pot_test,8270.0,2283.0,205.83267045021057,0.013191250000000002
ex009,0,1,False,murder_pot_test,8481.0,2263.0,131.30271911621094,0.013430000000000001
ex065,0,0,True,murder_pot_test,7320.0,1984.0,205.4110140800476,0.011630000000000001
ex050,0,0,True,murder_pot_test,7644.0,1957.0,197.72789859771729,0.012001250000000001
ex001,0,0,True,murder_pot_test,7745.0,2190.0,158.35622835159302,0.012418750000000001
ex070,1,1,True,murder_pot_test,8201.0,2135.0,88.05522918701172,0.012920000000000001
ex015,0,1,False,murder_pot_test,8441.0,2419.0,36.44126319885254,0.013575000000000002
ex078,0,1,False,murder_pot_test,7682.0,1924.0,24.619442224502563,0.0120075
ex073,0,0,True,murder_pot_test,8027.0,2273.0,76.75235843658447,0.012875000000000001
ex010,0,0,True,murder_pot_test,7508.0,2044.0,94.78533172607422,0.011940000000000003
ex055,0,0,True,murder_pot_test,8301.0,2101.0,56.37981581687927,0.013002500000000002
ex056,0,1,False,murder_pot_test,8418.0,2257.0,46.0626540184021,0.013343750000000001
ex072,1,1,True,murder_pot_test,7531.0,2188.0,42.38601517677307,0.012148750000000002
ex045,1,0,False,murder_pot_test,7470.0,2374.0,50.43757486343384,0.012305000000000002
ex048,1,1,True,murder_pot_test,7484.0,2180.0,32.71301984786987,0.012080000000000002
ex092,1,1,True,murder_pot_test,7764.0,2025.0,23.249475717544556,0.01223625
ex076,0,0,True,murder_pot_test,8145.0,2190.0,28.673025846481323,0.01291875
ex037,0,0,True,murder_pot_test,8514.0,2369.0,48.398890256881714,0.013603750000000001
ex030,0,1,False,murder_pot_test,8165.0,2057.0,38.64718961715698,0.0127775
ex021,0,1,False,murder_pot_test,7851.0,2098.0,69.09020805358887,0.012436250000000001
ex032,1,0,False,murder_pot_test,7281.0,2254.0,88.64604663848877,0.01191875
ex096,1,1,True,murder_pot_test,6658.0,1692.0,24.391263246536255,0.010437499999999999
ex080,1,1,True,murder_pot_test,8400.0,2295.0,45.413854360580444,0.01336875
ex049,0,0,True,murder_pot_test,7669.0,2215.0,38.55875277519226,0.012355
ex083,0,0,True,murder_pot_test,8185.0,2289.0,56.99930930137634,0.0130925
ex026,0,1,False,murder_pot_test,8426.0,2564.0,60.89867091178894,0.0137375
ex087,0,0,True,murder_pot_test,7266.0,1895.0,52.17546010017395,0.01145125
ex033,0,0,True,murder_pot_test,6755.0,2021.0,46.63735508918762,0.01097
ex008,1,1,True,murder_pot_test,7936.0,1974.0,42.28271293640137,0.012387500000000001
ex047,0,0,True,murder_pot_test,7666.0,2275.0,45.31356883049011,0.01242625
ex059,0,0,True,murder_pot_test,7761.0,2279.0,37.17797827720642,0.012550000000000002
ex063,0,1,False,murder_pot_test,7988.0,2051.0,50.40358304977417,0.012548750000000003
ex074,**exception raised**: cannot find answer matching pattern '```python\n([^`]*)\n```',1,False,murder_pot_test,2119.0,1241.0,52.35347390174866,0.004200000000000001
ex044,1,0,False,murder_pot_test,8096.0,1988.0,30.587833404541016,0.012605000000000002
ex098,0,0,True,murder_pot_test,6977.0,1873.0,46.24642992019653,0.011062500000000001
ex052,0,1,False,murder_pot_test,8025.0,2248.0,74.64193511009216,0.012841250000000002
ex085,0,0,True,murder_pot_test,7360.0,2114.0,33.25259780883789,0.0118425
ex012,1,1,True,murder_pot_test,7888.0,2158.0,40.76375985145569,0.012557500000000001
ex036,0,0,True,murder_pot_test,2127.0,1519.0,38.07491087913513,0.0045575
ex023,1,1,True,murder_pot_test,8252.0,2254.0,35.73394560813904,0.013132500000000002
ex039,0,1,False,murder_pot_test,8740.0,2478.0,42.64277195930481,0.0140225
ex040,1,1,True,murder_pot_test,7141.0,2280.0,59.00481700897217,0.011776250000000002
ex018,1,0,False,murder_pot_test,7707.0,2152.0,60.772353410720825,0.012323750000000001
ex066,0,0,True,murder_pot_test,7696.0,2050.0,49.255462884902954,0.012182500000000002
ex061,"**exception raised**: Code parsing failed on line 1 due to: SyntaxError
narrative = 'In a seedy motel room, Frederick\'s life was cruelly punctuated with a corkscrew, leaving Detective Winston to unravel the twisted tales of two suspects, Tessa and Van.\n\nWinston\'s dispatch message included the name ""Tessa"". He remembered her as a skilled bartender at a high-end restaurant, famed for her unique way of handling a corkscrew, especially while opening extravagant wine bottles. Recently, she seemed to have been working outside of normal working hours. She was often seen requesting financial support from Frederick, an affluent regular customer who wouldn\'t mind doling out his means for attention.\n\nA friend once mentioned to him Frederick’s intention to spill the beans about Tessa\'s grim reality. It was not every day someone aimed to settle a debt of that size, and the situation intrigued Winston. Using the information he had, he traced that Tessa had checked in the motel a couple of days before Frederick’s demise.\n\nWinston pulled his sedan into the dusty lot of the low-rise motel on the outskirts of town. There he saw Tessa, emerging from a room and handing a key back to the motel manager. The motel staff confirmed that the implicating room was indeed paid for by Tessa, and their logbook showed that she had checked in before Frederick’s death. They also agreed that she had remained on the premises throughout.\n\nThe day Tessa was arrested, she displayed her usual calm demeanor. As the police handcuffed her, a metallic shine of a corkscrew slipped out from her apron pocket, landing on the ground below. This was her personal corkscrew, a tool she always had on hand for her routine work at the restaurant, and one that she was seen using frequently to open wine bottles during her shift.\n\nAs Winston left the motel to return to the precinct, he mused over the victim’s connection with Tessa. Frederick knew about Tessa\'s considerable debt, and this was not ordinary behavior between a server and a regular patron. But for now, the facts just laid out the circumstances. His sole contribution to this puzzle would be to compile the facts so they could make sense. The rest — the swift execution of justice — was a matter of time. And Winston knew that time always brought the truth to light.\n\nWinston straightened his tie as he approached the scene of Frederick\'s murder, squinting under the motel\'s harsh fluorescent lighting. Frederick, a successful events planner, was stealing lucrative contracts right from Van’s territory. On the other hand, Van also managed to poach a few of Frederick\'s prime clients. Frederick\'s competitors saw his success as the rising spark of a problem they had to deal with. Someone like Van, maybe. \n\nVan. The one who was always behind a desk at every event he planned, for some reason avoiding any kind of physical exertion. For instance, at every event, he could be found refusing a spot in the robust, physically-demanding relay races that colleagues customarily participated in. That night was no different, the event was a wine tasting. Van would likely be there, not participating in the traditional grape-stomping competition. There, Van would flaunt his newly-acquired clients; the ones he had usurped from Frederick.\n\nWith this thought in his head, Winston drove over to the event, arriving to the sight of Van pouring wine expediently with a corkscrew for the event attendees instead of joining in on the active games. \n\n""Van,"" Winston greeted, nodding at him.\n\n""Detective,"" Van replied, raising an eyebrow. \n\nHe paused as Winston took a seat in front of him, then offered a bottle of red. ""Wine, Detective?""\n\n""No, thanks,"" Winston said, ""Don\'t you usually have an assistant to open wine bottles?""\n\nVan laughed, shrugging off the observation easily. ""I like doing it. It\'s therapeutic,"" he said.\n\nThen there was the fresh dressing peeking out from under Van\'s cuff, the one he offered some vague explanation for, just like every other time Winston had seen him injured. He referred to these as ‘small accidents’.\n\nHe remembered what Van\'s colleagues had said about him. Always getting injured, never playing in any games, always behind a desk, and there was that thing with Frederick. \n\n""Frederick,"" Winston started, both men looking somber at the mention of the recent murder. Van averted his gaze, focusing steadfastly on the bottle he was opening.\n\n""I heard you had a falling out.""\n\nVan sighed, and for the first time that evening he looked tired. ""Fred and I... we had our differences. He was snatching clients right under my nose. And I wasn\'t just taking it lying down, I got back at him by snatching some of his clients,” he confessed. \n\n""Heard you even threatened him once,"" Winston said quietly.\n\n""That was just business, nothing personal,"" Van replied coldly. ""If you\'re suggesting--""\n\nWinston lifted his hands, chuckling lightly. ""I\'m not suggesting anything, Van,"" he said carefully.\n\nTurning his attention back to the bottle, Van popped the cork and poured himself a glass. ""Fine. I had my disagreements with Frederick,"" he admitted. ""Yes, we threatened each other over clients. But that's all it was... just threats.""\n\nWinston left shortly after, leaving Van to his wine and his thoughts. As he walked back to the car, he remembered the coroner\'s report. Those puncture wounds in Frederick\'s autopsy. Consistent with a corkscrew... \n\nA steady cold rain fell on Winston\'s windshield as he drove away, leaving behind the warm lights of the wine tasting event and a man with a lot on his mind.'                                                                                                                                                                                                                                                                                                                                                                                                                                                                                                                                                                                                                                                                                                                                                                                                                                                                                                                                                                                                                                                                                                                                                                                                                                                                                                                                                                                                                                                                                                                                                                                                                                                                                                                                                                                                                                                                                                                                                                                                                                                                                                                                                                                                                                                                                                                                                                                                                                                                                                                                                                                                                                                                                                                                                                                                                                                                                                                                                                                                                                                                                                                                                                                                                                                                                                                                                                                                                                                                                                                                                                                                                                                                                                                                                                                                                                                                                                                                                                                                                                                                                                                                                                                                                                                                                                                                                                                                                                                                                                                                                                                                                                                                                                                                                                                                                                                                                                                                                                                                                                                                                                                                                                                                                                                                                                                                                                                        ^
Error: unterminated string literal (detected at line 1) (<unknown>, line 1)",0,False,murder_pot_test,2221.0,1689.0,41.8242712020874,0.0048875
ex060,0,0,True,murder_pot_test,7668.0,2790.0,61.979400873184204,0.0130725
ex007,0,0,True,murder_pot_test,7861.0,1964.0,34.13191294670105,0.01228125
ex034,0,1,False,murder_pot_test,7352.0,2128.0,33.61148953437805,0.011850000000000001
ex099,0,1,False,murder_pot_test,8115.0,2315.0,41.033686876297,0.0130375
ex046,1,1,True,murder_pot_test,7257.0,1849.0,31.563801527023315,0.0113825
ex002,0,1,False,murder_pot_test,6915.0,1718.0,30.925077438354492,0.01079125
ex051,1,0,False,murder_pot_test,6912.0,1779.0,31.62267565727234,0.01086375
ex016,1,1,True,murder_pot_test,7981.0,2197.0,50.429656982421875,0.012722500000000001
ex038,1,1,True,murder_pot_test,8351.0,2241.0,32.477293968200684,0.013240000000000002
ex058,1,0,False,murder_pot_test,8072.0,2356.0,42.43192386627197,0.013035000000000001
ex068,1,1,True,murder_pot_test,8498.0,2623.0,84.36658048629761,0.013901250000000002
ex022,0,1,False,murder_pot_test,8272.0,2421.0,107.15565466880798,0.013366250000000003
ex062,1,1,True,murder_pot_test,7786.0,1988.0,45.04369831085205,0.012217500000000003
ex024,0,0,True,murder_pot_test,8460.0,2603.0,39.060444355010986,0.01382875
ex005,0,1,False,murder_pot_test,7293.0,2186.0,52.72770094871521,0.011848750000000002
ex006,0,0,True,murder_pot_test,2230.0,1526.0,29.983688354492188,0.004695
ex067,1,0,False,murder_pot_test,7493.0,2093.0,62.04083514213562,0.0119825
ex082,0,0,True,murder_pot_test,7345.0,1958.0,65.07392764091492,0.01162875
ex019,1,1,True,murder_pot_test,7637.0,2375.0,43.571985721588135,0.012515000000000002
ex079,Letti,1,False,murder_pot_test,7129.0,2184.0,67.69070363044739,0.011641250000000002
ex043,1,1,True,murder_pot_test,9987.0,4202.0,128.7771725654602,0.017736250000000002
ex090,0,0,True,murder_pot_test,7233.0,2112.0,60.8465518951416,0.01168125
ex020,"**exception raised**: Code parsing failed on line 1 due to: SyntaxError
narrative = 'In the tranquil sphere of the temple, Charlotte\'s demise by barbed wire disrupts the serenity, drawing Detective Winston into a puzzling web woven by suspects Priscilla and Xenia.\n\n\nWinston unfolded the clipped newspaper announcement of Charlotte\'s upcoming wedding. He scanned the quaint details, turning each over in his mind. The setting was a temple, a peculiar choice within their community. Unique also, was the choice of Xenia as the wedding planner. A woman known for her fastidiousness and deft hands in crafting seamless events. \n\nIn a recent chat with Charlotte before her wedding, she mentioned a peculiar detail regarding a certain secret she was advised by Xenia to keep hidden - her past relationship with Xenia\'s current partner. It was a secret she was planning to unveil at the altar, a revelation that would surely raise a few eyebrows, with Xenia no longer being the lone keeper of it.\n\n""Ms. Xenia, I presume?"" Winston asked, entering the wedding planner\'s office. \n\n""Yes. How can I aid you detective?"" Xenia responded, with a slight surprise in her eyes.\n\n""I wanted to talk about Charlotte\'s wedding... a ceremony that was slated to occur at the exact minute of her murder. Noticed anything unusual around those days?” Winston queried.\n\nXenia hesitated, her expression wavering. It was clear that the jab about Charlotte\'s intention to confess the past, which involved Xenia\'s significant other, had struck a nerve. The anger simmering in Xenia\'s eyes was volatile and intense, enough to make anyone uncomfortable.\n\nAs they conversed, Winston\'s attention drifted to an office closet, slightly ajar. A suitcase peeked from within, stuffed with neatly folded clothes, almost as though it was constantly ready for a trip. His colleagues had often mentioned seeing this suitcase during their routine meetings with Xenia.\n\n""Ever much of a traveler, Xenia?"" Winston asked casually. \n\nShe seemed taken aback by his question. ""Sometimes... it\'s part of the job. Last minute trips for a desired decoration, or perhaps to get a gift. Weekend trips and all.""\n\n""That your suitcase in the closet, always packed and ready?"" Winston nodded towards it. Xenia followed his gaze toward the suitcase, then back at him. ""Yes, why?"" \n\n""No reason,"" Winston shrugged. ""It’s just that colleagues have mentioned spotting you with your luggage at the airport, and at the train station buying tickets – during work hours.""\n\n""Yeah, like I said, travelling becomes part of the job sometimes,” countered Xenia, smoothly.\n\nThroughout their conversation about wedding preparations, Xenia specified that she was responsible for every minute detail – setting up and breaking down the décor, liaising with the temple people, overseeing every aspect of the event. She emphasized that her duties required her presence before, during, and after the ceremony. Winston mentally jotted this down, noticing how neatly these timings coincided with those of Charlotte\'s unfortunate fate.\n\nWinston rose to depart, conveying his gratitude, ""Thanks for your time.""\n\n""Of course, anything to help,"" Xenia replied softly. “Charlotte\'s passing is shocking, but remember, we rely on trust and reputation in our business. It\'s all we have. Charlotte\'s confession could have marred that.""\n\nDetective Winston sifted through the papers littering his desk. Crime scene photos mixed with witness statements and information on both the victim, Charlotte, and the potential suspect, Priscilla. Winston ran a hand through his hair, taking a deep breath.\n\nEyewitness accounts placed Priscilla at the temple on the day of the crime. The same temple where Charlotte was found, her life taken by barbed wire. Winston\'s gaze drifted towards some photos of the hiking trails Priscilla was known to frequent. The trails, all too often, wound their way past the same temple where Charlotte met her end.\n\nPushing the papers around, Winston found a report from the local police. Priscilla\'s involvement with certain gang activities was far from a well-kept secret. The faded gang tattoos on Priscilla\'s skin were testament to her affiliation. Charlotte, on the other hand, was part of a rival gang, a fact anyone could see from the tags she left behind. \n\nPhotos from the trails Priscilla often hiked showed a significant amount of barbed wire fencing. Winston mused, barbed wire was indeed common along these trails - so much so that Priscilla had even learned to utilize items like it in her own survival knowledge on these hiking expeditions. \n\nA picture of Priscilla hiking caught Winston\'s attention. He noted the pair of wire snips she carried. Those would be potentially useful in dealing with the surplus of barbed wire on her usual trails. He also noted the rough timeline on the police report. Charlotte\'s time of death matched up too neatly with the time witnesses had spotted Priscilla at the temple that day.\n\n""Interesting, isn\'t it?"" Winston muttered to himself, mulling over the facts at hand. Pushing his chair back, he decided it was time to ask Priscilla some questions. He was determined to learn the truth, one piece of victim = ""Charlotte""             ^
Error: unterminated string literal (detected at line 1) (<unknown>, line 1)",0,False,murder_pot_test,2106.0,1796.0,68.46315717697144,0.0048775
ex000,1,1,True,murder_pot_test,8481.0,2580.0,85.60951399803162,0.01382625
ex095,Claire,0,False,murder_pot_test,7284.0,2002.0,59.52552556991577,0.0116075
ex057,1,1,True,murder_pot_test,2096.0,1500.0,32.534767150878906,0.004495000000000001
ex093,0,1,False,murder_pot_test,7831.0,2439.0,45.72502255439758,0.0128375
ex053,0,1,False,murder_pot_test,7585.0,2034.0,52.14087915420532,0.01202375
ex089,0,1,False,murder_pot_test,8353.0,2336.0,106.01397013664246,0.013361250000000002
ex025,0,0,True,murder_pot_test,8529.0,2243.0,53.841838121414185,0.013465000000000001
ex071,0,0,True,murder_pot_test,8657.0,2179.0,47.086360692977905,0.013545000000000001
ex084,0,1,False,murder_pot_test,7074.0,1789.0,29.179171085357666,0.011078750000000002
ex077,0,1,False,murder_pot_test,7678.0,2029.0,39.60526633262634,0.01213375
ex064,1,1,True,murder_pot_test,2079.0,1715.0,32.868704080581665,0.0047425
ex029,1,1,True,murder_pot_test,8027.0,2359.0,55.35048818588257,0.012982500000000003
ex027,0,0,True,murder_pot_test,7516.0,2064.0,41.01438498497009,0.011975000000000001
ex088,0,0,True,murder_pot_test,8645.0,2712.0,114.74165940284729,0.01419625
ex097,"**exception raised**: Code parsing failed on line 1 due to: SyntaxError
narrative = 'In the grim spectacle of the wrestling ring stained with blood, Detective Winston embarks on a chilling manhunt for Serenity\'s chainsaw-wielding murderer, revolving around two main suspects: Terrance and Nelson.\n\nWinston mused over his coffee cup, squinting at his notes from last night\'s wrestling match. Serenity, the star wrestler, had publicly threatened her opponent, Terrance. And Terrance, poor lad, was found pale and trembling after their match. Terrance was no stranger to the grit and physicality of ranch life, but the wrestling ring was another story entirely. He had been in the losing end of a previous matchup with Serenity. \n\nFinally placated by the caffeine and recalling his purpose, Winston trudged to the boots and scruff leather of the local ranch. He was greeted by the sight of Terrance coordinating his ranch work, his sun-worn skin a testament to long hours under the warm Texan sun. ""You\'re Terrance I suppose?"" Winston asked, as he gestured to the flourishing land around them.\n\n""That\'d be me, Detective,"" Terrance replied in a thick southern drawl. ""This land\'s been around longer than I have. Been a rancher all my life.""\n\nThere was an odd sense of hitched anxiety when Winston brought up the chainsaw classes he\'d heard Terrance attended. ""Gotta know how to operatin\' it,"" Terrance replied. ""Helps keepin\' the place run smooth.""\n\nWinston hustled over to where the recent wrestling match had taken place. It was a local tradition in the town and Terrance was no stranger to it, being a regular sponsor. It was a sweltering evening when he found himself at the scene, their wrestling ring splattered with the remnants of what occurred.\n\nReturning to the station under the glow of disjointed neon lights, Winston on a hunch asked a few local attendees about the particular wrestling match where Serenity was killed. Terrance was in the crowd that night, cheering heatedly during the match.\n\nIn a more relaxed visit to the local bar, Terrance appeared more forthright. ""She was strong, Detective. Really strong,"" Terrance eased into his confession after a few sips of his drink. At another instance, in a low murmured admission to some friends, Terrance had been heard saying he felt threatened by Serenity. There were rumors around of Terrance being seen frequently repairing a chainsaw. The very same chainsaw Terrance learned to operate, and the chilling instrument that ended Serenity\'s life.\n\nFor now, this was the puzzle Winston had to unravel. He gave Terrance a long, discerning look over the rim of his beer glass before leaving the lightly crowded bar. On his way out, the words of a recent reports echoed in his head, ""A chainsaw is essential in ranch work…""\n\nWinston had been downing cups of coffee all day, trying to make sense of the pieces of what seemed like a nonsensical puzzle. He made a decision to visit the place it all transpired – an old, grimy wrestling ring where Serenity had met her horrific end.\n\nThe image of the chainsaw used as the murder weapon kept coming back to him. So brutal was it that Winston found it hard to shake off. He had heard that Nelson, the painter and prime suspect in the case, had been seen training with a chainsaw - a tool that he directly employed in his painting procedures, forming part of his job. The oddity seemed to strengthen the potential motive Nelson had for this grim act and Winston felt compelled to pursue this lead.\n\nAfter a quick tour to the local gallery, Winston visited an exhibition where Nelson\'s pieces were showcased. It was evident that his chainsaw artwork had amassed some level of local attention, owing to their exceptional detailing accomplished with a chainsaw. Nelson adored wood, especially intricate shapes created out of it. He would often proclaim that shaping wood using his chainsaw was an integral part of his painting role. His proficiency seemed uncanny, almost eerie, but the public admired his work for its notable woodsiness.\n\nFrom the gallery, Winston travelled to the correction facility where Nelson used to work. The officers seemed reluctant to speak about the past events which led to Nelson\'s termination and the painter\'s complete obliteration from the collective memory. Winston found no records of Nelson in the personnel files. His data seemed to have been deliberately wiped out, prompting Winston to question their collective avoidance in discussing Nelson.\n\nWinston then moved to his final stop, Nelson\'s quaint bungalow. Unusually quiet and still with the curtains tightly drawn; not the usual sight, as reported by neighbors who mentioned Nelson\'s affection for painting under natural light. Winston learned that Nelson had ceased attending the weekly game nights at the local pub, coinciding with his new preference for drawn curtains.\n\nAs Winston introspected leaning against his car, he realized the significance of the patterns in the the changing behaviors of the painter. Winston was now confident that Nelson indeed had a strong motive in Serenity\'s demise – albeit, this was supported by an eerie amalgamation of evidence: the drawn curtains, the nonattendance at the pub, the wiped data, the unusual termination, and finally, his habitual, ominous use of chainsaws. \n\nTime was ticking away, and Winston was now more determined than ever. He drove away from Nelson's bungalow, deep in thoughts about the painter and his last works that haunted his thoughts. The presentiment of the forthcoming day, the hunt for more truths and the justice for Serenity, was overwhelming. Each passing hour made the air heavier with unspoken truths, and Winston was resolute to unthread them all.'                                                                                                                                                                                                                                                                                                                                                                                                                                                                                                                                                                                                                                                                                                                                                                                                                                                                                                                                                                                                                                                                                                                                                                                                                                                                                                                                                                                                                                                                                                                                                                                                                                                                                                                                                                                                                                                                                                                                                                                                                                                                                                                                                                                                                                                                                                                                                                                                                                                                                                                                                                                                                                                                                                                                                                                                                                                                                                                                                                                                                                                                                                                                                                                                                                                                                                                                                                                                                                                                                                                                                                                                                                                                                                                                                                                                                                                                                                                                                                                                                                                                                                                                                                                                                                                                                                                                                                                                                                                                                                                                                                                                                                                                                                                                                                                                                                                                                                                                                                                                                                                                                                                                                                                                                                                                                                                                                                                                                                                                                                                                                                                                                                                                                                                                                                                                                                                                                                                        ^
Error: unterminated string literal (detected at line 1) (<unknown>, line 1)",0,False,murder_pot_test,2184.0,1539.0,56.39761304855347,0.00465375
ex004,0,0,True,murder_pot_test,8747.0,2409.0,46.98242473602295,0.013944999999999999
ex054,Fred,1,False,murder_pot_test,7087.0,1915.0,32.692209005355835,0.0112525
ex075,1,1,True,murder_pot_test,8919.0,2590.0,31.137765407562256,0.014386250000000003
ex011,0,0,True,murder_pot_test,8617.0,2251.0,30.257463455200195,0.013585000000000002
ex069,"**exception raised**: Code parsing failed on line 1 due to: SyntaxError
narrative = 'In the dim light of an abandoned factory, Kaylee\'s lifeless body lay with the cold steel of a pickaxe lodged within, thrusting Detective Winston into a dark game of deception with suspects Penelope and Francis.\n\nAs Winston shuffled the documents strewn across his desk, one caught his eye: a diary entry. The diary belonged to Kaylee, the victim, her handwriting tightened with anger in her most recent entry. She had discovered a wicked secret about her nanny, Penelope— a criminal past under the guise of a loving caregiver. Not only that, she was resolved in her decision to expose this to her parents and reveal Penelope\'s true identity.\n\nThe entry mentioned a clandestine meeting with Penelope, at an eerie, desolate place: an abandoned factory. Kaylee wrote, ""I must tell mom and dad about Penelope\'s past. They must know."" Winston furrowed his brows, a nanny meeting her ward at such an odd place and knowing Kaylee, she wouldn\'t miss any other events or commitments. He had cross-checked Kaylee\'s schedule for that day, and there were no appointments or events that could contradict her plan to meet Penelope.\n\nThe diary held more surprises. Kaylee, innocent as she was, declared her intention of revealing Penelope\'s criminal past to her parents. No doubt Penelope knew. The thought of this exposure could overturn her life, costing her job and the respect she held in the community. A price too high to pay even for a remorseless criminal.\n\nHe glanced back at the diary. The meeting proved to be crucial. The factory was walking distance from Penelope\'s potter\'s bowled house, a home that served as the hub of the community\'s children. Additionally, Penelope was spotted leaving her house around the time of the meeting, walking with a sense of grim purpose. In her hand was an age-old pickaxe, which she wielded with an unsettling casualness.\n\nHis eyes flickered to the forensic report on his desk. The murder weapon was old and weathered, a mining pickaxe. The connection was too strong to dismiss- the same pickaxe Penelope was seen carrying before the murder, matched the brutal weapon used in the murder. \n\nWinston felt the sore pit of despair in his stomach. Penelope could suffer tremendous humiliation and the loss of everything dear to her if her past was revealed to Kaylee\'s parents. But the fact that she valued her job and social standing so severely made her the prime suspect. It was clear that she valued it more than anything, even more than upholding the law.\n\nStepping back from the pile of evidence, Winston inhaled a deep sigh. He wanted to make sense of this all, but it was not for him to corrupt the course of justice. He needed to let the facts speak for themselves, the same facts that were now undeniably pointing in one chilling direction.\n\nDetective Winston leaned back in his chair, sifting through the information before him. It was all a tangled mess--an ex-factory worker, Francis, whose wife had been found brutally murdered in the very factory he used to work at. \n         \nFrancis had occasionally talked about his days at the factory to his friends. Friends had mentioned about Francis reminiscing about his time at Old Mill factory. ""Francis, Bill, Daniel, Frank, Freddy..."" Winston muttered to himself, tracing the pattern with his finger.\n\nWinston spiraled in and out of the facts, unravelling the complexities layer by layer. The daughter. The hotel registries. The flipping between names. The Parent-Teacher meetings.\n\nDeciding to question Francis personally, Winston drove down to the local school where he found Francis engaged in a parent-teacher conference. Francis stood up on Winston\'s arrival, turned to the teacher next to him, Mary, and introduced himself as Freddy. He seemed genuinely ready to help in the investigation.\n           \nAt a local café, Jane walked up to Winston, recognizing him from the photo Francis had shown her. Francis had introduced himself to her as Frank. Jane was a recurring name in the twisting narrative of Francis.\n\nWinston briefed Francis about the facts surrounding Kaylee\'s murder while carefully watching his reactions. ""You used to work in the factory?"" he asked, already knowing the answer. \n\nFrancis nodded, ""Yes, worked there for years, before they shut it down.”\n\n""And your daughter, she’s been seen with you frequently, stays with you during weekends?”\n\nFrancis shifted uncomfortably. ""Yes, that\'s...that\'s correct. She...well, she needs me.""\n\nWinston remembered the therapist’s note about Francis\'s daughter attending regular therapy sessions. It was something to consider.\n\nThey moved to another question. ""Kaylee, was there an issue between your daughter and her?""\n\nFrancis looked taken aback. ""What? No, not at all. They had... misunderstandings. Normal stuff.”\n\nWinston remembered a witness account of Kaylee yelling and acting aggressively towards the daughter. ""Are you often in town?""\n\n""Well, yes! I... yes, I mean... who isn\'t?”\n\nWinston decided not to light up the dichotomy of the hotel rooms and the different names. He wrapped up the meeting quietly.\n\nEarlier, as he had sifted through the hotel registries, Winston had found Francis\'s name on two dates. On August 5th, Francis had used the name ""Bill Norman"". A week later, on August 12th, a ""Daniel Smith"" had checked in. Both were aliases of Francis. \n\nDuring his drive back to the station on the afternoon of August 12, the same unfortunate day Hampton found Kaylee\'s body in the factory, Winston replayed the meeting in his mind. The complexity of the situation was mind-boggling – a murder tied to an abandoned factory, a man with many names, a daughter in therapy, the translucent shield of parent-teacher involvement, and the ghost of past echoes in the disused factory.\n\nWinston parked his victim = ""Kaylee""             ^
Error: unterminated string literal (detected at line 1) (<unknown>, line 1)",0,False,murder_pot_test,2320.0,2048.0,36.18700313568115,0.0054600000000000004
ex086,0,1,False,murder_pot_test,7317.0,2008.0,55.43864560127258,0.011656250000000002
ex013,1,0,False,murder_pot_test,7594.0,2023.0,43.770236015319824,0.01202125
ex017,0,0,True,murder_pot_test,7891.0,2492.0,43.4460563659668,0.01297875
ex028,1,1,True,murder_pot_test,9740.0,4142.0,139.36564016342163,0.0173525
ex031,0,0,True,murder_pot_test,8029.0,2198.0,33.368571758270264,0.012783750000000002
ex035,1,1,True,murder_pot_test,8324.0,2310.0,38.94164299964905,0.0132925
ex094,0,0,True,murder_pot_test,8310.0,2473.0,32.707937240600586,0.013478750000000001
ex003,1,0,False,murder_pot_test,7244.0,2174.0,24.878721714019775,0.011772500000000002
ex014,0,0,True,murder_pot_test,7763.0,2185.0,38.219494104385376,0.012435
ex081,1,1,True,murder_pot_test,6786.0,2014.0,39.503031730651855,0.011
