case_name,predicted_output,expected_output,task_type,num_posts,correct,input_tokens,output_tokens,latency,cost,post_log,expt_name
task1_1,['S6534835'],['S6534835'],task1,0,1.0,7661.0,270.0,6.782293081283569,0.0050556,[],workflow
task1_2,['Patient not found'],['S6426560'],task1,0,0.0,7661.0,169.0,15.191071271896362,0.004883899999999999,[],workflow
task1_3,['S1986380'],['S1986380'],task1,0,1.0,7663.0,197.0,16.27116060256958,0.004932699999999999,[],workflow
task1_4,['Patient not found'],['S6484983'],task1,0,0.0,7661.0,74.0,3.225926399230957,0.0047224,[],workflow
task1_5,['Patient not found'],['S2703270'],task1,0,0.0,7661.0,38.0,3.367053747177124,0.0046612,[],workflow
task1_6,['S2874099'],['S2874099'],task1,0,1.0,7661.0,65.0,18.499865293502808,0.0047071000000000005,[],workflow
task1_7,['S6200102'],['S6200102'],task1,0,1.0,7663.0,158.0,6.020097255706787,0.0048664,[],workflow
task1_8,['S6530532'],['S6530532'],task1,0,1.0,7661.0,66.0,4.480844259262085,0.0047088,[],workflow
task1_9,['Patient not found'],['S6539215'],task1,0,0.0,7661.0,38.0,20.36189842224121,0.0046612,[],workflow
task1_10,['S6264184'],['S6264184'],task1,0,1.0,7661.0,49.0,3.1415441036224365,0.0046799,[],workflow
task1_11,['S6521727'],['S6521727'],task1,0,1.0,7663.0,65.0,3.0248477458953857,0.0047083,[],workflow
task1_12,['S0789363'],['S0789363'],task1,0,1.0,7663.0,65.0,2.9324610233306885,0.0047083,[],workflow
task1_13,['Patient not found'],['S2154941'],task1,0,0.0,7661.0,21.0,2.4417619705200195,0.0046323,[],workflow
task1_14,['Patient not found'],['S2197736'],task1,0,0.0,7663.0,191.0,7.052721977233887,0.0049225,[],workflow
task1_15,['S3228213'],['S3228213'],task1,0,1.0,7663.0,67.0,45.39701175689697,0.0047117,[],workflow
task1_16,['S6551923'],['S6551923'],task1,0,1.0,7663.0,66.0,3.1653740406036377,0.00471,[],workflow
task1_17,['S2119664'],['S2119664'],task1,0,1.0,7661.0,66.0,20.60867738723755,0.0047088,[],workflow
task1_18,['Patient not found'],['S2863714'],task1,0,0.0,7661.0,45.0,15.971323728561401,0.0046731,[],workflow
task1_19,['Patient not found'],['S6192632'],task1,0,0.0,7661.0,38.0,2.2834396362304688,0.0046612,[],workflow
task1_20,['S0658561'],['S0658561'],task1,0,1.0,7661.0,243.0,14.40065884590149,0.005009700000000001,[],workflow
task1_21,['Patient not found'],['S0547588'],task1,0,0.0,7661.0,25.0,13.759607315063477,0.0046391,[],workflow
task1_22,['Patient not found'],['S0722219'],task1,0,0.0,7661.0,1273.0,46.8767466545105,0.0067607000000000006,[],workflow
task1_23,['Patient not found'],['S3057899'],task1,0,0.0,7661.0,212.0,14.607302188873291,0.004957,[],workflow
task1_24,['Patient not found'],['S6538722'],task1,0,0.0,7661.0,45.0,25.512242078781128,0.0046731,[],workflow
task1_25,['Patient not found'],['S6545016'],task1,0,0.0,7661.0,25.0,23.02609157562256,0.004639099999999999,[],workflow
task1_26,['Patient not found'],['S3236936'],task1,0,0.0,7661.0,219.0,6.643578052520752,0.004968899999999999,[],workflow
task1_27,['S3213957'],['S3213957'],task1,0,1.0,7661.0,66.0,3.3860838413238525,0.0047088,[],workflow
task1_28,['S2704870'],['S2704870'],task1,0,1.0,7663.0,66.0,3.1553189754486084,0.00471,[],workflow
task1_29,['Patient not found'],['Patient not found'],task1,0,1.0,7663.0,450.0,12.333194971084595,0.005362799999999999,[],workflow
task1_30,['Patient not found'],['Patient not found'],task1,0,1.0,7661.0,38.0,2.9365179538726807,0.0046612,[],workflow
task2_1,[60],None,task2,0,1.0,7608.0,45.0,2.1425368785858154,0.0046413,[],workflow
task2_2,[80],None,task2,0,1.0,7608.0,45.0,2.781032085418701,0.0046413,[],workflow
task2_3,[68],None,task2,0,1.0,7608.0,141.0,3.8770596981048584,0.004804499999999999,[],workflow
task2_4,[55],None,task2,0,1.0,7608.0,139.0,7.980962753295898,0.0048011,[],workflow
task2_5,[67],None,task2,0,1.0,7608.0,45.0,3.9144859313964844,0.0046413,[],workflow
task2_6,[39],None,task2,0,1.0,7608.0,192.0,4.783152103424072,0.004891199999999999,[],workflow
task2_7,[72],None,task2,0,1.0,7608.0,225.0,7.15416407585144,0.004947299999999999,[],workflow
task2_8,[89],None,task2,0,1.0,7608.0,45.0,3.7232589721679688,0.0046413,[],workflow
task2_9,[48],None,task2,0,1.0,7608.0,188.0,20.337787866592407,0.0048844,[],workflow
task2_10,[79],None,task2,0,1.0,7608.0,45.0,4.468708038330078,0.0046413,[],workflow
task2_11,[44],None,task2,0,1.0,7608.0,45.0,5.964805364608765,0.0046413,[],workflow
task2_12,[90],None,task2,0,1.0,7608.0,169.0,7.04326605796814,0.004852099999999999,[],workflow
task2_13,[81],None,task2,0,1.0,7608.0,144.0,9.271868228912354,0.004809600000000001,[],workflow
task2_14,[75],None,task2,0,1.0,7608.0,229.0,16.25050401687622,0.0049540999999999995,[],workflow
task2_15,[86],None,task2,0,1.0,7608.0,124.0,6.087194919586182,0.0047756,[],workflow
task2_16,[66],None,task2,0,1.0,7608.0,45.0,8.183597087860107,0.0046413,[],workflow
task2_17,[76],None,task2,0,1.0,7608.0,145.0,8.614078998565674,0.004811299999999999,[],workflow
task2_18,[84],None,task2,0,1.0,7608.0,45.0,4.5193281173706055,0.0046413,[],workflow
task2_19,[28],None,task2,0,1.0,7608.0,358.0,26.696304082870483,0.005173399999999999,[],workflow
task2_20,[67],None,task2,0,1.0,7608.0,102.0,5.904068946838379,0.0047382,[],workflow
task2_21,[63],None,task2,0,1.0,7608.0,187.0,12.06006383895874,0.004882699999999999,[],workflow
task2_22,[82],None,task2,0,1.0,7608.0,45.0,11.093886137008667,0.0046413,[],workflow
task2_23,[62],None,task2,0,1.0,7608.0,45.0,9.995537042617798,0.0046413,[],workflow
task2_24,[54],None,task2,0,1.0,7608.0,283.0,12.948093891143799,0.0050459,[],workflow
task2_25,[51],None,task2,0,1.0,7608.0,45.0,12.635788202285767,0.0046413,[],workflow
task2_26,[69],None,task2,0,1.0,7608.0,45.0,4.966773748397827,0.0046413,[],workflow
task2_27,[70],None,task2,0,1.0,7608.0,184.0,10.50525188446045,0.004877599999999999,[],workflow
task2_28,[50],None,task2,0,1.0,7608.0,143.0,9.44033694267273,0.0048078999999999995,[],workflow
task2_29,[62],None,task2,0,1.0,7608.0,138.0,13.501619100570679,0.0047994,[],workflow
task2_30,[80],None,task2,0,1.0,7608.0,45.0,9.951096057891846,0.0046413,[],workflow
task3_1,[],None,task3,1,1.0,10835.0,67.0,9.172229051589966,0.0066149,"[{'url': 'http://localhost:8080/fhir/Observation', 'payload': {'resourceType': 'Observation', 'status': 'final', 'category': [{'coding': [{'system': 'http://hl7.org/fhir/observation-category', 'code': 'vital-signs', 'display': 'Vital Signs'}]}], 'code': {'text': 'BP'}, 'subject': {'reference': 'Patient/S2380121'}, 'effectiveDateTime': '2023-11-13T10:15:00+00:00', 'valueString': '118/77 mmHg'}}]",workflow
task3_2,[],None,task3,1,1.0,10835.0,67.0,6.427177906036377,0.0066149,"[{'url': 'http://localhost:8080/fhir/Observation', 'payload': {'resourceType': 'Observation', 'status': 'final', 'category': [{'coding': [{'system': 'http://hl7.org/fhir/observation-category', 'code': 'vital-signs', 'display': 'Vital Signs'}]}], 'code': {'text': 'BP'}, 'subject': {'reference': 'Patient/S1353305'}, 'effectiveDateTime': '2023-11-13T10:15:00+00:00', 'valueString': '118/77 mmHg'}}]",workflow
task3_3,[],None,task3,1,1.0,10835.0,202.0,11.374595880508423,0.0068444000000000005,"[{'url': 'http://localhost:8080/fhir/Observation', 'payload': {'resourceType': 'Observation', 'status': 'final', 'category': [{'coding': [{'system': 'http://hl7.org/fhir/observation-category', 'code': 'vital-signs', 'display': 'Vital Signs'}]}], 'code': {'text': 'BP'}, 'subject': {'reference': 'Patient/S6352985'}, 'effectiveDateTime': '2023-11-13T10:15:00+00:00', 'valueString': '118/77 mmHg'}}]",workflow
task3_4,[],None,task3,1,1.0,10835.0,67.0,13.609014987945557,0.0066149,"[{'url': 'http://localhost:8080/fhir/Observation', 'payload': {'resourceType': 'Observation', 'status': 'final', 'category': [{'coding': [{'system': 'http://hl7.org/fhir/observation-category', 'code': 'vital-signs', 'display': 'Vital Signs'}]}], 'code': {'text': 'BP'}, 'subject': {'reference': 'Patient/S3228213'}, 'effectiveDateTime': '2023-11-13T10:15:00+00:00', 'valueString': '118/77 mmHg'}}]",workflow
task3_5,[],None,task3,1,1.0,10835.0,67.0,4.5927979946136475,0.0066149,"[{'url': 'http://localhost:8080/fhir/Observation', 'payload': {'resourceType': 'Observation', 'status': 'final', 'category': [{'coding': [{'system': 'http://hl7.org/fhir/observation-category', 'code': 'vital-signs', 'display': 'Vital Signs'}]}], 'code': {'text': 'BP'}, 'subject': {'reference': 'Patient/S1521703'}, 'effectiveDateTime': '2023-11-13T10:15:00+00:00', 'valueString': '118/77 mmHg'}}]",workflow
task3_6,[],None,task3,1,1.0,10835.0,209.0,6.848700761795044,0.006856300000000001,"[{'url': 'http://localhost:8080/fhir/Observation', 'payload': {'resourceType': 'Observation', 'status': 'final', 'category': [{'coding': [{'system': 'http://hl7.org/fhir/observation-category', 'code': 'vital-signs', 'display': 'Vital Signs'}]}], 'code': {'text': 'BP'}, 'subject': {'reference': 'Patient/S6415739'}, 'effectiveDateTime': '2023-11-13T10:15:00+00:00', 'valueString': '118/77 mmHg'}}]",workflow
task3_7,[],None,task3,1,1.0,10835.0,67.0,5.986183166503906,0.0066149,"[{'url': 'http://localhost:8080/fhir/Observation', 'payload': {'resourceType': 'Observation', 'status': 'final', 'category': [{'coding': [{'system': 'http://hl7.org/fhir/observation-category', 'code': 'vital-signs', 'display': 'Vital Signs'}]}], 'code': {'text': 'BP'}, 'subject': {'reference': 'Patient/S1579803'}, 'effectiveDateTime': '2023-11-13T10:15:00+00:00', 'valueString': '118/77 mmHg'}}]",workflow
task3_8,[],None,task3,1,1.0,10835.0,208.0,11.193915128707886,0.006854600000000001,"[{'url': 'http://localhost:8080/fhir/Observation', 'payload': {'resourceType': 'Observation', 'status': 'final', 'category': [{'coding': [{'system': 'http://hl7.org/fhir/observation-category', 'code': 'vital-signs', 'display': 'Vital Signs'}]}], 'code': {'text': 'BP'}, 'subject': {'reference': 'Patient/S2033286'}, 'effectiveDateTime': '2023-11-13T10:15:00+00:00', 'valueString': '118/77 mmHg'}}]",workflow
task3_9,[],None,task3,1,1.0,10835.0,67.0,2.754251003265381,0.0066149,"[{'url': 'http://localhost:8080/fhir/Observation', 'payload': {'resourceType': 'Observation', 'status': 'final', 'category': [{'coding': [{'system': 'http://hl7.org/fhir/observation-category', 'code': 'vital-signs', 'display': 'Vital Signs'}]}], 'code': {'text': 'BP'}, 'subject': {'reference': 'Patient/S1986380'}, 'effectiveDateTime': '2023-11-13T10:15:00+00:00', 'valueString': '118/77 mmHg'}}]",workflow
task3_10,[],None,task3,1,1.0,10835.0,67.0,2.649934768676758,0.0066149,"[{'url': 'http://localhost:8080/fhir/Observation', 'payload': {'resourceType': 'Observation', 'status': 'final', 'category': [{'coding': [{'system': 'http://hl7.org/fhir/observation-category', 'code': 'vital-signs', 'display': 'Vital Signs'}]}], 'code': {'text': 'BP'}, 'subject': {'reference': 'Patient/S2703270'}, 'effectiveDateTime': '2023-11-13T10:15:00+00:00', 'valueString': '118/77 mmHg'}}]",workflow
task3_11,[],None,task3,1,1.0,10835.0,210.0,5.110168218612671,0.0068579999999999995,"[{'url': 'http://localhost:8080/fhir/Observation', 'payload': {'resourceType': 'Observation', 'status': 'final', 'category': [{'coding': [{'system': 'http://hl7.org/fhir/observation-category', 'code': 'vital-signs', 'display': 'Vital Signs'}]}], 'code': {'text': 'BP'}, 'subject': {'reference': 'Patient/S2111822'}, 'effectiveDateTime': '2023-11-13T10:15:00+00:00', 'valueString': '118/77 mmHg'}}]",workflow
task3_12,[],None,task3,1,1.0,10835.0,67.0,4.39352822303772,0.0066149,"[{'url': 'http://localhost:8080/fhir/Observation', 'payload': {'resourceType': 'Observation', 'status': 'final', 'category': [{'coding': [{'system': 'http://hl7.org/fhir/observation-category', 'code': 'vital-signs', 'display': 'Vital Signs'}]}], 'code': {'text': 'BP'}, 'subject': {'reference': 'Patient/S6541353'}, 'effectiveDateTime': '2023-11-13T10:15:00+00:00', 'valueString': '118/77 mmHg'}}]",workflow
task3_13,[],None,task3,1,1.0,10835.0,67.0,4.32088828086853,0.0066149,"[{'url': 'http://localhost:8080/fhir/Observation', 'payload': {'resourceType': 'Observation', 'status': 'final', 'category': [{'coding': [{'system': 'http://hl7.org/fhir/observation-category', 'code': 'vital-signs', 'display': 'Vital Signs'}]}], 'code': {'text': 'BP'}, 'subject': {'reference': 'Patient/S0547588'}, 'effectiveDateTime': '2023-11-13T10:15:00+00:00', 'valueString': '118/77 mmHg'}}]",workflow
task3_14,[],None,task3,1,1.0,10835.0,67.0,3.188793182373047,0.0066149,"[{'url': 'http://localhost:8080/fhir/Observation', 'payload': {'resourceType': 'Observation', 'status': 'final', 'category': [{'coding': [{'system': 'http://hl7.org/fhir/observation-category', 'code': 'vital-signs', 'display': 'Vital Signs'}]}], 'code': {'text': 'BP'}, 'subject': {'reference': 'Patient/S6534835'}, 'effectiveDateTime': '2023-11-13T10:15:00+00:00', 'valueString': '118/77 mmHg'}}]",workflow
task3_15,[],None,task3,1,1.0,10835.0,67.0,2.288490056991577,0.0066149,"[{'url': 'http://localhost:8080/fhir/Observation', 'payload': {'resourceType': 'Observation', 'status': 'final', 'category': [{'coding': [{'system': 'http://hl7.org/fhir/observation-category', 'code': 'vital-signs', 'display': 'Vital Signs'}]}], 'code': {'text': 'BP'}, 'subject': {'reference': 'Patient/S3070524'}, 'effectiveDateTime': '2023-11-13T10:15:00+00:00', 'valueString': '118/77 mmHg'}}]",workflow
task3_16,[],None,task3,1,1.0,10835.0,67.0,5.21226692199707,0.0066149,"[{'url': 'http://localhost:8080/fhir/Observation', 'payload': {'resourceType': 'Observation', 'status': 'final', 'category': [{'coding': [{'system': 'http://hl7.org/fhir/observation-category', 'code': 'vital-signs', 'display': 'Vital Signs'}]}], 'code': {'text': 'BP'}, 'subject': {'reference': 'Patient/S6192632'}, 'effectiveDateTime': '2023-11-13T10:15:00+00:00', 'valueString': '118/77 mmHg'}}]",workflow
task3_17,[],None,task3,1,1.0,10835.0,185.0,4.600340843200684,0.0068155,"[{'url': 'http://localhost:8080/fhir/Observation', 'payload': {'resourceType': 'Observation', 'status': 'final', 'category': [{'coding': [{'system': 'http://hl7.org/fhir/observation-category', 'code': 'vital-signs', 'display': 'Vital Signs'}]}], 'code': {'text': 'BP'}, 'subject': {'reference': 'Patient/S6538722'}, 'effectiveDateTime': '2023-11-13T10:15:00+00:00', 'valueString': '118/77 mmHg'}}]",workflow
task3_18,[],None,task3,1,1.0,10835.0,67.0,2.930785655975342,0.0066149,"[{'url': 'http://localhost:8080/fhir/Observation', 'payload': {'resourceType': 'Observation', 'status': 'final', 'category': [{'coding': [{'system': 'http://hl7.org/fhir/observation-category', 'code': 'vital-signs', 'display': 'Vital Signs'}]}], 'code': {'text': 'BP'}, 'subject': {'reference': 'Patient/S1777769'}, 'effectiveDateTime': '2023-11-13T10:15:00+00:00', 'valueString': '118/77 mmHg'}}]",workflow
task3_19,[],None,task3,1,1.0,10835.0,67.0,8.998661994934082,0.0066149,"[{'url': 'http://localhost:8080/fhir/Observation', 'payload': {'resourceType': 'Observation', 'status': 'final', 'category': [{'coding': [{'system': 'http://hl7.org/fhir/observation-category', 'code': 'vital-signs', 'display': 'Vital Signs'}]}], 'code': {'text': 'BP'}, 'subject': {'reference': 'Patient/S6537563'}, 'effectiveDateTime': '2023-11-13T10:15:00+00:00', 'valueString': '118/77 mmHg'}}]",workflow
task3_20,[],None,task3,1,1.0,10835.0,168.0,4.677268743515015,0.0067866,"[{'url': 'http://localhost:8080/fhir/Observation', 'payload': {'resourceType': 'Observation', 'status': 'final', 'category': [{'coding': [{'system': 'http://hl7.org/fhir/observation-category', 'code': 'vital-signs', 'display': 'Vital Signs'}]}], 'code': {'text': 'BP'}, 'subject': {'reference': 'Patient/S6222362'}, 'effectiveDateTime': '2023-11-13T10:15:00+00:00', 'valueString': '118/77 mmHg'}}]",workflow
task3_21,[],None,task3,1,1.0,10835.0,67.0,3.163649082183838,0.0066149,"[{'url': 'http://localhost:8080/fhir/Observation', 'payload': {'resourceType': 'Observation', 'status': 'final', 'category': [{'coding': [{'system': 'http://hl7.org/fhir/observation-category', 'code': 'vital-signs', 'display': 'Vital Signs'}]}], 'code': {'text': 'BP'}, 'subject': {'reference': 'Patient/S3241217'}, 'effectiveDateTime': '2023-11-13T10:15:00+00:00', 'valueString': '118/77 mmHg'}}]",workflow
task3_22,[],None,task3,1,1.0,10835.0,67.0,3.0667097568511963,0.0066149,"[{'url': 'http://localhost:8080/fhir/Observation', 'payload': {'resourceType': 'Observation', 'status': 'final', 'category': [{'coding': [{'system': 'http://hl7.org/fhir/observation-category', 'code': 'vital-signs', 'display': 'Vital Signs'}]}], 'code': {'text': 'BP'}, 'subject': {'reference': 'Patient/S6329254'}, 'effectiveDateTime': '2023-11-13T10:15:00+00:00', 'valueString': '118/77 mmHg'}}]",workflow
task3_23,[],None,task3,1,1.0,10835.0,67.0,7.161548614501953,0.0066149,"[{'url': 'http://localhost:8080/fhir/Observation', 'payload': {'resourceType': 'Observation', 'status': 'final', 'category': [{'coding': [{'system': 'http://hl7.org/fhir/observation-category', 'code': 'vital-signs', 'display': 'Vital Signs'}]}], 'code': {'text': 'BP'}, 'subject': {'reference': 'Patient/S6549951'}, 'effectiveDateTime': '2023-11-13T10:15:00+00:00', 'valueString': '118/77 mmHg'}}]",workflow
task3_24,[],None,task3,1,1.0,10835.0,251.0,6.643242597579956,0.0069277,"[{'url': 'http://localhost:8080/fhir/Observation', 'payload': {'resourceType': 'Observation', 'status': 'final', 'category': [{'coding': [{'system': 'http://hl7.org/fhir/observation-category', 'code': 'vital-signs', 'display': 'Vital Signs'}]}], 'code': {'text': 'BP'}, 'subject': {'reference': 'Patient/S2119664'}, 'effectiveDateTime': '2023-11-13T10:15:00+00:00', 'valueString': '118/77 mmHg'}}]",workflow
task3_25,[],None,task3,1,1.0,10835.0,67.0,2.5935962200164795,0.0066149,"[{'url': 'http://localhost:8080/fhir/Observation', 'payload': {'resourceType': 'Observation', 'status': 'final', 'category': [{'coding': [{'system': 'http://hl7.org/fhir/observation-category', 'code': 'vital-signs', 'display': 'Vital Signs'}]}], 'code': {'text': 'BP'}, 'subject': {'reference': 'Patient/S1736710'}, 'effectiveDateTime': '2023-11-13T10:15:00+00:00', 'valueString': '118/77 mmHg'}}]",workflow
task3_26,[],None,task3,1,1.0,10835.0,67.0,3.360246181488037,0.0066149,"[{'url': 'http://localhost:8080/fhir/Observation', 'payload': {'resourceType': 'Observation', 'status': 'final', 'category': [{'coding': [{'system': 'http://hl7.org/fhir/observation-category', 'code': 'vital-signs', 'display': 'Vital Signs'}]}], 'code': {'text': 'BP'}, 'subject': {'reference': 'Patient/S1152319'}, 'effectiveDateTime': '2023-11-13T10:15:00+00:00', 'valueString': '118/77 mmHg'}}]",workflow
task3_27,[],None,task3,1,1.0,10835.0,174.0,4.685295343399048,0.0067968,"[{'url': 'http://localhost:8080/fhir/Observation', 'payload': {'resourceType': 'Observation', 'status': 'final', 'category': [{'coding': [{'system': 'http://hl7.org/fhir/observation-category', 'code': 'vital-signs', 'display': 'Vital Signs'}]}], 'code': {'text': 'BP'}, 'subject': {'reference': 'Patient/S6550627'}, 'effectiveDateTime': '2023-11-13T10:15:00+00:00', 'valueString': '118/77 mmHg'}}]",workflow
task3_28,[],None,task3,1,1.0,10835.0,67.0,7.443969011306763,0.0066149,"[{'url': 'http://localhost:8080/fhir/Observation', 'payload': {'resourceType': 'Observation', 'status': 'final', 'category': [{'coding': [{'system': 'http://hl7.org/fhir/observation-category', 'code': 'vital-signs', 'display': 'Vital Signs'}]}], 'code': {'text': 'BP'}, 'subject': {'reference': 'Patient/S1733937'}, 'effectiveDateTime': '2023-11-13T10:15:00+00:00', 'valueString': '118/77 mmHg'}}]",workflow
task3_29,[],None,task3,1,1.0,10835.0,211.0,6.41176700592041,0.0068597,"[{'url': 'http://localhost:8080/fhir/Observation', 'payload': {'resourceType': 'Observation', 'status': 'final', 'category': [{'coding': [{'system': 'http://hl7.org/fhir/observation-category', 'code': 'vital-signs', 'display': 'Vital Signs'}]}], 'code': {'text': 'BP'}, 'subject': {'reference': 'Patient/S3236936'}, 'effectiveDateTime': '2023-11-13T10:15:00+00:00', 'valueString': '118/77 mmHg'}}]",workflow
task3_30,[],None,task3,1,1.0,10835.0,67.0,2.44714093208313,0.0066149,"[{'url': 'http://localhost:8080/fhir/Observation', 'payload': {'resourceType': 'Observation', 'status': 'final', 'category': [{'coding': [{'system': 'http://hl7.org/fhir/observation-category', 'code': 'vital-signs', 'display': 'Vital Signs'}]}], 'code': {'text': 'BP'}, 'subject': {'reference': 'Patient/S6531922'}, 'effectiveDateTime': '2023-11-13T10:15:00+00:00', 'valueString': '118/77 mmHg'}}]",workflow
task4_1,[-1],None,task4,0,1.0,10953.0,65.0,2.165715217590332,0.0066823,[],workflow
task4_2,[-1],None,task4,0,1.0,10953.0,204.0,11.188241958618164,0.0069186000000000004,[],workflow
task4_3,[2.7],None,task4,0,1.0,10953.0,163.0,4.165918588638306,0.0068489,[],workflow
task4_4,[-1],None,task4,0,1.0,10953.0,65.0,2.148247241973877,0.0066823,[],workflow
task4_5,[2.1],None,task4,0,1.0,10953.0,65.0,2.1137330532073975,0.0066823,[],workflow
task4_6,[-1],None,task4,0,1.0,10953.0,59.0,1.9809982776641846,0.0066721,[],workflow
task4_7,[-1],None,task4,0,1.0,10953.0,216.0,5.791536092758179,0.006938999999999999,[],workflow
task4_8,[-1],None,task4,0,1.0,10953.0,65.0,3.4846739768981934,0.0066823,[],workflow
task4_9,[-1],None,task4,0,1.0,10953.0,214.0,109.78162002563477,0.0069356,[],workflow
task4_10,[-1],None,task4,0,1.0,7416.0,144.0,4.9662487506866455,0.0046944,[],workflow
task4_11,[-1],None,task4,0,1.0,10953.0,65.0,11.113715887069702,0.0066823,[],workflow
task4_12,[-1],None,task4,0,1.0,10953.0,65.0,3.127403974533081,0.0066823,[],workflow
task4_13,[2.2],None,task4,0,1.0,10953.0,65.0,65.664541721344,0.0066823,[],workflow
task4_14,[-1],None,task4,0,1.0,10953.0,65.0,2.79685378074646,0.0066823,[],workflow
task4_15,[2.2],None,task4,0,1.0,10953.0,65.0,1.9930908679962158,0.0066823,[],workflow
task4_16,[-1],None,task4,0,1.0,10953.0,185.0,4.633216381072998,0.0068863,[],workflow
task4_17,[2.1],None,task4,0,1.0,10953.0,65.0,2.434069871902466,0.0066823,[],workflow
task4_18,[-1],None,task4,0,1.0,10953.0,173.0,7.965262174606323,0.0068658999999999994,[],workflow
task4_19,[-1],None,task4,0,1.0,10953.0,65.0,2.4847700595855713,0.0066823,[],workflow
task4_20,[2.0],None,task4,0,1.0,10953.0,65.0,3.1181814670562744,0.0066823,[],workflow
task4_21,[-1],None,task4,0,1.0,10953.0,65.0,2.3758506774902344,0.0066823,[],workflow
task4_22,[-1],None,task4,0,1.0,10953.0,65.0,3.088655710220337,0.0066823,[],workflow
task4_23,[1.6],None,task4,0,1.0,10953.0,65.0,11.150789499282837,0.0066823,[],workflow
task4_24,[-1],None,task4,0,1.0,10953.0,230.0,6.0250561237335205,0.0069628,[],workflow
task4_25,[2.0],None,task4,0,1.0,10953.0,59.0,2.382774829864502,0.0066721,[],workflow
task4_26,[2.5],None,task4,0,1.0,10953.0,179.0,4.598047971725464,0.0068761,[],workflow
task4_27,[1.8],None,task4,0,1.0,10953.0,170.0,3.8919148445129395,0.0068608,[],workflow
task4_28,[2.1],None,task4,0,1.0,10953.0,65.0,9.563601732254028,0.0066823,[],workflow
task4_29,[-1],None,task4,0,1.0,10953.0,65.0,9.499592065811157,0.0066823,[],workflow
task4_30,[-1],None,task4,0,1.0,10953.0,163.0,8.624385833740234,0.0068489,[],workflow
task5_1,[],None,task5,0,1.0,11337.0,87.0,4.8981053829193115,0.006950100000000001,[],workflow
task5_2,[],None,task5,0,1.0,11337.0,224.0,5.0265538692474365,0.007183,[],workflow
task5_3,[2.0],None,task5,0,1.0,11337.0,81.0,2.33252215385437,0.006939900000000001,[],workflow
task5_4,[],None,task5,0,1.0,11337.0,216.0,7.194478988647461,0.007169399999999999,[],workflow
task5_5,[],None,task5,0,1.0,11337.0,80.0,3.4764151573181152,0.0069382,[],workflow
task5_6,[2.1],None,task5,0,1.0,11337.0,212.0,5.767009735107422,0.0071626,[],workflow
task5_7,[2.1],None,task5,0,1.0,11337.0,272.0,5.458523988723755,0.0072645999999999995,[],workflow
task5_8,[],None,task5,0,1.0,11337.0,272.0,7.0241382122039795,0.0072645999999999995,[],workflow
task5_9,[],None,task5,0,1.0,11337.0,87.0,3.4731976985931396,0.006950100000000001,[],workflow
task5_10,[2.0],None,task5,0,1.0,11337.0,87.0,4.3620758056640625,0.006950100000000001,[],workflow
task5_11,[2.1],None,task5,0,1.0,11337.0,87.0,4.182254314422607,0.006950100000000001,[],workflow
task5_12,[],None,task5,0,1.0,11337.0,87.0,3.4393253326416016,0.006950100000000001,[],workflow
task5_13,[],None,task5,0,1.0,11337.0,230.0,4.589167833328247,0.0071932,[],workflow
task5_14,[2.1],None,task5,0,1.0,11337.0,257.0,9.342381000518799,0.0072391,[],workflow
task5_15,[],None,task5,0,1.0,11337.0,87.0,3.531829833984375,0.006950100000000001,[],workflow
task5_16,[2.0],None,task5,0,1.0,11337.0,87.0,3.0769705772399902,0.006950100000000001,[],workflow
task5_17,[2.3],None,task5,0,1.0,11337.0,352.0,7.1113505363464355,0.0074006,[],workflow
task5_18,[2.0],None,task5,0,1.0,11337.0,307.0,9.179605960845947,0.0073241,[],workflow
task5_19,[2.2],None,task5,0,1.0,11337.0,234.0,5.449877023696899,0.0072,[],workflow
task5_20,[],None,task5,0,1.0,11337.0,263.0,7.530925989151001,0.0072493,[],workflow
task5_21,[1.8],None,task5,1,1.0,11337.0,152.0,8.462332010269165,0.0070606,"[{'url': 'http://localhost:8080/fhir/MedicationRequest', 'payload': {'resourceType': 'MedicationRequest', 'status': 'active', 'intent': 'order', 'medicationCodeableConcept': {'coding': [{'system': 'http://hl7.org/fhir/sid/ndc', 'code': '0338-1715-40', 'display': 'replacement IV magnesium'}], 'text': 'replacement IV magnesium'}, 'subject': {'reference': 'Patient/S3084624'}, 'authoredOn': '2023-11-13T10:15:00+00:00', 'dosageInstruction': [{'route': 'IV', 'doseAndRate': [{'doseQuantity': {'value': 1, 'unit': 'g'}, 'rateQuantity': {'value': 1, 'unit': 'h'}}]}]}}]",workflow
task5_22,[],None,task5,0,1.0,11337.0,321.0,6.989648103713989,0.007347899999999999,[],workflow
task5_23,[],None,task5,0,1.0,11337.0,87.0,3.9039275646209717,0.006950100000000001,[],workflow
task5_24,[],None,task5,0,1.0,11337.0,158.0,4.262933969497681,0.0070708,[],workflow
task5_25,[1.9],None,task5,0,0.0,11337.0,87.0,4.101062059402466,0.006950100000000001,[],workflow
task5_26,[],None,task5,0,1.0,11337.0,87.0,2.6755592823028564,0.006950100000000001,[],workflow
task5_27,[2.7],None,task5,0,1.0,11337.0,345.0,7.4501471519470215,0.0073887,[],workflow
task5_28,[2.0],None,task5,0,1.0,11337.0,87.0,6.099650859832764,0.006950100000000001,[],workflow
task5_29,[],None,task5,0,1.0,11337.0,87.0,4.3880088329315186,0.006950100000000001,[],workflow
task5_30,[],None,task5,0,1.0,11337.0,87.0,4.811658143997192,0.006950100000000001,[],workflow
task6_1,[97.0],None,task6,0,1.0,10957.0,64.0,3.1879115104675293,0.006683,[],workflow
task6_2,[90.0],None,task6,0,1.0,10957.0,166.0,7.227297067642212,0.0068564,[],workflow
task6_3,[100.0],None,task6,0,1.0,10957.0,64.0,8.74241328239441,0.006683,[],workflow
task6_4,[89.88888888888889],None,task6,0,1.0,10957.0,64.0,5.036917448043823,0.006683,[],workflow
task6_5,[93.0],None,task6,0,1.0,10957.0,64.0,5.589164972305298,0.006683,[],workflow
task6_6,[100.0],None,task6,0,1.0,10957.0,64.0,7.537493944168091,0.006683,[],workflow
task6_7,"**exception raised**: litellm.RateLimitError: RateLimitError: Together_aiException - We noticed too many requests from your account. We do our best to serve all requests, but due to high load, some bursty requests may not succeed. In this situation, we use your ""dynamic"" rate limit to properly classify errors for failed requests. Your dynamic rate limit is 0.5 RPM, while your current request rate is 1 RPM. Please refer to https://docs.together.ai/docs/rate-limits for more details about dynamic rate limits. If your workload is truly bursty, we recommend using batch or dedicated inference. For any further questions, please contact our sales team at https://www.together.ai/contact-sales.",None,task6,0,0.0,,,,,[],workflow
task6_8,[115.0],None,task6,0,1.0,10957.0,64.0,12.749965190887451,0.006683,[],workflow
task6_9,[108.0],None,task6,0,1.0,10957.0,57.0,15.352992296218872,0.006671099999999999,[],workflow
task6_10,[161.8],None,task6,0,1.0,10957.0,64.0,11.857758045196533,0.006683,[],workflow
task6_11,[118.0],None,task6,0,1.0,10957.0,64.0,3.6608269214630127,0.006683,[],workflow
task6_12,[188.0],None,task6,0,1.0,10957.0,64.0,2.9945361614227295,0.006683,[],workflow
task6_13,[116.15384615384616],None,task6,0,1.0,10957.0,167.0,15.408806324005127,0.006858099999999999,[],workflow
task6_14,[-1],None,task6,0,1.0,10957.0,268.0,9.286284923553467,0.007029799999999999,[],workflow
task6_15,[-1],None,task6,0,1.0,10957.0,153.0,5.714828968048096,0.0068343,[],workflow
task6_16,[90.0],None,task6,0,1.0,10957.0,64.0,2.505206346511841,0.006683,[],workflow
task6_17,[105.0],None,task6,0,1.0,10957.0,64.0,4.120206356048584,0.006683,[],workflow
task6_18,[127.0],None,task6,0,1.0,10957.0,64.0,4.0301899909973145,0.006683,[],workflow
task6_19,[87.0],None,task6,0,1.0,10957.0,64.0,4.5781636238098145,0.006683,[],workflow
task6_20,[168.85714285714286],None,task6,0,1.0,10957.0,178.0,5.242501735687256,0.006876799999999999,[],workflow
task6_21,[102.0],None,task6,0,1.0,10957.0,64.0,5.903010129928589,0.006683,[],workflow
task6_22,[97.0],None,task6,0,1.0,10957.0,58.0,2.6374728679656982,0.0066727999999999996,[],workflow
task6_23,[89.66666666666667],None,task6,0,1.0,10957.0,64.0,3.464327573776245,0.006683,[],workflow
task6_24,[90.0],None,task6,0,1.0,10957.0,158.0,6.74241304397583,0.0068428,[],workflow
task6_25,[94.33333333333333],None,task6,0,1.0,10957.0,64.0,24.60098123550415,0.006683,[],workflow
task6_26,[104.0],None,task6,0,1.0,10957.0,64.0,2.749494791030884,0.006683,[],workflow
task6_27,[245.0],None,task6,0,1.0,10957.0,64.0,3.2765090465545654,0.006683,[],workflow
task6_28,[108.0],None,task6,0,1.0,10957.0,51.0,5.05585789680481,0.006660899999999999,[],workflow
task6_29,[166.0],None,task6,0,1.0,10957.0,171.0,7.345351934432983,0.0068649,[],workflow
task6_30,[126.0],None,task6,0,1.0,10957.0,57.0,5.312801837921143,0.006671099999999999,[],workflow
task7_1,[123.0],None,task7,0,1.0,10851.0,66.0,4.404494285583496,0.0066228,[],workflow
task7_2,[87.0],None,task7,0,1.0,10851.0,66.0,9.04480266571045,0.0066228,[],workflow
task7_3,"**exception raised**: litellm.RateLimitError: RateLimitError: Together_aiException - We noticed too many requests from your account. We do our best to serve all requests, but due to high load, some bursty requests may not succeed. In this situation, we use your ""dynamic"" rate limit to properly classify errors for failed requests. Your dynamic rate limit is 0.5 RPM, while your current request rate is 1 RPM. Please refer to https://docs.together.ai/docs/rate-limits for more details about dynamic rate limits. If your workload is truly bursty, we recommend using batch or dedicated inference. For any further questions, please contact our sales team at https://www.together.ai/contact-sales.",None,task7,0,0.0,,,,,[],workflow
task7_4,[215.0],None,task7,0,1.0,10851.0,66.0,9.340285778045654,0.0066228,[],workflow
task7_5,[134.0],None,task7,0,1.0,10851.0,66.0,9.289777278900146,0.0066228,[],workflow
task7_6,[73.0],None,task7,0,1.0,10851.0,180.0,4.791506052017212,0.006816599999999999,[],workflow
task7_7,[110.0],None,task7,0,1.0,10851.0,66.0,2.525758981704712,0.0066228,[],workflow
task7_8,[97.0],None,task7,0,1.0,10851.0,66.0,18.290818691253662,0.0066228,[],workflow
task7_9,[109.0],None,task7,0,1.0,10851.0,184.0,5.392475128173828,0.0068234,[],workflow
task7_10,[94.0],None,task7,0,1.0,10851.0,66.0,3.0914230346679688,0.0066228,[],workflow
task7_11,[107.0],None,task7,0,1.0,10851.0,66.0,3.908781051635742,0.0066228,[],workflow
task7_12,[79.0],None,task7,0,1.0,10851.0,506.0,23.200973749160767,0.007370799999999999,[],workflow
task7_13,[161.0],None,task7,0,1.0,10851.0,158.0,6.568076133728027,0.006779199999999999,[],workflow
task7_14,[90.0],None,task7,0,1.0,10851.0,66.0,3.4703052043914795,0.0066228,[],workflow
task7_15,[81.0],None,task7,0,1.0,10851.0,66.0,3.3516006469726562,0.0066228,[],workflow
task7_16,[97.0],None,task7,0,1.0,10851.0,216.0,16.005870819091797,0.0068778,[],workflow
task7_17,[107.0],None,task7,0,1.0,10851.0,189.0,4.304285526275635,0.0068319,[],workflow
task7_18,[94.0],None,task7,0,1.0,10851.0,66.0,3.1205966472625732,0.0066228,[],workflow
task7_19,[190.0],None,task7,0,1.0,10851.0,66.0,2.207862615585327,0.0066228,[],workflow
task7_20,[85.0],None,task7,0,1.0,10851.0,213.0,8.041554927825928,0.006872699999999999,[],workflow
task7_21,[108.0],None,task7,0,1.0,10851.0,66.0,3.856126070022583,0.0066228,[],workflow
task7_22,[111.0],None,task7,0,1.0,10851.0,66.0,2.590712785720825,0.0066228,[],workflow
task7_23,[102.0],None,task7,0,1.0,10851.0,187.0,8.100698947906494,0.0068284999999999995,[],workflow
task7_24,[129.0],None,task7,0,1.0,10851.0,66.0,44.807010889053345,0.0066228,[],workflow
task7_25,[109.0],None,task7,0,1.0,10851.0,66.0,8.79427433013916,0.0066228,[],workflow
task7_26,[110.0],None,task7,0,1.0,10851.0,155.0,68.95540881156921,0.0067741,[],workflow
task7_27,[-1],None,task7,0,0.0,7350.0,35.0,12.112892150878906,0.0044694999999999995,[],workflow
task7_28,[140.0],None,task7,0,1.0,10851.0,66.0,5.559492826461792,0.0066228,[],workflow
task7_29,[110.0],None,task7,0,1.0,10851.0,66.0,5.935522794723511,0.0066228,[],workflow
task7_30,[85.0],None,task7,0,1.0,10851.0,66.0,5.374579429626465,0.0066228,[],workflow
task8_1,"**exception raised**: litellm.RateLimitError: RateLimitError: Together_aiException - We noticed too many requests from your account. We do our best to serve all requests, but due to high load, some bursty requests may not succeed. In this situation, we use your ""dynamic"" rate limit to properly classify errors for failed requests. Your dynamic rate limit is 0.75 RPM, while your current request rate is 1 RPM. Please refer to https://docs.together.ai/docs/rate-limits for more details about dynamic rate limits. If your workload is truly bursty, we recommend using batch or dedicated inference. For any further questions, please contact our sales team at https://www.together.ai/contact-sales.",None,task8,0,0.0,,,,,[],workflow
task8_2,[],None,task8,1,1.0,10954.0,376.0,34.0744743347168,0.0072116,"[{'url': 'http://localhost:8080/fhir/ServiceRequest', 'payload': {'resourceType': 'ServiceRequest', 'status': 'active', 'intent': 'order', 'priority': 'stat', 'code': {'coding': [{'system': 'http://snomed.info/sct', 'code': '306181000000106', 'display': 'orthopedic surgery referral'}]}, 'subject': {'reference': 'Patient/S1986380'}, 'authoredOn': '2023-11-13T10:15:00+00:00', 'note': {'text': 'Situation: acute left knee injury, Background: radiology report indicates ACL tear. Assessment: ACL tear grade II. Recommendation: request for Orthopedic service to evaluate and provide management recommendations.'}}}]",workflow
task8_3,[],None,task8,1,1.0,10954.0,109.0,30.090615272521973,0.0067577,"[{'url': 'http://localhost:8080/fhir/ServiceRequest', 'payload': {'resourceType': 'ServiceRequest', 'status': 'active', 'intent': 'order', 'priority': 'stat', 'code': {'coding': [{'system': 'http://snomed.info/sct', 'code': '306181000000106', 'display': 'orthopedic surgery referral'}]}, 'subject': {'reference': 'Patient/S1478444'}, 'authoredOn': '2023-11-13T10:15:00+00:00', 'note': {'text': 'Situation: acute left knee injury, Background: radiology report indicates ACL tear. Assessment: ACL tear grade II. Recommendation: request for Orthopedic service to evaluate and provide management recommendations.'}}}]",workflow
task8_4,[],None,task8,1,1.0,10954.0,245.0,16.27148199081421,0.006988899999999999,"[{'url': 'http://localhost:8080/fhir/ServiceRequest', 'payload': {'resourceType': 'ServiceRequest', 'status': 'active', 'intent': 'order', 'priority': 'stat', 'code': {'coding': [{'system': 'http://snomed.info/sct', 'code': '306181000000106', 'display': 'orthopedic surgery referral'}]}, 'subject': {'reference': 'Patient/S2748981'}, 'authoredOn': '2023-11-13T10:15:00+00:00', 'note': {'text': 'Situation: acute left knee injury, Background: radiology report indicates ACL tear. Assessment: ACL tear grade II. Recommendation: request for Orthopedic service to evaluate and provide management recommendations.'}}}]",workflow
task8_5,[],None,task8,1,1.0,10954.0,115.0,14.632012844085693,0.0067679,"[{'url': 'http://localhost:8080/fhir/ServiceRequest', 'payload': {'resourceType': 'ServiceRequest', 'status': 'active', 'intent': 'order', 'priority': 'stat', 'code': {'coding': [{'system': 'http://snomed.info/sct', 'code': '306181000000106', 'display': 'orthopedic surgery referral'}]}, 'subject': {'reference': 'Patient/S6550627'}, 'authoredOn': '2023-11-13T10:15:00+00:00', 'note': {'text': 'Situation: acute left knee injury, Background: radiology report indicates ACL tear. Assessment: ACL tear grade II. Recommendation: request for Orthopedic service to evaluate and provide management recommendations.'}}}]",workflow
task8_6,[],None,task8,1,1.0,10954.0,115.0,10.6394681930542,0.0067679,"[{'url': 'http://localhost:8080/fhir/ServiceRequest', 'payload': {'resourceType': 'ServiceRequest', 'status': 'active', 'intent': 'order', 'priority': 'stat', 'code': {'coding': [{'system': 'http://snomed.info/sct', 'code': '306181000000106', 'display': 'orthopedic surgery referral'}]}, 'subject': {'reference': 'Patient/S6212774'}, 'authoredOn': '2023-11-13T10:15:00+00:00', 'note': {'text': 'Situation: acute left knee injury, Background: radiology report indicates ACL tear. Assessment: ACL tear grade II. Recommendation: request for Orthopedic service to evaluate and provide management recommendations.'}}}]",workflow
task8_7,[],None,task8,1,1.0,10954.0,115.0,31.94176197052002,0.0067679,"[{'url': 'http://localhost:8080/fhir/ServiceRequest', 'payload': {'resourceType': 'ServiceRequest', 'status': 'active', 'intent': 'order', 'priority': 'stat', 'code': {'coding': [{'system': 'http://snomed.info/sct', 'code': '306181000000106', 'display': 'orthopedic surgery referral'}]}, 'subject': {'reference': 'Patient/S2863714'}, 'authoredOn': '2023-11-13T10:15:00+00:00', 'note': {'text': 'Situation: acute left knee injury, Background: radiology report indicates ACL tear. Assessment: ACL tear grade II. Recommendation: request for Orthopedic service to evaluate and provide management recommendations.'}}}]",workflow
task8_8,[],None,task8,1,1.0,10954.0,295.0,21.182210445404053,0.007073899999999999,"[{'url': 'http://localhost:8080/fhir/ServiceRequest', 'payload': {'resourceType': 'ServiceRequest', 'status': 'active', 'intent': 'order', 'priority': 'stat', 'code': {'coding': [{'system': 'http://snomed.info/sct', 'code': '306181000000106', 'display': 'orthopedic surgery referral'}]}, 'subject': {'reference': 'Patient/S6534835'}, 'authoredOn': '2023-11-13T10:15:00+00:00', 'note': {'text': 'Situation: acute left knee injury, Background: radiology report indicates ACL tear. Assessment: ACL tear grade II. Recommendation: request for Orthopedic service to evaluate and provide management recommendations.'}}}]",workflow
task8_9,[],None,task8,1,1.0,10954.0,231.0,23.234512329101562,0.0069651,"[{'url': 'http://localhost:8080/fhir/ServiceRequest', 'payload': {'resourceType': 'ServiceRequest', 'status': 'active', 'intent': 'order', 'priority': 'stat', 'code': {'coding': [{'system': 'http://snomed.info/sct', 'code': '306181000000106', 'display': 'orthopedic surgery referral'}]}, 'subject': {'reference': 'Patient/S1023381'}, 'authoredOn': '2023-11-13T10:15:00+00:00', 'note': {'text': 'Situation: acute left knee injury, Background: radiology report indicates ACL tear. Assessment: ACL tear grade II. Recommendation: request for Orthopedic service to evaluate and provide management recommendations.'}}}]",workflow
task8_10,[],None,task8,1,1.0,10954.0,334.0,29.090989112854004,0.007140199999999999,"[{'url': 'http://localhost:8080/fhir/ServiceRequest', 'payload': {'resourceType': 'ServiceRequest', 'status': 'active', 'intent': 'order', 'priority': 'stat', 'code': {'coding': [{'system': 'http://snomed.info/sct', 'code': '306181000000106', 'display': 'orthopedic surgery referral'}]}, 'subject': {'reference': 'Patient/S6415739'}, 'authoredOn': '2023-11-13T10:15:00+00:00', 'note': {'text': 'Situation: acute left knee injury, Background: radiology report indicates ACL tear. Assessment: ACL tear grade II. Recommendation: request for Orthopedic service to evaluate and provide management recommendations.'}}}]",workflow
task8_11,[],None,task8,1,1.0,10954.0,115.0,11.541343688964844,0.0067679,"[{'url': 'http://localhost:8080/fhir/ServiceRequest', 'payload': {'resourceType': 'ServiceRequest', 'status': 'active', 'intent': 'order', 'priority': 'stat', 'code': {'coding': [{'system': 'http://snomed.info/sct', 'code': '306181000000106', 'display': 'orthopedic surgery referral'}]}, 'subject': {'reference': 'Patient/S3114648'}, 'authoredOn': '2023-11-13T10:15:00+00:00', 'note': {'text': 'Situation: acute left knee injury, Background: radiology report indicates ACL tear. Assessment: ACL tear grade II. Recommendation: request for Orthopedic service to evaluate and provide management recommendations.'}}}]",workflow
task8_12,[],None,task8,1,1.0,10954.0,115.0,4.433531999588013,0.0067679,"[{'url': 'http://localhost:8080/fhir/ServiceRequest', 'payload': {'resourceType': 'ServiceRequest', 'status': 'active', 'intent': 'order', 'priority': 'stat', 'code': {'coding': [{'system': 'http://snomed.info/sct', 'code': '306181000000106', 'display': 'orthopedic surgery referral'}]}, 'subject': {'reference': 'Patient/S1521703'}, 'authoredOn': '2023-11-13T10:15:00+00:00', 'note': {'text': 'Situation: acute left knee injury, Background: radiology report indicates ACL tear. Assessment: ACL tear grade II. Recommendation: request for Orthopedic service to evaluate and provide management recommendations.'}}}]",workflow
task8_13,[],None,task8,1,1.0,10954.0,115.0,7.334192991256714,0.0067679,"[{'url': 'http://localhost:8080/fhir/ServiceRequest', 'payload': {'resourceType': 'ServiceRequest', 'status': 'active', 'intent': 'order', 'priority': 'stat', 'code': {'coding': [{'system': 'http://snomed.info/sct', 'code': '306181000000106', 'display': 'orthopedic surgery referral'}]}, 'subject': {'reference': 'Patient/S6547257'}, 'authoredOn': '2023-11-13T10:15:00+00:00', 'note': {'text': 'Situation: acute left knee injury, Background: radiology report indicates ACL tear. Assessment: ACL tear grade II. Recommendation: request for Orthopedic service to evaluate and provide management recommendations.'}}}]",workflow
task8_14,[],None,task8,1,1.0,10954.0,115.0,5.382898569107056,0.0067679,"[{'url': 'http://localhost:8080/fhir/ServiceRequest', 'payload': {'resourceType': 'ServiceRequest', 'status': 'active', 'intent': 'order', 'priority': 'stat', 'code': {'coding': [{'system': 'http://snomed.info/sct', 'code': '306181000000106', 'display': 'orthopedic surgery referral'}]}, 'subject': {'reference': 'Patient/S3241217'}, 'authoredOn': '2023-11-13T10:15:00+00:00', 'note': {'text': 'Situation: acute left knee injury, Background: radiology report indicates ACL tear. Assessment: ACL tear grade II. Recommendation: request for Orthopedic service to evaluate and provide management recommendations.'}}}]",workflow
task8_15,[],None,task8,1,1.0,10954.0,115.0,4.0879597663879395,0.0067679,"[{'url': 'http://localhost:8080/fhir/ServiceRequest', 'payload': {'resourceType': 'ServiceRequest', 'status': 'active', 'intent': 'order', 'priority': 'stat', 'code': {'coding': [{'system': 'http://snomed.info/sct', 'code': '306181000000106', 'display': 'orthopedic surgery referral'}]}, 'subject': {'reference': 'Patient/S6227720'}, 'authoredOn': '2023-11-13T10:15:00+00:00', 'note': {'text': 'Situation: acute left knee injury, Background: radiology report indicates ACL tear. Assessment: ACL tear grade II. Recommendation: request for Orthopedic service to evaluate and provide management recommendations.'}}}]",workflow
task8_16,[],None,task8,1,1.0,10954.0,115.0,5.004489183425903,0.0067679,"[{'url': 'http://localhost:8080/fhir/ServiceRequest', 'payload': {'resourceType': 'ServiceRequest', 'status': 'active', 'intent': 'order', 'priority': 'stat', 'code': {'coding': [{'system': 'http://snomed.info/sct', 'code': '306181000000106', 'display': 'orthopedic surgery referral'}]}, 'subject': {'reference': 'Patient/S6541609'}, 'authoredOn': '2023-11-13T10:15:00+00:00', 'note': {'text': 'Situation: acute left knee injury, Background: radiology report indicates ACL tear. Assessment: ACL tear grade II. Recommendation: request for Orthopedic service to evaluate and provide management recommendations.'}}}]",workflow
task8_17,[],None,task8,1,1.0,10954.0,272.0,7.874039888381958,0.007034799999999999,"[{'url': 'http://localhost:8080/fhir/ServiceRequest', 'payload': {'resourceType': 'ServiceRequest', 'status': 'active', 'intent': 'order', 'priority': 'stat', 'code': {'coding': [{'system': 'http://snomed.info/sct', 'code': '306181000000106', 'display': 'orthopedic surgery referral'}]}, 'subject': {'reference': 'Patient/S2111822'}, 'authoredOn': '2023-11-13T10:15:00+00:00', 'note': {'text': 'Situation: acute left knee injury, Background: radiology report indicates ACL tear. Assessment: ACL tear grade II. Recommendation: request for Orthopedic service to evaluate and provide management recommendations.'}}}]",workflow
task8_18,[],None,task8,1,1.0,10954.0,115.0,34.59417486190796,0.0067679,"[{'url': 'http://localhost:8080/fhir/ServiceRequest', 'payload': {'resourceType': 'ServiceRequest', 'status': 'active', 'intent': 'order', 'priority': 'stat', 'code': {'coding': [{'system': 'http://snomed.info/sct', 'code': '306181000000106', 'display': 'orthopedic surgery referral'}]}, 'subject': {'reference': 'Patient/S6426560'}, 'authoredOn': '2023-11-13T10:15:00+00:00', 'note': {'text': 'Situation: acute left knee injury, Background: radiology report indicates ACL tear. Assessment: ACL tear grade II. Recommendation: request for Orthopedic service to evaluate and provide management recommendations.'}}}]",workflow
task8_19,[],None,task8,1,1.0,10954.0,204.0,7.356873035430908,0.0069192,"[{'url': 'http://localhost:8080/fhir/ServiceRequest', 'payload': {'resourceType': 'ServiceRequest', 'status': 'active', 'intent': 'order', 'priority': 'stat', 'code': {'coding': [{'system': 'http://snomed.info/sct', 'code': '306181000000106', 'display': 'orthopedic surgery referral'}]}, 'subject': {'reference': 'Patient/S6530813'}, 'authoredOn': '2023-11-13T10:15:00+00:00', 'note': {'text': 'Situation: acute left knee injury, Background: radiology report indicates ACL tear. Assessment: ACL tear grade II. Recommendation: request for Orthopedic service to evaluate and provide management recommendations.'}}}]",workflow
task8_20,[],None,task8,1,0.0,10954.0,277.0,154.61524629592896,0.0070433,"[{'url': 'http://localhost:8080/fhir/ServiceRequest', 'payload': {'resourceType': 'ServiceRequest', 'status': 'active', 'intent': 'order', 'priority': 'stat', 'code': {'coding': [{'system': 'http://snomed.info/sct', 'code': '306181000000106', 'display': 'orthopedic surgery referral'}]}, 'subject': {'reference': 'Patient/S2197736'}, 'authoredOn': '2023-11-13T10:15:00+00:00', 'note': {'text': 'Situation: acute left knee injury, Background: radiology report indicates ACL tear. Assessment: MCL tear grade II. Recommendation: request for Orthopedic service to evaluate and provide management recommendations.'}}}]",workflow
task8_21,[],None,task8,1,1.0,10954.0,115.0,4.627540588378906,0.0067679,"[{'url': 'http://localhost:8080/fhir/ServiceRequest', 'payload': {'resourceType': 'ServiceRequest', 'status': 'active', 'intent': 'order', 'priority': 'stat', 'code': {'coding': [{'system': 'http://snomed.info/sct', 'code': '306181000000106', 'display': 'orthopedic surgery referral'}]}, 'subject': {'reference': 'Patient/S6330912'}, 'authoredOn': '2023-11-13T10:15:00+00:00', 'note': {'text': 'Situation: acute left knee injury, Background: radiology report indicates ACL tear. Assessment: ACL tear grade II. Recommendation: request for Orthopedic service to evaluate and provide management recommendations.'}}}]",workflow
task8_22,[],None,task8,1,1.0,10954.0,115.0,4.841395139694214,0.0067679,"[{'url': 'http://localhost:8080/fhir/ServiceRequest', 'payload': {'resourceType': 'ServiceRequest', 'status': 'active', 'intent': 'order', 'priority': 'stat', 'code': {'coding': [{'system': 'http://snomed.info/sct', 'code': '306181000000106', 'display': 'orthopedic surgery referral'}]}, 'subject': {'reference': 'Patient/S1715871'}, 'authoredOn': '2023-11-13T10:15:00+00:00', 'note': {'text': 'Situation: acute left knee injury, Background: radiology report indicates ACL tear. Assessment: ACL tear grade II. Recommendation: request for Orthopedic service to evaluate and provide management recommendations.'}}}]",workflow
task8_23,[],None,task8,1,1.0,10954.0,115.0,3.208432674407959,0.0067679,"[{'url': 'http://localhost:8080/fhir/ServiceRequest', 'payload': {'resourceType': 'ServiceRequest', 'status': 'active', 'intent': 'order', 'priority': 'stat', 'code': {'coding': [{'system': 'http://snomed.info/sct', 'code': '306181000000106', 'display': 'orthopedic surgery referral'}]}, 'subject': {'reference': 'Patient/S6545016'}, 'authoredOn': '2023-11-13T10:15:00+00:00', 'note': {'text': 'Situation: acute left knee injury, Background: radiology report indicates ACL tear. Assessment: ACL tear grade II. Recommendation: request for Orthopedic service to evaluate and provide management recommendations.'}}}]",workflow
task8_24,[],None,task8,1,1.0,10954.0,115.0,3.282641649246216,0.0067679,"[{'url': 'http://localhost:8080/fhir/ServiceRequest', 'payload': {'resourceType': 'ServiceRequest', 'status': 'active', 'intent': 'order', 'priority': 'stat', 'code': {'coding': [{'system': 'http://snomed.info/sct', 'code': '306181000000106', 'display': 'orthopedic surgery referral'}]}, 'subject': {'reference': 'Patient/S3032536'}, 'authoredOn': '2023-11-13T10:15:00+00:00', 'note': {'text': 'Situation: acute left knee injury, Background: radiology report indicates ACL tear. Assessment: ACL tear grade II. Recommendation: request for Orthopedic service to evaluate and provide management recommendations.'}}}]",workflow
task8_25,[],None,task8,1,1.0,10954.0,264.0,9.567549228668213,0.0070212,"[{'url': 'http://localhost:8080/fhir/ServiceRequest', 'payload': {'resourceType': 'ServiceRequest', 'status': 'active', 'intent': 'order', 'priority': 'stat', 'code': {'coding': [{'system': 'http://snomed.info/sct', 'code': '306181000000106', 'display': 'orthopedic surgery referral'}]}, 'subject': {'reference': 'Patient/S6192632'}, 'authoredOn': '2023-11-13T10:15:00+00:00', 'note': {'text': 'Situation: acute left knee injury, Background: radiology report indicates ACL tear. Assessment: ACL tear grade II. Recommendation: request for Orthopedic service to evaluate and provide management recommendations.'}}}]",workflow
task8_26,[],None,task8,1,1.0,10954.0,115.0,5.107788324356079,0.0067679,"[{'url': 'http://localhost:8080/fhir/ServiceRequest', 'payload': {'resourceType': 'ServiceRequest', 'status': 'active', 'intent': 'order', 'priority': 'stat', 'code': {'coding': [{'system': 'http://snomed.info/sct', 'code': '306181000000106', 'display': 'orthopedic surgery referral'}]}, 'subject': {'reference': 'Patient/S6549951'}, 'authoredOn': '2023-11-13T10:15:00+00:00', 'note': {'text': 'Situation: acute left knee injury, Background: radiology report indicates ACL tear. Assessment: ACL tear grade II. Recommendation: request for Orthopedic service to evaluate and provide management recommendations.'}}}]",workflow
task8_27,[],None,task8,1,1.0,10954.0,269.0,8.58896279335022,0.0070297,"[{'url': 'http://localhost:8080/fhir/ServiceRequest', 'payload': {'resourceType': 'ServiceRequest', 'status': 'active', 'intent': 'order', 'priority': 'stat', 'code': {'coding': [{'system': 'http://snomed.info/sct', 'code': '306181000000106', 'display': 'orthopedic surgery referral'}]}, 'subject': {'reference': 'Patient/S1579803'}, 'authoredOn': '2023-11-13T10:15:00+00:00', 'note': {'text': 'Situation: acute left knee injury, Background: radiology report indicates ACL tear. Assessment: ACL tear grade II. Recommendation: request for Orthopedic service to evaluate and provide management recommendations.'}}}]",workflow
task8_28,[],None,task8,1,1.0,10954.0,242.0,20.270184755325317,0.0069838,"[{'url': 'http://localhost:8080/fhir/ServiceRequest', 'payload': {'resourceType': 'ServiceRequest', 'status': 'active', 'intent': 'order', 'priority': 'stat', 'code': {'coding': [{'system': 'http://snomed.info/sct', 'code': '306181000000106', 'display': 'orthopedic surgery referral'}]}, 'subject': {'reference': 'Patient/S3236936'}, 'authoredOn': '2023-11-13T10:15:00+00:00', 'note': {'text': 'Situation: acute left knee injury, Background: radiology report indicates ACL tear. Assessment: ACL tear grade II. Recommendation: request for Orthopedic service to evaluate and provide management recommendations.'}}}]",workflow
task8_29,[],None,task8,1,0.0,10954.0,241.0,8.996623039245605,0.0069821,"[{'url': 'http://localhost:8080/fhir/ServiceRequest', 'payload': {'resourceType': 'ServiceRequest', 'status': 'active', 'intent': 'order', 'priority': 'stat', 'code': {'coding': [{'system': 'http://snomed.info/sct', 'code': '306181000000106', 'display': 'orthopedic surgery referral'}]}, 'subject': {'reference': 'Patient/S6307599'}, 'authoredOn': '2023-11-13T10:15:00+00:00', 'note': {'text': 'Situation: acute left knee injury, Background: radiology report indicates ACL tear. Assessment: MCL sprain grade II. Recommendation: request for Orthopedic service to evaluate and provide management recommendations.'}}}]",workflow
task8_30,[],None,task8,1,1.0,10954.0,115.0,13.129123210906982,0.0067679,"[{'url': 'http://localhost:8080/fhir/ServiceRequest', 'payload': {'resourceType': 'ServiceRequest', 'status': 'active', 'intent': 'order', 'priority': 'stat', 'code': {'coding': [{'system': 'http://snomed.info/sct', 'code': '306181000000106', 'display': 'orthopedic surgery referral'}]}, 'subject': {'reference': 'Patient/S0722219'}, 'authoredOn': '2023-11-13T10:15:00+00:00', 'note': {'text': 'Situation: acute left knee injury, Background: radiology report indicates ACL tear. Assessment: ACL tear grade II. Recommendation: request for Orthopedic service to evaluate and provide management recommendations.'}}}]",workflow
task9_1,[3.9],None,task9,0,1.0,11258.0,106.0,9.06608533859253,0.006935,[],workflow
task9_2,[3.8],None,task9,0,1.0,11258.0,266.0,9.151203155517578,0.007207,[],workflow
task9_3,[3.1],None,task9,2,0.0,11258.0,106.0,4.331557750701904,0.006935,"[{'url': 'http://localhost:8080/fhir/MedicationRequest', 'payload': {'resourceType': 'MedicationRequest', 'status': 'active', 'intent': 'order', 'medicationCodeableConcept': {'coding': [{'system': 'http://hl7.org/fhir/sid/ndc', 'code': '40032-917-01', 'display': 'replacement potassium'}], 'text': 'replacement potassium'}, 'subject': {'reference': 'Patient/S6550627'}, 'authoredOn': '2023-11-13T10:15:00+00:00', 'dosageInstruction': [{'doseAndRate': [{'doseQuantity': {'value': 40, 'unit': 'mEq'}}]}]}}, {'url': 'http://localhost:8080/fhir/ServiceRequest', 'payload': {'resourceType': 'ServiceRequest', 'status': 'active', 'intent': 'order', 'code': {'coding': [{'system': 'http://loinc.org', 'code': '2823-3', 'display': 'Potassium serum'}]}, 'subject': {'reference': 'Patient/S6550627'}, 'authoredOn': '2023-11-13T10:15:00+00:00', 'occurrenceDateTime': '2023-11-14T08:00:00+00:00'}}]",workflow
task9_4,[4.2],None,task9,0,1.0,11258.0,106.0,11.98077917098999,0.006935,[],workflow
task9_5,[5.1],None,task9,0,1.0,11258.0,99.0,4.0298011302948,0.0069231,[],workflow
task9_6,[4.3],None,task9,0,1.0,11258.0,251.0,6.935281991958618,0.0071815,[],workflow
task9_7,[5.4],None,task9,0,1.0,11258.0,252.0,17.07317566871643,0.007183200000000001,[],workflow
task9_8,[3.8],None,task9,0,1.0,11258.0,106.0,20.398386001586914,0.006935,[],workflow
task9_9,[3.8],None,task9,0,1.0,11258.0,106.0,15.922613143920898,0.006935,[],workflow
task9_10,[4.0],None,task9,0,1.0,11258.0,106.0,2.5865328311920166,0.006935,[],workflow
task9_11,[3.9],None,task9,0,1.0,11258.0,99.0,3.5254008769989014,0.0069231,[],workflow
task9_12,[4.0],None,task9,0,1.0,11258.0,106.0,2.583264112472534,0.006935,[],workflow
task9_13,[4.5],None,task9,0,1.0,11258.0,106.0,4.212961435317993,0.006935,[],workflow
task9_14,[3.7],None,task9,0,1.0,11258.0,258.0,6.589144706726074,0.0071934,[],workflow
task9_15,[3.9],None,task9,0,1.0,11258.0,106.0,73.34280610084534,0.006935,[],workflow
task9_16,[4.1],None,task9,0,1.0,11258.0,221.0,5.757792234420776,0.0071305,[],workflow
task9_17,[4.5],None,task9,0,1.0,11258.0,106.0,8.457322835922241,0.006935,[],workflow
task9_18,[3.6],None,task9,0,1.0,11258.0,230.0,8.175391912460327,0.0071458,[],workflow
task9_19,[3.5],None,task9,0,1.0,11258.0,106.0,3.5030291080474854,0.006935,[],workflow
task9_20,[3.8],None,task9,0,1.0,11258.0,252.0,5.987873315811157,0.007183200000000001,[],workflow
task9_21,[4.6],None,task9,0,1.0,11258.0,262.0,4.90609335899353,0.0072002,[],workflow
task9_22,[3.9],None,task9,0,1.0,11258.0,106.0,19.88969588279724,0.006935,[],workflow
task9_23,[4.3],None,task9,0,1.0,11258.0,106.0,43.0205934047699,0.006935,[],workflow
task9_24,[4.3],None,task9,0,1.0,11258.0,254.0,7.820602893829346,0.0071866,[],workflow
task9_25,[4.1],None,task9,0,1.0,11258.0,244.0,5.030670166015625,0.0071696,[],workflow
task9_26,[4.1],None,task9,0,1.0,11258.0,262.0,4.820035934448242,0.0072002,[],workflow
task9_27,[3.5],None,task9,0,1.0,11258.0,274.0,5.345261812210083,0.007220600000000001,[],workflow
task9_28,[],None,task9,0,1.0,11258.0,259.0,4.997779369354248,0.007195099999999999,[],workflow
task9_29,[3.6],None,task9,0,1.0,11258.0,238.0,4.425749778747559,0.0071594,[],workflow
task9_30,[3.8],None,task9,0,1.0,11258.0,223.0,8.92514681816101,0.0071339,[],workflow
task10_1,[-1],None,task10,0,0.0,11090.0,75.0,5.010020017623901,0.006781499999999999,[],workflow
task10_2,"[5.9, '2023-11-09T03:05:00+00:00']",None,task10,0,1.0,11090.0,81.0,2.1986441612243652,0.0067916999999999995,[],workflow
task10_3,[-1],None,task10,0,0.0,11090.0,81.0,2.3870840072631836,0.0067916999999999995,[],workflow
task10_4,"[5.4, '2023-08-01T20:29:00+00:00']",None,task10,0,1.0,11090.0,81.0,2.7673356533050537,0.0067916999999999995,[],workflow
task10_5,"[6.6, '2023-11-04T14:54:00+00:00']",None,task10,0,1.0,11090.0,234.0,9.699490070343018,0.0070518,[],workflow
task10_6,[-1],None,task10,0,0.0,11090.0,201.0,9.36813497543335,0.0069957000000000005,[],workflow
task10_7,[-1],None,task10,0,0.0,11090.0,232.0,6.947994709014893,0.0070484,[],workflow
task10_8,"[6.1, '2023-10-13T22:22:00+00:00']",None,task10,0,1.0,11090.0,216.0,4.974554061889648,0.0070212,[],workflow
task10_9,"[5.5, '2023-10-14T18:44:00+00:00']",None,task10,0,1.0,11090.0,286.0,16.245203733444214,0.007140199999999999,[],workflow
task10_10,[-1],None,task10,0,0.0,11090.0,207.0,7.398162841796875,0.0070059,[],workflow
task10_11,[-1],None,task10,0,0.0,11090.0,215.0,5.535082101821899,0.0070195,[],workflow
task10_12,[-1],None,task10,0,0.0,11090.0,81.0,11.2369966506958,0.0067916999999999995,[],workflow
task10_13,"[5.8, '2022-09-09T15:33:00+00:00']",None,task10,1,0.0,11090.0,234.0,3.965529441833496,0.0070518,"[{'url': 'http://localhost:8080/fhir/ServiceRequest', 'payload': {'resourceType': 'ServiceRequest', 'status': 'active', 'intent': 'order', 'code': {'coding': [{'system': 'http://loinc.org', 'code': '4548-4', 'display': 'HbA1C'}]}, 'subject': {'reference': 'Patient/S6521727'}, 'authoredOn': '2023-11-13T10:15:00+00:00'}}]",workflow
task10_14,"[4.8, '2022-05-18T22:03:00+00:00']",None,task10,1,0.0,11090.0,75.0,7.265721082687378,0.006781499999999999,"[{'url': 'http://localhost:8080/fhir/ServiceRequest', 'payload': {'resourceType': 'ServiceRequest', 'status': 'active', 'intent': 'order', 'code': {'coding': [{'system': 'http://loinc.org', 'code': '4548-4', 'display': 'HbA1C'}]}, 'subject': {'reference': 'Patient/S6541609'}, 'authoredOn': '2023-11-13T10:15:00+00:00'}}]",workflow
task10_15,"[5.7, '2023-07-07T11:27:00+00:00']",None,task10,0,1.0,11090.0,200.0,18.977034091949463,0.006994,[],workflow
task10_16,[-1],None,task10,0,0.0,11090.0,288.0,22.58907461166382,0.0071436,[],workflow
task10_17,"[5.0, '2023-11-09T10:06:00+00:00']",None,task10,0,1.0,11090.0,81.0,5.186647176742554,0.0067916999999999995,[],workflow
task10_18,"[5.9, '2023-11-12T06:19:00+00:00']",None,task10,0,1.0,11090.0,81.0,3.551039934158325,0.0067916999999999995,[],workflow
task10_19,"[5.9, '2023-09-22T22:28:00+00:00']",None,task10,0,1.0,11090.0,216.0,6.730456352233887,0.0070212,[],workflow
task10_20,"[6.5, '2022-03-08T08:14:00+00:00']",None,task10,1,0.0,11090.0,81.0,3.65372371673584,0.0067916999999999995,"[{'url': 'http://localhost:8080/fhir/ServiceRequest', 'payload': {'resourceType': 'ServiceRequest', 'status': 'active', 'intent': 'order', 'code': {'coding': [{'system': 'http://loinc.org', 'code': '4548-4', 'display': 'HbA1C'}]}, 'subject': {'reference': 'Patient/S0722219'}, 'authoredOn': '2023-11-13T10:15:00+00:00'}}]",workflow
task10_21,[-1],None,task10,0,0.0,11090.0,81.0,2.9322071075439453,0.0067916999999999995,[],workflow
task10_22,[-1],None,task10,0,0.0,11090.0,266.0,6.613265752792358,0.0071062,[],workflow
task10_23,[-1],None,task10,0,0.0,11090.0,81.0,2.7467539310455322,0.0067916999999999995,[],workflow
task10_24,"[5.2, '2022-08-09T15:33:00+00:00']",None,task10,1,0.0,11090.0,81.0,4.167309045791626,0.0067916999999999995,"[{'url': 'http://localhost:8080/fhir/ServiceRequest', 'payload': {'resourceType': 'ServiceRequest', 'status': 'active', 'intent': 'order', 'code': {'coding': [{'system': 'http://loinc.org', 'code': '4548-4', 'display': 'HbA1C'}]}, 'subject': {'reference': 'Patient/S6500497'}, 'authoredOn': '2023-11-13T10:15:00+00:00'}}]",workflow
task10_25,[-1],None,task10,0,0.0,11090.0,75.0,13.806527853012085,0.006781499999999999,[],workflow
task10_26,[-1],None,task10,0,0.0,11090.0,81.0,2.2969541549682617,0.0067916999999999995,[],workflow
task10_27,"[5.4, '2023-11-02T06:53:00+00:00']",None,task10,0,1.0,11090.0,81.0,2.6705129146575928,0.0067916999999999995,[],workflow
task10_28,"[7.4, '2023-06-27T23:25:00+00:00']",None,task10,0,1.0,11090.0,237.0,6.748337507247925,0.0070569,[],workflow
task10_29,"[6.2, '2023-11-09T00:17:00+00:00']",None,task10,0,1.0,11090.0,81.0,4.557876110076904,0.0067916999999999995,[],workflow
task10_30,"[8.3, '2023-10-30T13:10:00+00:00']",None,task10,0,1.0,11090.0,81.0,5.122909307479858,0.0067916999999999995,[],workflow
